date,t_hs,t_hs_set,water_pressure,t_dhw,t_dhw_set,t_return,flow_rate,status_pump,runtime_comp,runtime_pump,posmix,qboh,qchhp,qsc,qch,qwp,qdhw,tvbh2,tliq2,tr2,ta2,tdhw2,mode,pump,ehs,bpv,t_v1,t_dhw1,t_vbh,t_outdoor_ot1,t_r1,v1,heat_slope,t_dhw_setpoint1,t_dhw_setpoint2,t_dhw_setpoint3,hyst_hp,t_ext,t_hc_set,t_hc,duration
2023-01-02 21:07:18.029700,29.7,0.0,1.242,46.1,48.0,21.5,0,0,1702,2787,0,13,0,0,8420,11229,2843,30.5,14.5,21.5,40.0,46.1,0,0,0,100,29.7,46.1,30.7,9.7,21.5,0,0.3,48.0,48.0,48.0,7.0,10.0,42.0,30.8,0:00:08.462178
2023-01-02 21:07:48.311878,29.7,0.0,1.241,46.1,48.0,21.5,0,0,1702,2787,0,13,0,0,8420,11229,2843,31.2,14.5,21.5,40.0,46.1,0,0,0,100,29.7,46.1,31.1,9.8,21.5,0,0.3,48.0,48.0,48.0,7.0,10.0,42.0,31.1,0:00:08.258306
2023-01-02 21:08:18.769995,29.7,0.0,1.241,46.1,48.0,21.5,0,0,1702,2787,0,13,0,0,8420,11229,2843,30.9,14.5,21.5,40.0,46.1,0,0,0,100,29.7,46.1,30.8,9.7,21.5,0,0.3,48.0,48.0,48.0,7.0,10.0,42.0,30.7,0:00:08.434232
2023-01-02 21:08:49.276019,29.7,0.0,1.24,46.1,48.0,21.5,0,0,1702,2787,0,13,0,0,8420,11229,2843,30.7,14.0,21.5,40.0,46.1,0,0,0,100,29.7,46.1,30.7,9.7,21.5,0,0.3,48.0,48.0,48.0,7.0,10.0,42.0,30.7,0:00:08.482160
2023-01-02 21:09:20.038079,29.7,0.0,1.242,46.1,48.0,21.5,0,0,1702,2787,0,13,0,0,8420,11229,2843,30.9,14.0,21.5,40.0,46.1,0,0,0,100,29.7,46.1,30.9,9.8,21.5,0,0.3,48.0,48.0,48.0,7.0,10.0,42.0,31.0,0:00:08.738480
2023-01-02 21:09:51.535924,29.7,0.0,1.241,46.1,48.0,21.5,0,0,1702,2787,0,13,0,0,8420,11229,2843,30.7,14.5,21.5,40.0,46.1,0,0,0,100,29.7,46.1,30.7,9.8,21.5,0,0.3,48.0,48.0,48.0,7.0,10.0,42.0,30.6,0:00:09.473910
2023-01-02 21:10:22.073956,29.7,0.0,1.242,46.1,48.0,21.5,0,0,1702,2787,0,13,0,0,8420,11229,2843,31.0,14.3,21.5,40.0,46.1,0,0,0,100,29.7,46.1,31.0,9.8,21.5,0,0.3,48.0,48.0,48.0,7.0,10.0,42.0,31.1,0:00:09.515467
2023-01-02 21:10:54.835561,29.7,0.0,1.238,46.1,48.0,21.5,0,0,1702,2787,0,13,0,0,8420,11229,2843,30.8,14.0,21.5,40.0,46.1,0,0,0,100,29.7,46.1,30.9,9.9,21.5,0,0.3,48.0,48.0,48.0,7.0,10.0,42.0,30.9,0:00:11.738796
2023-01-02 21:11:28.285093,29.7,0.0,1.238,46.1,48.0,21.5,0,0,1702,2787,0,13,0,0,8420,11229,2843,30.8,14.0,21.5,40.0,46.1,0,0,0,100,29.7,46.1,30.8,9.9,21.5,0,0.3,48.0,48.0,48.0,7.0,10.0,42.0,30.8,0:00:14.429770
2023-01-02 21:11:58.279229,29.7,0.0,1.239,46.1,48.0,21.5,0,0,1702,2787,0,13,0,0,8420,11229,2843,30.7,14.0,21.5,40.0,46.1,0,0,0,100,29.7,46.1,30.9,9.8,21.5,0,0.3,48.0,48.0,48.0,7.0,10.0,42.0,31.0,0:00:13.988770
2023-01-02 21:12:28.273479,29.7,0.0,1.24,46.1,48.0,21.5,0,0,1702,2787,0,13,0,0,8420,11229,2843,30.8,14.0,21.5,40.0,46.1,0,0,0,100,29.7,46.1,30.7,9.7,21.5,0,0.3,48.0,48.0,48.0,7.0,10.0,42.0,30.6,0:00:13.976831
2023-01-02 21:12:59.275323,29.7,0.0,1.24,46.1,48.0,21.5,0,0,1702,2787,0,13,0,0,8420,11229,2843,30.7,14.0,21.5,40.0,46.1,0,0,0,100,29.7,46.1,30.8,9.7,21.5,0,0.3,48.0,48.0,48.0,7.0,10.0,42.0,30.7,0:00:13.983742
2023-01-02 21:13:29.285451,29.7,0.0,1.239,46.1,48.0,21.5,0,0,1702,2787,0,13,0,0,8420,11229,2843,30.6,14.0,21.5,40.0,46.1,0,0,0,100,29.7,46.1,30.6,9.7,21.5,0,0.3,48.0,48.0,48.0,7.0,10.0,42.0,30.6,0:00:13.992729
2023-01-02 21:13:59.279642,29.7,0.0,1.241,46.1,48.0,21.5,0,0,1702,2787,0,13,0,0,8420,11229,2843,30.5,14.0,21.5,40.0,46.1,0,0,0,100,29.7,46.1,30.5,9.7,21.5,0,0.3,48.0,48.0,48.0,7.0,10.0,42.0,30.6,0:00:13.976624
2023-01-02 21:14:30.297647,29.7,0.0,1.24,46.1,48.0,21.5,0,0,1702,2787,0,13,0,0,8420,11229,2843,30.6,14.0,21.5,40.0,46.1,0,0,0,100,29.7,46.1,30.8,9.7,21.5,0,0.3,48.0,48.0,48.0,7.0,10.0,42.0,30.9,0:00:13.999398
2023-01-02 21:15:00.275839,29.7,0.0,1.24,46.1,48.0,21.5,0,0,1702,2787,0,13,0,0,8420,11229,2843,30.3,14.0,21.5,40.0,46.1,0,0,0,100,29.7,46.1,30.4,9.7,21.5,0,0.3,48.0,48.0,48.0,7.0,10.0,42.0,30.4,0:00:13.960701
2023-01-02 21:15:31.293685,29.7,0.0,1.242,46.1,48.0,21.5,0,0,1702,2787,0,13,0,0,8420,11229,2843,30.3,14.0,21.5,40.0,46.1,0,0,0,100,29.7,46.1,30.4,9.7,21.5,0,0.3,48.0,48.0,48.0,7.0,10.0,42.0,30.5,0:00:13.999275
2023-01-02 21:16:01.287759,29.7,0.0,1.24,46.1,48.0,21.5,0,0,1702,2787,0,13,0,0,8420,11229,2843,30.5,14.0,21.5,40.0,46.1,0,0,0,100,29.7,46.1,30.5,9.7,21.5,0,0.3,48.0,48.0,48.0,7.0,10.0,42.0,30.7,0:00:13.976646
2023-01-02 21:16:32.289670,29.7,0.0,1.24,46.1,48.0,21.5,0,0,1702,2787,0,13,0,0,8420,11229,2843,30.2,14.0,21.5,40.0,46.1,0,0,0,100,29.7,46.1,30.4,9.8,21.5,0,0.3,48.0,48.0,48.0,7.0,10.0,42.0,30.5,0:00:13.981796
2023-01-02 21:17:02.283838,29.7,0.0,1.242,46.1,48.0,21.5,0,0,1702,2787,0,13,0,0,8420,11229,2843,30.6,14.0,21.5,40.0,46.1,0,0,0,100,29.7,46.1,30.8,9.8,21.5,0,0.3,48.0,48.0,48.0,7.0,10.0,42.0,30.9,0:00:13.974882
2023-01-02 21:17:33.285947,29.7,0.0,1.241,46.1,48.0,21.5,0,0,1702,2787,0,13,0,0,8420,11229,2843,30.5,14.0,21.5,40.0,46.0,0,0,0,100,29.7,46.1,30.5,9.9,21.5,0,0.3,48.0,48.0,48.0,7.0,10.0,42.0,30.3,0:00:13.982230
2023-01-02 21:18:03.921477,29.7,0.0,1.241,46.1,48.0,21.5,0,0,1702,2787,0,13,0,0,8420,11229,2843,30.4,14.0,21.5,40.0,46.1,0,0,0,100,29.7,46.1,30.5,9.9,21.5,0,0.3,48.0,48.0,None,None,None,None,None,0:00:13.617304
2023-01-02 21:18:34.650156,29.7,0.0,1.241,46.0,48.0,21.5,0,0,1702,2787,0,13,0,0,8420,11229,2843,30.7,14.0,21.5,40.0,46.1,0,0,0,100,29.7,46.0,30.6,9.9,21.5,0,0.3,48.0,48.0,48.0,7.0,10.0,42.0,30.5,0:00:13.710105
2023-01-02 21:19:05.780267,29.7,0.0,1.242,46.0,48.0,21.5,0,0,1702,2787,0,13,0,0,8420,11229,2843,30.6,14.0,21.5,40.0,46.1,0,0,0,100,29.7,46.1,30.5,9.8,21.5,0,0.3,48.0,48.0,48.0,7.0,10.0,42.0,30.6,0:00:14.111518
2023-01-02 21:19:35.646598,29.7,0.0,1.239,46.0,48.0,21.5,0,0,1702,2787,0,13,0,0,8420,11229,2843,30.7,14.0,21.5,40.0,46.1,0,0,0,100,29.7,46.1,30.5,9.8,21.5,0,0.3,48.0,48.0,48.0,7.0,10.0,42.0,30.5,0:00:13.848853
2023-01-02 21:20:06.296687,29.6,0.0,1.241,46.1,48.0,21.5,0,0,1702,2787,0,13,0,0,8420,11229,2843,30.2,14.0,21.5,40.0,46.1,0,0,0,100,29.6,46.1,30.6,9.9,21.5,0,0.3,48.0,48.0,48.0,7.0,9.9,42.0,30.6,0:00:13.631488
2023-01-02 21:20:36.978842,29.6,0.0,1.241,46.0,48.0,21.5,0,0,1702,2787,0,13,0,0,8420,11229,2843,30.8,14.0,21.5,40.0,46.1,0,0,0,100,29.6,46.1,30.7,9.8,21.5,0,0.3,48.0,48.0,48.0,7.0,9.9,42.0,30.6,0:00:13.664770
2023-01-02 21:21:07.660935,29.6,0.0,1.241,46.1,48.0,21.5,0,0,1702,2787,0,13,0,0,8420,11229,2843,30.4,14.0,21.5,40.0,46.0,0,0,0,100,29.6,46.0,30.3,9.8,21.5,0,0.3,48.0,48.0,48.0,7.0,9.9,42.0,30.2,0:00:13.663510
2023-01-02 21:21:38.343184,29.6,0.0,1.241,46.1,48.0,21.5,0,0,1702,2787,0,13,0,0,8420,11229,2843,30.4,14.0,21.5,40.0,46.0,0,0,0,100,29.6,46.0,30.3,9.8,21.5,0,0.3,48.0,48.0,48.0,7.0,9.9,42.0,30.2,0:00:13.663792
2023-01-02 21:22:08.993223,29.6,0.0,1.242,46.1,48.0,21.5,0,0,1702,2787,0,13,0,0,8420,11229,2843,30.3,14.0,21.5,40.0,46.1,0,0,0,100,29.6,46.1,30.4,9.9,21.5,0,0.3,48.0,48.0,48.0,7.0,9.9,42.0,30.7,0:00:13.631338
2023-01-02 21:22:39.659337,29.6,0.0,1.239,46.1,48.0,21.5,0,0,1702,2787,0,13,0,0,8420,11229,2843,30.5,14.0,21.5,40.0,46.1,0,0,0,100,29.6,46.1,30.4,9.9,21.5,0,0.3,48.0,48.0,48.0,7.0,9.9,42.0,30.8,0:00:13.647414
2023-01-02 21:23:10.325442,29.6,0.0,1.24,46.0,48.0,21.5,0,0,1702,2787,0,13,0,0,8420,11229,2843,30.8,14.0,21.5,40.0,46.0,0,0,0,100,29.6,46.0,30.8,9.9,21.5,0,0.3,48.0,48.0,48.0,7.0,9.9,42.0,30.7,0:00:13.647908
2023-01-02 21:23:41.007634,29.6,0.0,1.243,46.0,48.0,21.5,0,0,1702,2787,0,13,0,0,8420,11229,2843,30.8,14.0,21.5,40.0,46.0,0,0,0,100,29.6,46.0,30.7,9.9,21.5,0,0.3,48.0,48.0,48.0,7.0,9.9,42.0,31.0,0:00:13.663580
2023-01-02 21:24:11.673683,29.6,0.0,1.241,46.0,48.0,21.5,0,0,1702,2787,0,13,0,0,8420,11229,2843,30.7,14.0,21.5,40.0,46.0,0,0,0,100,29.6,46.0,30.7,9.9,21.5,0,0.3,48.0,48.0,48.0,7.0,9.9,42.0,30.8,0:00:13.642150
2023-01-02 21:24:42.355697,29.6,0.0,1.24,46.1,48.0,21.5,0,0,1702,2787,0,13,0,0,8420,11229,2843,30.8,14.0,21.5,40.0,46.0,0,0,0,100,29.6,46.1,30.7,9.9,21.5,0,0.3,48.0,48.0,48.0,7.0,9.9,42.0,30.7,0:00:13.661986
2023-01-02 21:25:12.989758,29.6,0.0,1.241,45.9,48.0,21.5,0,0,1702,2787,0,13,0,0,8420,11229,2843,30.4,14.0,21.5,40.0,45.9,0,0,0,100,29.6,46.0,30.4,9.9,21.5,0,0.3,48.0,48.0,48.0,7.0,9.9,42.0,30.5,0:00:13.613962
2023-01-02 21:25:43.687887,29.6,0.0,1.24,45.9,48.0,21.5,0,0,1702,2787,0,13,0,0,8420,11229,2843,30.5,14.0,21.5,40.0,45.9,0,0,0,100,29.6,46.0,30.5,9.9,21.5,0,0.3,48.0,48.0,48.0,7.0,9.9,42.0,30.4,0:00:13.678115
2023-01-02 21:26:15.281834,29.5,0.0,1.243,45.9,48.0,21.5,0,0,1702,2787,0,13,0,0,8420,11229,2843,30.9,14.0,21.5,40.0,46.0,0,0,0,100,29.5,46.0,30.8,10.0,21.5,0,0.3,48.0,48.0,48.0,7.0,9.9,42.0,30.6,0:00:14.575901
2023-01-02 21:26:45.020388,29.5,0.0,1.241,46.0,48.0,21.5,0,0,1702,2787,0,13,0,0,8420,11229,2843,30.2,14.0,21.5,40.0,45.9,0,0,0,100,29.5,46.0,30.2,10.0,21.5,0,0.3,48.0,48.0,48.0,7.0,9.9,42.0,30.1,0:00:13.720531
2023-01-02 21:27:15.910141,29.5,0.0,1.241,46.0,48.0,21.5,0,0,1702,2787,0,13,0,0,8420,11229,2843,30.4,14.0,21.5,40.0,46.0,0,0,0,100,29.5,46.0,30.5,10.0,21.5,0,0.3,48.0,48.0,48.0,7.0,9.9,42.0,30.4,0:00:13.869637
2023-01-02 21:27:46.960142,29.5,0.0,1.239,46.0,48.0,21.5,0,0,1702,2787,0,13,0,0,8420,11229,2843,30.4,14.0,21.5,40.0,45.9,0,0,0,100,29.6,46.0,30.3,9.9,21.5,0,0.3,48.0,48.0,48.0,7.0,9.9,42.0,30.7,0:00:14.029990
2023-01-02 21:28:16.618374,None,None,None,None,None,None,None,None,None,2787,0,13,0,0,8420,11229,2843,30.5,14.0,21.5,40.0,45.9,0,0,0,100,29.5,46.0,30.5,10.0,21.5,0,0.3,48.0,48.0,48.0,7.0,9.9,42.0,30.8,0:00:13.651813
2023-01-02 21:28:47.620385,29.5,0.0,1.241,46.0,48.0,21.5,0,0,1702,2787,0,13,0,0,8420,11229,2843,30.5,14.0,21.5,40.0,45.9,0,0,0,100,29.5,46.0,30.5,10.0,21.5,0,0.3,48.0,48.0,48.0,7.0,9.9,42.0,30.4,0:00:13.978793
2023-01-02 21:29:18.622436,29.5,0.0,1.238,46.0,48.0,21.5,0,0,1702,2787,0,13,0,0,8420,11229,2843,30.0,14.0,21.5,40.0,45.9,0,0,0,100,29.5,46.0,30.1,10.0,21.5,0,0.3,48.0,48.0,48.0,7.0,9.9,42.0,30.2,0:00:13.980712
2023-01-02 21:29:49.624503,29.5,0.0,1.239,46.0,48.0,21.5,0,0,1702,2787,0,13,0,0,8420,11229,2843,30.8,14.0,21.5,40.0,45.9,0,0,0,100,29.5,46.0,30.9,10.0,21.5,0,0.3,48.0,48.0,48.0,7.0,9.9,42.0,30.8,0:00:13.984310
2023-01-02 21:30:19.634650,29.5,0.0,1.242,45.9,48.0,21.5,0,0,1702,2787,0,13,0,0,8420,11229,2843,30.6,14.0,21.5,40.0,45.9,0,0,0,100,29.5,46.0,30.7,10.0,21.5,0,0.3,48.0,48.0,48.0,7.0,10.0,42.0,30.6,0:00:13.991217
2023-01-02 21:30:49.628852,29.5,0.0,1.241,45.9,48.0,21.5,0,0,1702,2787,0,13,0,0,8420,11229,2843,31.0,14.0,21.5,40.0,45.9,0,0,0,100,29.5,45.9,31.1,10.0,21.5,0,0.3,48.0,48.0,48.0,7.0,10.0,42.0,31.2,0:00:13.975255
2023-01-02 21:31:20.630765,29.5,0.0,1.241,46.0,48.0,21.5,0,0,1702,2787,0,13,0,0,8420,11229,2843,30.5,14.0,21.5,40.0,46.0,0,0,0,100,29.5,46.0,30.5,10.0,21.5,0,0.3,48.0,48.0,48.0,7.0,10.0,42.0,30.5,0:00:13.979185
2023-01-02 21:31:51.312778,29.5,0.0,1.242,45.9,48.0,21.5,0,0,1702,2787,0,13,0,0,8420,11229,2843,30.6,14.0,21.5,40.0,46.0,0,0,0,100,29.5,45.9,30.9,9.9,21.5,0,0.3,48.0,48.0,48.0,7.0,10.0,42.0,30.8,0:00:13.661708
2023-01-02 21:32:22.666368,29.5,0.0,1.24,45.9,48.0,21.5,0,0,1702,2787,0,13,0,0,8420,11229,2843,30.5,14.0,21.5,40.0,46.0,0,0,0,100,29.5,46.0,30.4,9.9,21.5,0,0.3,48.0,48.0,48.0,7.0,10.0,42.0,30.4,0:00:14.334923
2023-01-02 21:32:52.308151,29.5,0.0,1.241,45.9,48.0,21.5,0,0,1702,2787,0,13,0,0,8420,11229,2843,31.3,14.0,21.5,40.0,45.9,0,0,0,100,29.5,45.9,31.3,9.9,21.5,0,0.3,48.0,48.0,48.0,7.0,10.0,42.0,31.2,0:00:13.624770
2023-01-02 21:33:22.957976,29.5,0.0,1.241,45.9,48.0,21.5,0,0,1702,2787,0,13,0,0,8420,11229,2843,30.6,14.0,21.5,40.0,45.9,0,0,0,100,29.5,45.9,30.6,9.8,21.5,0,0.3,48.0,48.0,48.0,7.0,10.0,42.0,30.6,0:00:13.629186
2023-01-02 21:33:53.655961,29.5,0.0,1.242,45.9,48.0,21.5,0,0,1702,2787,0,13,0,0,8420,11229,2843,30.7,14.0,21.5,40.0,46.0,0,0,0,100,29.5,45.9,30.6,9.7,21.5,0,0.3,48.0,48.0,48.0,7.0,10.0,42.0,30.5,0:00:13.680234
2023-01-02 21:34:24.321953,29.5,0.0,1.24,45.9,48.0,21.5,0,0,1702,2787,0,13,0,0,8420,11229,2843,30.3,14.0,21.5,40.0,45.9,0,0,0,100,29.5,45.9,30.3,9.8,21.5,0,0.3,48.0,48.0,48.0,7.0,10.0,42.0,30.3,0:00:13.647438
2023-01-02 21:34:55.004222,29.5,0.0,1.241,45.9,48.0,21.5,0,0,1702,2787,0,13,0,0,8420,11229,2843,30.4,14.0,21.5,40.0,45.9,0,0,0,100,29.5,46.0,30.5,9.8,21.5,0,0.3,48.0,48.0,48.0,7.0,10.0,42.0,30.5,0:00:13.663800
2023-01-02 21:35:25.654265,29.5,0.0,1.24,45.9,48.0,21.5,0,0,1702,2787,0,13,0,0,8420,11229,2843,31.3,14.0,21.5,40.0,46.0,0,0,0,100,29.5,45.9,31.4,9.8,21.5,0,0.3,48.0,48.0,48.0,7.0,9.9,42.0,31.2,0:00:13.633152
2023-01-02 21:35:56.320347,29.5,0.0,1.242,46.0,48.0,21.5,0,0,1702,2787,0,13,0,0,8420,11229,2843,31.1,14.0,21.5,40.0,45.9,0,0,0,100,29.5,45.9,31.3,9.8,21.5,0,0.3,48.0,48.0,48.0,7.0,9.9,42.0,31.5,0:00:13.648295
2023-01-02 21:36:27.002528,29.5,0.0,1.24,45.9,48.0,21.5,0,0,1702,2787,0,13,0,0,8420,11229,2843,31.0,14.0,21.5,40.0,45.9,0,0,0,100,29.5,45.9,31.0,9.8,21.5,0,0.3,48.0,48.0,48.0,7.0,9.9,42.0,30.9,0:00:13.663758
2023-01-02 21:36:57.652780,29.5,0.0,1.241,45.9,48.0,21.5,0,0,1702,2787,0,13,0,0,8420,11229,2843,30.6,14.0,21.5,40.0,45.9,0,0,0,100,29.5,45.9,30.6,9.9,21.5,0,0.3,48.0,48.0,48.0,7.0,9.9,42.0,30.7,0:00:13.632196
2023-01-02 21:37:28.334754,29.5,0.0,1.24,46.0,48.0,21.0,0,0,1702,2787,0,13,0,0,8420,11229,2843,30.7,14.0,21.5,40.0,45.9,0,0,0,100,29.5,45.9,30.8,9.9,21.5,0,0.3,48.0,48.0,48.0,7.0,9.9,42.0,31.0,0:00:13.663487
2023-01-02 21:37:59.032673,29.5,0.0,1.241,45.9,48.0,21.5,0,0,1702,2787,0,13,0,0,8420,11229,2843,30.6,14.0,21.5,40.0,45.9,0,0,0,100,29.5,45.9,30.5,10.0,21.5,0,0.3,48.0,48.0,48.0,7.0,9.9,42.0,30.5,0:00:13.681597
2023-01-02 21:38:29.698668,29.5,0.0,1.24,45.9,48.0,21.5,0,0,1702,2787,0,13,0,0,8420,11229,2843,30.6,14.0,21.0,40.0,46.0,0,0,0,100,29.5,45.9,30.7,10.0,21.0,0,0.3,48.0,48.0,48.0,7.0,9.9,42.0,30.6,0:00:13.649460
2023-01-02 21:39:00.348798,29.5,0.0,1.241,45.9,48.0,21.5,0,0,1702,2787,0,13,0,0,8420,11229,2843,30.5,14.0,21.0,40.0,45.9,0,0,0,100,29.5,45.9,30.5,10.0,21.0,0,0.3,48.0,48.0,48.0,7.0,9.9,42.0,30.5,0:00:13.631428
2023-01-02 21:39:31.014856,29.5,0.0,1.243,45.9,48.0,21.0,0,0,1702,2787,0,13,0,0,8420,11229,2843,31.1,14.0,21.0,40.0,45.9,0,0,0,100,29.5,45.9,31.0,10.0,21.0,0,0.3,48.0,48.0,48.0,7.0,9.9,42.0,30.9,0:00:13.647622
2023-01-02 21:40:01.904989,29.5,0.0,1.241,45.9,48.0,21.0,0,0,1702,2787,0,13,0,0,8420,11229,2843,30.5,14.0,21.0,40.0,45.9,0,0,0,100,29.5,46.0,30.5,10.0,21.0,0,0.3,48.0,48.0,48.0,7.0,9.9,42.0,30.8,0:00:13.871614
2023-01-02 21:40:32.954969,29.5,0.0,1.241,45.9,48.0,21.5,0,0,1702,2787,0,13,0,0,8420,11229,2843,30.8,14.0,21.5,40.0,45.9,0,0,0,100,29.5,45.9,30.7,10.0,21.5,0,0.3,48.0,48.0,48.0,7.0,9.9,42.0,30.6,0:00:14.032239
2023-01-02 21:41:02.917172,29.5,0.0,1.24,45.9,48.0,21.0,0,0,1702,2787,0,13,0,0,8420,11229,2843,30.3,14.0,21.0,40.0,45.9,0,0,0,100,29.5,45.9,30.3,10.0,21.5,0,0.3,48.0,48.0,48.0,7.0,9.9,42.0,30.3,0:00:13.945199
2023-01-02 21:41:33.951069,29.5,0.0,1.241,45.9,48.0,21.1,0,0,1702,2787,0,13,0,0,8420,11229,2843,30.3,14.0,21.5,40.0,45.9,0,0,0,100,29.5,45.9,30.3,10.0,21.5,0,0.3,48.0,48.0,48.0,7.0,9.9,42.0,30.2,0:00:14.015941
2023-01-02 21:42:03.945279,29.5,0.0,1.24,45.9,48.0,21.0,0,0,1702,2787,0,13,0,0,8420,11229,2843,30.5,14.0,21.5,40.0,45.9,0,0,0,100,29.5,45.9,30.5,10.0,21.0,0,0.3,48.0,48.0,48.0,7.0,9.9,42.0,30.5,0:00:13.976927
2023-01-02 21:42:34.979360,29.5,0.0,1.24,45.9,48.0,21.0,0,0,1702,2787,0,13,0,0,8420,11229,2843,30.5,14.0,21.0,40.0,45.9,0,0,0,100,29.5,45.9,30.5,10.0,21.0,0,0.3,48.0,48.0,48.0,7.0,9.9,42.0,30.5,0:00:14.015490
2023-01-02 21:43:04.957435,29.5,0.0,1.239,45.9,48.0,21.0,0,0,1702,2787,0,13,0,0,8420,11229,2843,30.6,14.0,21.0,40.0,45.9,0,0,0,100,29.5,45.9,30.6,10.0,21.0,0,0.3,48.0,48.0,48.0,7.0,9.9,42.0,30.5,0:00:13.962727
2023-01-02 21:43:35.959469,29.5,0.0,1.24,45.9,48.0,21.0,0,0,1702,2787,0,13,0,0,8420,11229,2843,31.3,14.0,21.0,40.0,45.9,0,0,0,100,29.5,45.9,31.1,10.0,21.0,0,0.3,48.0,48.0,48.0,7.0,9.9,42.0,30.7,0:00:13.977836
2023-01-02 21:44:06.641590,29.5,0.0,1.244,45.9,48.0,21.5,0,0,1702,2787,0,13,0,0,8420,11229,2843,30.3,14.0,21.0,40.0,46.0,0,0,0,100,29.5,45.9,30.3,10.0,21.0,0,0.3,48.0,48.0,48.0,7.0,9.9,42.0,30.4,0:00:13.663953
2023-01-02 21:44:37.307701,29.5,0.0,1.242,45.9,48.0,21.0,0,0,1702,2787,0,13,0,0,8420,11229,2843,30.5,14.0,21.0,40.0,45.9,0,0,0,100,29.6,45.9,30.5,10.0,21.0,0,0.3,48.0,48.0,48.0,7.0,9.9,42.0,30.4,0:00:13.648855
2023-01-02 21:45:07.973821,29.5,0.0,1.241,45.9,48.0,21.0,0,0,1702,2787,0,13,0,0,8420,11229,2843,30.5,14.0,21.0,40.0,45.9,0,0,0,100,29.5,45.9,30.5,10.0,21.0,0,0.3,48.0,48.0,48.0,7.0,10.0,42.0,30.5,0:00:13.648270
2023-01-02 21:45:38.639894,29.5,0.0,1.24,45.9,48.0,21.0,0,0,1702,2787,0,13,0,0,8420,11229,2843,30.7,14.0,21.0,40.0,45.9,0,0,0,100,29.5,46.0,30.6,10.0,21.0,0,0.3,48.0,48.0,48.0,7.0,10.0,42.0,30.5,0:00:13.648151
2023-01-02 21:46:09.321983,29.5,0.0,1.242,45.9,48.0,21.0,0,0,1702,2787,0,13,0,0,8420,11229,2843,30.5,14.0,21.0,40.0,45.9,0,0,0,100,29.5,45.9,30.5,10.0,21.0,0,0.3,48.0,48.0,48.0,7.0,10.0,42.0,30.5,0:00:13.664255
2023-01-02 21:46:39.988069,29.5,0.0,1.241,45.9,48.0,21.0,0,0,1702,2787,0,13,0,0,8420,11229,2843,30.9,14.0,21.0,40.0,45.9,0,0,0,100,29.5,45.9,30.9,10.0,21.0,0,0.3,48.0,48.0,48.0,7.0,10.0,42.0,30.8,0:00:13.646405
2023-01-02 21:47:11.645852,29.5,0.0,1.241,45.9,48.0,21.0,0,0,1702,2787,0,13,0,0,8420,11229,2843,30.5,14.0,21.0,40.0,45.9,0,0,0,100,29.5,45.9,30.5,10.0,21.0,0,0.3,48.0,48.0,48.0,7.0,10.0,42.0,30.4,0:00:14.634107
2023-01-02 21:47:41.304016,29.5,0.0,1.241,45.9,48.0,21.0,0,0,1702,2787,0,13,0,0,8420,11229,2843,30.4,14.0,21.0,40.0,45.9,0,0,0,100,29.5,45.9,30.3,10.0,21.0,0,0.3,48.0,48.0,48.0,7.0,10.0,42.0,30.3,0:00:13.641031
2023-01-02 21:48:12.130096,29.5,0.0,1.241,45.9,48.0,21.0,0,0,1702,2787,0,13,None,None,None,None,None,None,None,None,None,None,0,0,0,100,29.5,45.9,30.5,10.0,21.0,0,0.3,48.0,48.0,48.0,7.0,10.0,42.0,30.4,0:00:13.807510
2023-01-02 21:48:42.668246,29.5,0.0,1.241,45.9,48.0,21.0,0,0,1702,2787,0,13,0,0,8420,11229,2843,30.3,14.0,21.0,40.0,45.9,0,0,0,100,29.5,45.9,30.2,10.0,21.0,0,0.3,48.0,48.0,48.0,7.0,10.0,42.0,30.2,0:00:13.519514
2023-01-02 21:49:13.158379,29.5,0.0,1.241,45.9,48.0,21.0,0,0,1702,2787,0,13,0,0,8420,11229,2843,30.0,14.0,21.0,40.0,45.9,0,0,0,100,29.5,45.9,29.9,10.0,21.0,0,0.3,48.0,48.0,48.0,7.0,10.0,42.0,29.9,0:00:13.471599
2023-01-02 21:49:43.664356,29.5,0.0,1.241,45.9,48.0,21.0,0,0,1702,2787,0,13,0,0,8420,11229,2843,30.2,14.0,21.0,40.0,45.9,0,0,0,100,29.5,45.9,30.2,10.0,21.0,0,0.3,48.0,48.0,48.0,7.0,10.0,42.0,30.2,0:00:13.487350
2023-01-02 21:50:14.186453,29.5,0.0,1.241,45.9,48.0,21.0,0,0,1702,2787,0,13,0,0,8420,11229,2843,30.4,14.0,21.0,40.0,45.9,0,0,0,100,29.5,45.9,30.3,10.0,21.0,0,0.3,48.0,48.0,48.0,7.0,10.0,42.0,30.3,0:00:13.503527
2023-01-02 21:50:44.676517,29.5,0.0,1.241,45.9,48.0,21.0,0,0,1702,2787,0,13,0,0,8420,11229,2843,30.1,14.0,21.0,40.0,45.9,0,0,0,100,29.5,45.9,30.3,10.0,21.0,0,0.3,48.0,48.0,48.0,7.0,10.0,42.0,30.3,0:00:13.471483
2023-01-02 21:51:15.198511,29.5,0.0,1.245,45.9,48.0,21.0,0,0,1702,2787,0,13,0,0,8420,11229,2843,30.3,14.0,21.0,40.0,45.9,0,0,0,100,29.5,45.9,30.1,10.0,21.0,0,0.3,48.0,48.0,48.0,7.0,10.0,42.0,30.0,0:00:13.503422
2023-01-02 21:51:45.912621,29.5,0.0,1.242,45.9,48.0,21.0,0,0,1702,2787,0,13,0,0,8420,11229,2843,30.2,14.0,21.0,40.0,45.9,0,0,0,100,29.5,45.9,30.2,10.0,21.0,0,0.3,48.0,48.0,48.0,7.0,10.0,42.0,30.3,0:00:13.695884
2023-01-02 21:52:16.674675,29.5,0.0,1.241,45.9,48.0,21.0,0,0,1702,2787,0,13,0,0,8420,11229,2843,30.4,14.0,21.0,40.0,45.9,0,0,0,100,29.5,45.9,30.4,10.0,21.0,0,0.3,48.0,48.0,48.0,7.0,10.0,42.0,30.3,0:00:13.744228
2023-01-02 21:52:47.468389,29.5,0.0,1.241,45.9,48.0,21.0,0,0,1702,2787,0,13,0,0,8420,11229,2843,30.0,14.0,21.0,40.0,45.9,0,0,0,100,29.5,45.9,29.9,10.0,21.0,0,0.3,48.0,48.0,48.0,7.0,10.0,42.0,29.9,0:00:13.774129
2023-01-02 21:53:18.821647,29.5,0.0,1.239,45.9,48.0,21.0,0,0,1702,2787,0,13,0,0,8420,11229,2843,30.3,14.0,21.0,40.0,45.9,0,0,0,100,29.5,45.9,30.2,10.0,21.0,0,0.3,48.0,48.0,48.0,7.0,10.0,42.0,30.1,0:00:14.333047
2023-01-02 21:53:49.183678,29.5,0.0,1.241,45.9,48.0,21.0,0,0,1702,2787,0,13,0,0,8420,11229,2843,30.3,14.0,21.0,40.0,45.9,0,0,0,100,29.5,45.9,30.1,10.0,21.0,0,0.3,48.0,48.0,48.0,7.0,10.0,42.0,30.1,0:00:14.344240
2023-01-02 21:54:19.481793,29.5,0.0,1.242,45.9,48.0,21.0,0,0,1702,2787,0,13,0,0,8420,11229,2843,30.1,14.0,21.0,40.0,45.9,0,0,0,100,29.5,45.9,30.2,10.0,21.0,0,0.3,48.0,48.0,48.0,7.0,10.0,42.0,30.2,0:00:14.279273
2023-01-02 21:54:49.411996,29.5,0.0,1.241,45.9,48.0,21.0,0,0,1702,2787,0,13,0,0,8420,11229,2843,29.9,14.0,21.0,40.0,45.9,0,0,0,100,29.5,45.9,29.9,10.0,21.0,0,0.3,48.0,48.0,48.0,7.0,10.0,42.0,30.2,0:00:13.914425
2023-01-02 21:55:20.141995,29.5,0.0,1.242,45.9,48.0,21.0,0,0,1702,2787,0,13,0,0,8420,11229,2843,30.5,14.0,21.0,40.0,45.9,0,0,0,100,29.5,45.9,30.4,10.0,21.0,0,0.3,48.0,48.0,48.0,7.0,10.0,42.0,30.5,0:00:13.711868
2023-01-02 21:55:51.143980,29.5,0.0,1.241,45.9,48.0,21.0,0,0,1702,2787,0,13,0,0,8420,11229,2843,30.3,14.0,21.0,40.0,45.9,0,0,0,100,29.5,45.9,30.4,10.0,21.0,0,0.3,48.0,48.0,48.0,7.0,10.0,42.0,30.4,0:00:13.982211
2023-01-02 21:56:22.145629,29.5,0.0,1.242,45.9,48.0,21.0,0,0,1702,2787,0,13,0,0,8420,11229,2843,30.5,14.0,21.0,40.0,45.9,0,0,0,100,29.5,45.9,30.5,10.0,21.0,0,0.3,48.0,48.0,48.0,7.0,10.0,42.0,30.4,0:00:13.983531
2023-01-02 21:56:52.827683,29.5,0.0,1.243,45.9,48.0,21.0,0,0,1702,2787,0,13,0,0,8420,11229,2843,30.9,14.0,21.0,40.0,45.9,0,0,0,100,29.5,45.9,31.0,10.0,21.0,0,0.3,48.0,48.0,48.0,7.0,10.0,42.0,30.9,0:00:13.664784
2023-01-02 21:57:23.685708,29.5,0.0,1.24,45.9,48.0,21.0,0,0,1702,2787,0,13,0,0,8420,11229,2843,30.3,14.0,21.0,40.0,45.9,0,0,0,100,29.5,45.9,30.5,10.0,21.0,0,0.3,48.0,48.0,48.0,7.0,10.0,42.0,30.5,0:00:13.840141
2023-01-02 21:57:54.351776,29.5,0.0,1.242,45.9,48.0,21.0,0,0,1702,2787,0,13,0,0,8420,11229,2843,30.8,14.0,21.0,40.0,45.9,0,0,0,100,29.5,45.9,30.8,10.0,21.0,0,0.3,48.0,48.0,48.0,7.0,10.0,42.0,30.9,0:00:13.647609
2023-01-02 21:58:25.017846,29.5,0.0,1.243,45.9,48.0,21.0,0,0,1702,2787,0,13,0,0,8420,11229,2843,30.5,14.0,21.0,40.0,45.9,0,0,0,100,29.5,45.9,30.5,10.0,21.0,0,0.3,48.0,48.0,48.0,7.0,10.0,42.0,30.5,0:00:13.648501
2023-01-02 21:58:55.699904,29.5,0.0,1.24,45.9,48.0,21.0,0,0,1702,2787,0,13,0,0,8420,11229,2843,30.5,14.0,21.0,40.0,45.9,0,0,0,100,29.5,45.9,30.5,10.0,21.0,0,0.3,48.0,48.0,48.0,7.0,10.0,42.0,30.5,0:00:13.664332
2023-01-02 21:59:26.349782,29.4,0.0,1.241,45.9,48.0,21.0,0,0,1702,2787,0,13,0,0,8420,11229,2843,30.6,14.0,21.0,40.0,45.9,0,0,0,100,29.4,45.9,30.6,10.0,21.0,0,0.3,48.0,48.0,48.0,7.0,10.0,42.0,30.6,0:00:13.632039
2023-01-02 21:59:57.032045,29.4,0.0,1.241,45.9,48.0,21.0,0,0,1702,2787,0,13,0,0,8420,11229,2843,30.4,14.0,21.0,40.0,45.9,0,0,0,100,29.4,45.9,30.4,10.0,21.0,0,0.3,48.0,48.0,48.0,7.0,10.0,42.0,30.8,0:00:13.664330
2023-01-02 22:00:28.034037,29.4,0.0,1.242,45.9,48.0,21.0,0,0,1702,2787,0,13,0,0,8420,11229,2843,30.8,14.0,21.0,40.0,45.9,0,0,0,100,29.4,45.9,30.8,10.0,21.0,0,0.3,48.0,48.0,48.0,7.0,10.0,42.0,30.7,0:00:13.984181
2023-01-02 22:00:57.708232,29.4,0.0,1.24,45.9,48.0,21.0,0,0,1702,2787,0,13,0,0,8420,11229,2843,30.9,14.0,21.0,40.0,45.9,0,0,0,100,29.4,45.9,31.0,10.0,21.0,0,0.3,48.0,48.0,48.0,7.0,10.0,42.0,31.0,0:00:13.657057
2023-01-02 22:01:28.358256,29.4,0.0,1.243,45.9,48.0,21.0,0,0,1702,2787,0,13,0,0,8420,11229,2843,31.2,14.0,21.0,40.0,45.9,0,0,0,100,29.4,45.9,31.1,10.0,21.0,0,0.3,48.0,48.0,48.0,7.0,10.0,42.0,31.0,0:00:13.632502
2023-01-02 22:01:59.040254,29.4,0.0,1.242,45.9,48.0,21.0,0,0,1702,2787,0,13,0,0,8420,11229,2843,31.2,14.0,21.0,40.0,45.9,0,0,0,100,29.4,45.9,31.2,10.0,21.0,0,0.3,48.0,48.0,48.0,7.0,10.0,42.0,31.1,0:00:13.663406
2023-01-02 22:02:29.706309,29.4,0.0,1.24,45.9,48.0,21.0,0,0,1702,2787,0,13,0,0,8420,11229,2843,31.2,14.0,21.0,40.0,45.9,0,0,0,100,29.4,45.9,31.3,10.0,21.0,0,0.3,48.0,48.0,48.0,7.0,10.0,42.0,31.3,0:00:13.647324
2023-01-02 22:03:00.372388,29.4,0.0,1.242,45.9,48.0,21.0,0,0,1702,2787,0,13,0,0,8420,11229,2843,30.6,14.0,21.0,40.0,45.9,0,0,0,100,29.4,45.9,30.5,10.0,21.0,0,0.3,48.0,48.0,48.0,7.0,10.0,42.0,30.5,0:00:13.647538
2023-01-02 22:03:31.054368,29.4,0.0,1.242,45.9,48.0,21.0,0,0,1702,2787,0,13,0,0,8420,11229,2843,31.0,14.0,21.0,40.0,45.9,0,0,0,100,29.4,45.9,31.1,10.0,21.0,0,0.3,48.0,48.0,48.0,7.0,10.0,42.0,31.1,0:00:13.664550
2023-01-02 22:04:01.720398,29.4,0.0,1.242,45.9,48.0,21.0,0,0,1702,2787,0,13,0,0,8420,11229,2843,30.8,14.0,21.0,40.0,45.9,0,0,0,100,29.4,45.9,30.8,10.0,21.0,0,0.3,48.0,48.0,48.0,7.0,10.0,42.0,30.6,0:00:13.647383
2023-01-02 22:04:32.610448,29.4,0.0,1.241,45.9,48.0,21.0,0,0,1702,2787,0,13,0,0,8420,11229,2843,30.7,14.0,21.0,40.0,45.9,0,0,0,100,29.4,45.9,31.0,10.0,21.0,0,0.3,48.0,48.0,48.0,7.0,10.0,42.0,31.2,0:00:13.871492
2023-01-02 22:05:03.612371,29.4,0.0,1.242,45.9,48.0,21.0,0,0,1702,2787,0,13,0,0,8420,11229,2843,31.2,14.0,21.0,40.0,45.9,0,0,0,100,29.4,45.9,31.1,10.0,21.0,0,0.3,48.0,48.0,48.0,7.0,10.0,42.0,31.1,0:00:13.983316
2023-01-02 22:05:33.606512,29.4,0.0,1.24,45.9,48.0,21.0,0,0,1702,2787,0,13,0,0,8420,11229,2843,30.6,14.0,21.0,40.0,45.9,0,0,0,100,29.4,45.9,30.6,10.0,21.0,0,0.3,48.0,48.0,48.0,7.0,10.0,42.0,30.6,0:00:13.976603
2023-01-02 22:06:04.656317,29.4,0.0,1.242,45.9,48.0,21.0,0,0,1702,2787,0,13,0,0,8420,11229,2843,31.2,14.0,21.0,40.0,45.9,0,0,0,100,29.4,45.9,31.2,10.0,21.0,0,0.3,48.0,48.0,48.0,7.0,10.0,42.0,31.0,0:00:14.032072
2023-01-02 22:06:34.650593,29.4,0.0,1.24,45.9,48.0,21.0,0,0,1702,2787,0,13,0,0,8420,11229,2843,30.8,14.0,21.0,40.0,45.9,0,0,0,100,29.4,45.9,30.8,10.0,21.0,0,0.3,48.0,48.0,48.0,7.0,10.0,42.0,30.8,0:00:13.978398
2023-01-02 22:07:05.636465,29.5,0.0,1.24,45.9,48.0,21.0,0,0,1702,2787,0,13,0,0,8420,11229,2843,30.6,14.0,21.0,40.0,45.9,0,0,0,100,29.5,45.9,30.5,10.0,21.0,0,0.3,48.0,48.0,48.0,7.0,10.0,42.0,30.6,0:00:13.967272
2023-01-02 22:07:36.654623,29.5,0.0,1.242,45.9,48.0,21.0,0,0,1702,2787,0,13,0,0,8420,11229,2843,30.6,14.0,21.0,40.0,45.9,0,0,0,100,29.5,45.9,30.6,10.0,21.0,0,0.3,48.0,48.0,48.0,7.0,10.0,42.0,30.6,0:00:14.000502