local_time,inverter.total_active_energy,inverter.grid_frequency,inverter.heat_sink_temp,inverter.igbt_module_temp,inverter.pv1_voltage,inverter.pv2_voltage,inverter.grid_v_l1_n,inverter.grid_v_l2_n,inverter.grid_v_l1_l2,inverter.inverter_v_l1_n,inverter.inverter_v_l2_n,inverter.load_v_l1,inverter.load_v_l2,inverter.grid_l1_power,inverter.grid_l2_power,inverter.grid_power,inverter.grid_ct_power,inverter.inverter_l1_power,inverter.inverter_l2_power,inverter.inverter_power,inverter.load_l1_power,inverter.load_l2_power,inverter.load_power,inverter.battery_temp,inverter.battery_voltage,inverter.battery_soc,inverter.pv1_power,inverter.pv2_power,inverter.battery_power,house.voltage,house.active-power,house.frequency,house.import-active-energy,house.export-active-energy,house.total-active-energy,heat-pump.voltage,heat-pump.active-power,heat-pump.frequency,heat-pump.import-active-energy,heat-pump.export-active-energy,heat-pump.total-active-energy,pv.voltage,pv.active-power,pv.frequency,pv.import-active-energy,pv.export-active-energy,pv.total-active-energy,daikin.T-mandata,daikin.T-mandata-SET,daikin.Pressione,daikin.T-ACS,daikin.T-ACS-SET,daikin.T-ritorno,daikin.Pompa-flusso,daikin.Tempo-compr,daikin.Tempo-pompa,daikin.Valvola-DHW,daikin.Termostato,daikin.E-ACS-BUH,daikin.E-risc-BUH,daikin.E-risc,daikin.E-totale,daikin.E-ACS,daikin.T-refrigerante,daikin.Modo-operativo,daikin.P-BUH,daikin.Valvola-B1,daikin.E-totale-elettrica,daikin.T-AU,daikin.T-est,daikin.T-mandata-CR-SET,daikin.Pompa-percentuale,daikin.T-mandata-CR
2023-02-16T23:17:59.759759,8939110.4,49.96,61.2,37.2,5.1,4.5,239.2,0.0,239.2,239.2,0.0,246.7,0.0,-0.177,0.0,0.02,0.02,0.192,0.0,0.192,0.212,0.0,0.212,22.1,53.1,75.0,0.0,0.0,0.238,240.39999389648438,0.1558000030517578,49.95000076293945,479.9830017089844,0.010999999940395355,479.9939880371094,240.5,0.017,50.0,899.7830200195312,0.0,899.7830200195312,240.8000030517578,0.16230000305175782,49.95000076293945,760.2849731445312,14.5600004196167,774.844970703125,32.3,0.0,1.348,45.2,48.0,31.6,0,2495,2739,0,255,199,31,16426,20504,4275,29.3,0,0,100,4983,7.5,8.2,34.0,-32768,41.7
2023-02-16T23:18:29.399136,8939110.4,49.98,61.2,37.2,5.1,4.5,239.1,0.0,239.1,239.1,0.0,246.2,0.0,-0.177,0.0,0.02,0.02,0.192,0.0,0.192,0.212,0.0,0.212,22.1,53.1,75.0,0.0,0.0,0.238,240.3000030517578,0.15560000610351563,50.0,479.9840087890625,0.010999999940395355,479.9949951171875,240.1999969482422,0.017100000381469728,50.0,899.7830200195312,0.0,899.7830200195312,240.89999389648438,0.16130000305175782,49.95000076293945,760.2869873046875,14.5600004196167,774.8469848632812,32.4,0.0,1.347,45.3,48.0,31.6,0,2495,2739,0,255,199,31,16426,20504,4275,29.3,0,0,100,4983,7.5,8.2,34.0,-32768,41.6
2023-02-16T23:18:59.931540,8939110.4,50.0,61.2,37.2,5.1,4.5,239.7,0.0,239.7,239.8,0.0,247.4,0.0,-0.177,0.0,0.02,0.02,0.192,0.0,0.192,0.212,0.0,0.212,22.1,53.1,75.0,0.0,0.0,0.239,240.89999389648438,0.14919999694824218,49.95000076293945,479.9849853515625,0.010999999940395355,479.9960021972656,240.6999969482422,0.017299999237060548,50.0,899.7830200195312,0.0,899.7830200195312,244.0,0.1661999969482422,50.0,760.2880249023438,14.5600004196167,774.8480224609375,32.3,0.0,1.348,45.2,48.0,31.6,0,2495,2739,0,255,199,31,16426,20504,4275,29.3,0,0,100,4983,7.5,8.2,34.0,-32768,41.6
2023-02-16T23:19:30.541694,8939110.4,50.0,61.2,37.2,5.2,4.6,244.6,0.0,244.6,244.6,0.0,252.0,0.0,-0.181,0.0,0.019,0.019,0.196,0.0,0.196,0.215,0.0,0.215,22.1,53.1,75.0,0.0,0.0,0.242,244.89999389648438,0.158,50.0,479.98699951171875,0.010999999940395355,479.99798583984375,239.89999389648438,0.017100000381469728,50.0,899.7830200195312,0.0,899.7830200195312,239.10000610351562,0.1625,50.040000915527344,760.2890014648438,14.5600004196167,774.8489990234375,32.4,0.0,1.349,45.3,48.0,31.5,0,2495,2739,0,255,199,31,16426,20504,4275,29.3,0,0,100,4983,7.5,8.2,34.0,-32768,41.4
2023-02-16T23:20:01.070039,8945664.0,50.0,61.2,37.2,5.1,4.5,237.6,0.0,237.6,237.6,0.0,245.1,0.0,-0.113,0.0,0.019,0.019,0.129,0.0,0.129,0.148,0.0,0.148,22.1,53.12,75.0,0.0,0.0,0.175,237.5,0.09080000305175781,50.040000915527344,479.9880065917969,0.010999999940395355,479.9989929199219,238.6999969482422,0.017299999237060548,50.0,899.7830200195312,0.0,899.7830200195312,239.0,0.098,50.0,760.2899780273438,14.5600004196167,774.8499755859375,32.3,0.0,1.348,45.3,48.0,31.5,0,2495,2739,0,255,199,31,16426,20504,4275,29.2,0,0,100,4983,7.5,8.2,34.0,-32768,41.7
2023-02-16T23:20:31.589878,8945664.0,50.01,61.2,37.2,5.1,4.5,237.9,0.0,237.9,237.9,0.0,245.5,0.0,-0.113,0.0,0.02,0.02,0.129,0.0,0.129,0.149,0.0,0.149,22.1,53.12,75.0,0.0,0.0,0.175,238.6999969482422,0.09169999694824219,50.0,479.9880065917969,0.010999999940395355,479.9989929199219,238.6999969482422,0.017200000762939455,50.0,899.7830200195312,0.0,899.7830200195312,239.10000610351562,0.09819999694824219,50.0,760.291015625,14.5600004196167,774.8510131835938,32.3,0.0,1.346,45.2,48.0,31.5,0,2495,2739,0,255,199,31,16426,20504,4275,29.2,0,0,100,4983,7.5,8.2,34.0,-32768,41.7
2023-02-16T23:21:02.224589,8945664.0,50.01,61.2,37.2,5.1,4.5,238.4,0.0,238.4,238.4,0.0,245.6,0.0,-0.112,0.0,0.021,0.021,0.128,0.0,0.128,0.149,0.0,0.149,22.1,53.13,75.0,0.0,0.0,0.173,239.3000030517578,0.09180000305175781,50.040000915527344,479.989013671875,0.010999999940395355,480.0,239.10000610351562,0.017200000762939455,50.0,899.7830200195312,0.0,899.7830200195312,238.8000030517578,0.09669999694824219,50.0,760.2919921875,14.5600004196167,774.8519897460938,32.3,0.0,1.348,45.3,48.0,31.5,0,2495,2739,0,255,199,31,16426,20504,4275,29.2,0,0,100,4983,7.5,8.2,34.0,-32768,41.5
2023-02-16T23:21:32.781389,8945664.0,50.03,61.2,37.2,5.1,4.5,238.4,0.0,238.4,238.5,0.0,245.8,0.0,-0.111,0.0,0.019,0.019,0.128,0.0,0.128,0.147,0.0,0.147,22.1,53.13,75.0,0.0,0.0,0.174,238.60000610351562,0.0919000015258789,50.0,479.989990234375,0.010999999940395355,480.0010070800781,238.6999969482422,0.017200000762939455,50.0,899.7839965820312,0.0,899.7839965820312,238.5,0.09780000305175782,50.0,760.2930297851562,14.5600004196167,774.85302734375,32.3,0.0,1.349,45.2,48.0,31.5,0,2495,2739,0,255,199,31,16426,20504,4275,29.2,0,0,100,4983,7.5,8.2,34.0,-32768,41.9
2023-02-16T23:22:03.318017,8945664.0,50.01,61.2,37.2,5.1,4.5,237.2,0.0,237.2,237.2,0.0,244.6,0.0,-0.112,0.0,0.019,0.019,0.128,0.0,0.128,0.147,0.0,0.147,22.1,53.13,75.0,0.0,0.0,0.174,238.6999969482422,0.09219999694824219,50.040000915527344,479.9909973144531,0.010999999940395355,480.00201416015625,238.6999969482422,0.017200000762939455,50.0,899.7839965820312,0.0,899.7839965820312,238.89999389648438,0.0985,50.0,760.2930297851562,14.5600004196167,774.85400390625,32.3,0.0,1.349,45.3,48.0,31.5,0,2495,2739,0,255,199,31,16426,20504,4275,29.2,0,0,100,4983,7.5,8.2,34.0,-32768,41.7
2023-02-16T23:22:33.780462,8945664.0,50.01,61.2,37.2,5.1,4.6,240.4,0.0,240.4,240.4,0.0,248.6,0.0,-0.113,0.0,0.02,0.02,0.13,0.0,0.13,0.15,0.0,0.15,22.1,53.12,75.0,0.0,0.0,0.177,241.0,0.09230000305175781,50.040000915527344,479.99200439453125,0.010999999940395355,480.00299072265625,240.1999969482422,0.017100000381469728,50.0,899.7839965820312,0.0,899.7839965820312,240.8000030517578,0.09919999694824219,50.040000915527344,760.2940063476562,14.5600004196167,774.85400390625,32.3,0.0,1.348,45.3,48.0,31.5,0,2495,2739,0,255,199,31,16426,20504,4275,29.2,0,0,100,4983,7.5,8.2,34.0,-32768,41.7
2023-02-16T23:23:04.140917,8945664.0,50.03,61.2,37.2,5.1,4.5,240.1,0.0,240.1,240.1,0.0,247.8,0.0,-0.105,0.0,0.02,0.02,0.123,0.0,0.123,0.143,0.0,0.143,22.1,53.13,75.0,0.0,0.0,0.171,241.5,0.09419999694824219,50.040000915527344,479.99200439453125,0.010999999940395355,480.00299072265625,241.10000610351562,0.017299999237060548,50.040000915527344,899.7839965820312,0.0,899.7839965820312,240.6999969482422,0.1015999984741211,50.040000915527344,760.2949829101562,14.5600004196167,774.85498046875,32.3,0.0,1.348,45.3,48.0,31.5,0,2495,2739,0,255,199,31,16426,20504,4275,29.2,0,0,100,4983,7.5,8.2,34.0,-32768,41.7
2023-02-16T23:23:34.488892,8945664.0,50.01,61.2,37.2,5.1,4.5,239.3,0.0,239.3,239.4,0.0,246.5,0.0,-0.112,0.0,0.02,0.02,0.129,0.0,0.129,0.149,0.0,0.149,22.1,53.13,75.0,0.0,0.0,0.175,240.3000030517578,0.0919000015258789,50.0,479.9930114746094,0.010999999940395355,480.0039978027344,239.60000610351562,0.017200000762939455,50.0,899.7839965820312,0.0,899.7839965820312,240.39999389648438,0.0980999984741211,50.0,760.2960205078125,14.5600004196167,774.8560180664062,32.3,0.0,1.348,45.3,48.0,31.5,0,2495,2739,0,255,199,31,16426,20504,4275,29.2,0,0,100,4983,7.5,8.2,34.0,-32768,41.7
2023-02-16T23:24:04.853202,8945664.0,50.01,61.2,37.2,5.1,4.5,238.7,0.0,238.7,238.7,0.0,246.3,0.0,-0.112,0.0,0.02,0.02,0.129,0.0,0.129,0.149,0.0,0.149,22.1,53.13,75.0,0.0,0.0,0.174,239.8000030517578,0.092,50.0,479.9939880371094,0.010999999940395355,480.0050048828125,240.1999969482422,0.017600000381469725,50.040000915527344,899.7839965820312,0.0,899.7839965820312,240.6999969482422,0.09740000152587891,50.040000915527344,760.2969970703125,14.5600004196167,774.8569946289062,32.3,0.0,1.349,45.2,48.0,31.5,0,2495,2739,0,255,199,31,16426,20504,4275,29.2,0,0,100,4983,7.5,8.2,34.0,-32768,41.8
2023-02-16T23:24:35.213253,8945664.0,50.0,61.2,37.2,5.2,4.6,239.3,0.0,239.3,239.3,0.0,246.6,0.0,-0.113,0.0,0.018,0.018,0.13,0.0,0.13,0.148,0.0,0.148,22.1,53.13,75.0,0.0,0.0,0.176,240.60000610351562,0.0919000015258789,50.0,479.9949951171875,0.010999999940395355,480.0060119628906,240.39999389648438,0.0175,50.0,899.7839965820312,0.0,899.7839965820312,240.8000030517578,0.098,50.0,760.2979736328125,14.5600004196167,774.8579711914062,32.3,0.0,1.349,45.3,48.0,31.5,0,2495,2739,0,255,199,31,16426,20504,4275,29.2,0,0,100,4983,7.5,8.2,34.0,-32768,41.6
2023-02-16T23:25:05.540895,8945664.0,50.0,61.2,37.2,5.2,4.6,240.1,0.0,240.1,240.1,0.0,247.7,0.0,-0.113,0.0,0.02,0.02,0.13,0.0,0.13,0.15,0.0,0.15,22.1,53.13,75.0,0.0,0.0,0.176,241.0,0.09169999694824219,50.0,479.9949951171875,0.010999999940395355,480.0060119628906,241.5,0.0175,50.0,899.7849731445312,0.0,899.7849731445312,241.60000610351562,0.09940000152587891,50.0,760.2979736328125,14.5600004196167,774.8590087890625,32.3,0.0,1.348,45.3,48.0,31.5,0,2495,2739,0,255,199,31,16426,20504,4275,29.2,0,0,100,4983,7.5,8.2,34.0,-32768,41.5
2023-02-16T23:25:35.868365,8945664.0,50.0,61.2,37.2,5.1,4.6,240.0,0.0,240.0,240.0,0.0,247.4,0.0,-0.112,0.0,0.02,0.02,0.129,0.0,0.129,0.149,0.0,0.149,22.1,53.13,75.0,0.0,0.0,0.175,241.0,0.09209999847412109,50.040000915527344,479.9960021972656,0.010999999940395355,480.0069885253906,240.60000610351562,0.017399999618530275,50.0,899.7849731445312,0.0,899.7849731445312,241.0,0.10030000305175782,50.040000915527344,760.2990112304688,14.5600004196167,774.8590087890625,32.3,0.0,1.348,45.3,48.0,31.5,0,2495,2739,0,255,199,31,16426,20504,4275,29.2,0,0,100,4983,7.5,8.2,34.0,-32768,41.5
2023-02-16T23:26:06.203837,8945664.0,50.03,61.2,37.2,5.1,4.5,239.5,0.0,239.5,239.4,0.0,246.9,0.0,-0.112,0.0,0.02,0.02,0.129,0.0,0.129,0.149,0.0,0.149,22.1,53.13,75.0,0.0,0.0,0.176,240.8000030517578,0.092,50.040000915527344,479.99700927734375,0.010999999940395355,480.00799560546875,240.6999969482422,0.017600000381469725,50.0,899.7849731445312,0.0,899.7849731445312,242.5,0.0985,50.0,760.2999877929688,14.5600004196167,774.8599853515625,32.3,0.0,1.349,45.3,48.0,31.5,0,2495,2739,0,255,199,31,16426,20504,4275,29.2,0,0,100,4983,7.5,8.2,34.0,-32768,41.8
2023-02-16T23:26:36.535610,8945664.0,50.0,61.2,37.2,5.2,4.6,240.9,0.0,240.9,240.9,0.0,248.4,0.0,-0.113,0.0,0.019,0.019,0.131,0.0,0.131,0.15,0.0,0.15,22.1,53.13,75.0,0.0,0.0,0.176,241.8000030517578,0.092,50.0,479.99798583984375,0.010999999940395355,480.0090026855469,241.89999389648438,0.017299999237060548,50.0,899.7849731445312,0.0,899.7849731445312,242.10000610351562,0.099,50.0,760.301025390625,14.5600004196167,774.8610229492188,32.2,0.0,1.348,45.3,48.0,31.5,0,2495,2739,0,255,199,31,16426,20504,4275,29.2,0,0,100,4983,7.5,8.1,34.0,-32768,41.6
2023-02-16T23:27:06.879375,8945664.0,50.0,61.2,37.2,5.2,4.6,241.8,0.0,241.8,241.7,0.0,250.4,0.0,-0.116,0.0,0.02,0.02,0.133,0.0,0.133,0.153,0.0,0.153,22.1,53.13,75.0,0.0,0.0,0.178,242.39999389648438,0.09380000305175781,50.0,479.9989929199219,0.010999999940395355,480.010009765625,242.6999969482422,0.017200000762939455,50.0,899.7849731445312,0.0,899.7849731445312,243.0,0.0995999984741211,50.040000915527344,760.302001953125,14.5600004196167,774.8619995117188,32.2,0.0,1.348,45.3,48.0,31.4,0,2495,2739,0,255,199,31,16426,20504,4275,29.2,0,0,100,4983,7.5,8.1,34.0,-32768,41.5
2023-02-16T23:27:37.173835,8945664.0,50.01,61.2,37.2,5.2,4.6,241.4,0.0,241.4,241.4,0.0,248.6,0.0,-0.113,0.0,0.019,0.019,0.131,0.0,0.131,0.15,0.0,0.15,22.1,53.14,75.0,0.0,0.0,0.176,242.6999969482422,0.0925,50.0,479.9989929199219,0.010999999940395355,480.010009765625,242.89999389648438,0.01770000076293945,50.0,899.7849731445312,0.0,899.7849731445312,241.89999389648438,0.09980000305175782,50.040000915527344,760.302978515625,14.5600004196167,774.8629760742188,32.2,0.0,1.347,45.2,48.0,31.4,0,2495,2739,0,255,199,31,16426,20504,4275,29.1,0,0,100,4983,7.5,8.1,34.0,-32768,41.9
2023-02-16T23:28:07.382542,8945664.0,50.0,61.2,37.2,5.2,4.6,240.9,0.0,240.9,240.9,0.0,248.5,0.0,-0.114,0.0,0.019,0.019,0.131,0.0,0.131,0.15,0.0,0.15,22.1,53.14,75.0,0.0,0.0,0.175,241.89999389648438,0.09209999847412109,50.040000915527344,480.0,0.010999999940395355,480.010986328125,242.0,0.0175,50.0,899.7860107421875,0.0,899.7860107421875,242.60000610351562,0.1005999984741211,50.0,760.3040161132812,14.5600004196167,774.864013671875,32.2,0.0,1.349,45.2,48.0,31.4,0,2495,2739,0,255,199,31,16426,20504,4275,29.1,0,0,100,4983,7.5,8.1,34.0,-32768,41.5
2023-02-16T23:28:37.591241,8945664.0,50.0,61.1,37.2,5.2,4.6,240.2,0.0,240.2,240.2,0.0,247.0,0.0,-0.113,0.0,0.02,0.02,0.13,0.0,0.13,0.15,0.0,0.15,22.1,53.14,75.0,0.0,0.0,0.174,241.1999969482422,0.09230000305175781,50.0,480.0010070800781,0.010999999940395355,480.0119934082031,242.10000610351562,0.0175,50.0,899.7860107421875,0.0,899.7860107421875,242.0,0.0985,50.0,760.3040161132812,14.5600004196167,774.864013671875,32.2,0.0,1.349,45.2,48.0,31.4,0,2495,2739,0,255,199,31,16426,20504,4275,29.1,0,0,100,4983,7.5,8.1,34.0,-32768,41.7
2023-02-16T23:29:07.808247,8945664.0,50.0,61.2,37.2,5.2,4.6,240.6,0.0,240.6,240.6,0.0,249.7,0.0,-0.113,0.0,0.019,0.019,0.13,0.0,0.13,0.149,0.0,0.149,22.1,53.13,74.0,0.0,0.0,0.176,241.8000030517578,0.092,50.0,480.00201416015625,0.010999999940395355,480.01300048828125,242.0,0.017600000381469725,50.0,899.7860107421875,0.0,899.7860107421875,241.8000030517578,0.099,50.0,760.3049926757812,14.5600004196167,774.864990234375,32.2,0.0,1.348,45.2,48.0,31.4,0,2495,2739,0,255,199,31,16426,20504,4275,29.1,0,0,100,4983,7.5,8.1,34.0,-32768,41.5
2023-02-16T23:29:38.008743,8945664.0,50.01,61.2,37.2,5.2,4.6,238.7,0.0,238.7,238.8,0.0,246.1,0.0,-0.113,0.0,0.02,0.02,0.13,0.0,0.13,0.15,0.0,0.15,22.1,53.14,74.0,0.0,0.0,0.175,239.1999969482422,0.091,50.0,480.00201416015625,0.010999999940395355,480.01300048828125,238.89999389648438,0.017200000762939455,50.0,899.7860107421875,0.0,899.7860107421875,239.10000610351562,0.09790000152587891,50.0,760.3060302734375,14.5600004196167,774.8660278320312,32.2,0.0,1.347,45.2,48.0,31.4,0,2495,2739,0,255,199,31,16426,20504,4275,29.1,0,0,100,4983,7.5,8.1,34.0,-32768,41.8
2023-02-16T23:30:08.213231,8945664.0,50.0,61.2,37.2,5.2,4.6,238.7,0.0,238.7,238.7,0.0,246.6,0.0,-0.113,0.0,0.02,0.02,0.131,0.0,0.131,0.151,0.0,0.151,22.1,53.13,74.0,0.0,0.0,0.176,240.5,0.092,50.0,480.00299072265625,0.010999999940395355,480.0140075683594,240.0,0.017299999237060548,50.040000915527344,899.7860107421875,0.0,899.7860107421875,240.3000030517578,0.0995999984741211,50.0,760.3070068359375,14.5600004196167,774.8670043945312,32.2,0.0,1.348,45.3,48.0,31.4,0,2495,2739,0,255,199,31,16426,20504,4275,29.1,0,0,100,4983,7.5,8.1,34.0,-32768,41.4
2023-02-16T23:30:38.413683,8945664.0,49.98,61.1,37.2,5.2,4.6,239.2,0.0,239.2,239.3,0.0,248.2,0.0,-0.113,0.0,0.018,0.018,0.129,0.0,0.129,0.147,0.0,0.147,22.1,53.14,74.0,0.0,0.0,0.175,240.3000030517578,0.09180000305175781,50.0,480.0039978027344,0.010999999940395355,480.0150146484375,239.8000030517578,0.017399999618530275,49.95000076293945,899.7860107421875,0.0,899.7860107421875,240.6999969482422,0.10019999694824219,50.0,760.3079833984375,14.5600004196167,774.8679809570312,32.2,0.0,1.348,45.3,48.0,31.4,0,2495,2739,0,255,199,31,16426,20504,4275,29.1,0,0,100,4983,7.5,8.1,34.0,-32768,41.5
2023-02-16T23:31:08.622283,8945664.0,49.98,61.2,37.2,5.2,4.6,239.2,0.0,239.2,239.1,0.0,245.1,0.0,-0.114,0.0,0.02,0.02,0.13,0.0,0.13,0.15,0.0,0.15,22.1,53.14,74.0,0.0,0.0,0.176,241.10000610351562,0.09309999847412109,50.0,480.0050048828125,0.010999999940395355,480.0159912109375,240.8000030517578,0.017600000381469725,49.95000076293945,899.7860107421875,0.0,899.7860107421875,240.6999969482422,0.10030000305175782,50.0,760.3090209960938,14.5600004196167,774.8690185546875,32.2,0.0,1.348,45.3,48.0,31.4,0,2495,2739,0,255,199,31,16426,20504,4275,29.1,0,0,100,4983,7.5,8.1,34.0,-32768,41.7
2023-02-16T23:31:38.843078,8945664.0,49.96,61.1,37.2,5.1,4.5,240.3,0.0,240.3,240.2,0.0,248.2,0.0,-0.113,0.0,0.019,0.019,0.13,0.0,0.13,0.149,0.0,0.149,22.1,53.14,74.0,0.0,0.0,0.176,240.39999389648438,0.09269999694824219,50.0,480.0050048828125,0.010999999940395355,480.0169982910156,240.1999969482422,0.017100000381469728,50.0,899.7869873046875,0.0,899.7869873046875,240.5,0.101,50.0,760.3090209960938,14.5600004196167,774.8690185546875,32.2,0.0,1.347,45.2,48.0,31.4,0,2495,2739,0,255,199,31,16426,20504,4275,29.1,0,0,100,4983,7.5,8.1,34.0,-32768,41.6
2023-02-16T23:32:09.047777,8945664.0,49.98,61.1,37.2,5.1,4.6,238.5,0.0,238.5,238.7,0.0,245.5,0.0,-0.113,0.0,0.019,0.019,0.13,0.0,0.13,0.149,0.0,0.149,22.1,53.14,74.0,0.0,0.0,0.175,240.1999969482422,0.09180000305175781,50.0,480.0060119628906,0.010999999940395355,480.0169982910156,240.0,0.017399999618530275,50.040000915527344,899.7869873046875,0.0,899.7869873046875,240.0,0.09930000305175782,50.0,760.3099975585938,14.5600004196167,774.8699951171875,32.1,0.0,1.348,45.3,48.0,31.4,0,2495,2739,0,255,199,31,16426,20504,4275,29.1,0,0,100,4983,7.5,8.1,34.0,-32768,41.4
2023-02-16T23:32:39.104887,8945664.0,50.01,61.1,37.2,5.2,4.6,239.5,0.0,239.5,239.4,0.0,246.6,0.0,-0.112,0.0,0.02,0.02,0.129,0.0,0.129,0.149,0.0,0.149,22.1,53.14,74.0,0.0,0.0,0.174,239.39999389648438,0.09159999847412109,50.0,480.0069885253906,0.010999999940395355,480.01800537109375,237.5,0.016799999237060548,50.040000915527344,899.7869873046875,0.0,899.7869873046875,237.3000030517578,0.09769999694824219,50.0,760.3109741210938,14.5600004196167,774.8709716796875,32.2,0.0,1.347,45.3,48.0,31.4,0,2495,2739,0,255,199,31,16426,20504,4275,29.1,0,0,100,4983,7.5,8.1,34.0,-32768,41.5
2023-02-16T23:33:09.096413,8945664.0,50.0,61.1,37.2,5.1,4.5,236.3,0.0,236.3,236.3,0.0,243.6,0.0,-0.111,0.0,0.019,0.019,0.127,0.0,0.127,0.146,0.0,0.146,22.1,53.14,74.0,0.0,0.0,0.172,237.3000030517578,0.09059999847412109,50.0,480.00799560546875,0.010999999940395355,480.0190124511719,237.3000030517578,0.017100000381469728,50.0,899.7869873046875,0.0,899.7869873046875,238.0,0.0970999984741211,50.0,760.31201171875,14.5600004196167,774.8720092773438,32.1,0.0,1.347,45.3,48.0,31.4,0,2495,2739,0,255,199,31,16426,20504,4275,29.1,0,0,100,4983,7.5,8.1,34.0,-32768,41.7
2023-02-16T23:33:40.066878,8945664.0,50.01,61.1,37.2,5.1,4.6,235.8,0.0,235.8,235.8,0.0,244.3,0.0,-0.111,0.0,0.02,0.02,0.127,0.0,0.127,0.147,0.0,0.147,22.1,53.14,74.0,0.0,0.0,0.171,238.0,0.09059999847412109,50.040000915527344,480.0090026855469,0.010999999940395355,480.0199890136719,238.0,0.017200000762939455,50.040000915527344,899.7869873046875,0.0,899.7869873046875,238.39999389648438,0.09880000305175782,50.0,760.31298828125,14.5600004196167,774.8729858398438,32.2,0.0,1.347,45.2,48.0,31.4,0,2495,2739,0,255,199,31,16426,20504,4275,29.1,0,0,100,4983,7.5,8.1,34.0,-32768,41.7
2023-02-16T23:34:11.078294,8945664.0,50.01,61.1,37.2,5.1,4.5,237.9,0.0,237.9,237.9,0.0,245.8,0.0,-0.105,0.0,0.02,0.02,0.122,0.0,0.122,0.142,0.0,0.142,22.1,53.14,74.0,0.0,0.0,0.168,238.39999389648438,0.0845,50.0,480.0090026855469,0.010999999940395355,480.0199890136719,238.3000030517578,0.017100000381469728,50.040000915527344,899.7869873046875,0.0,899.7869873046875,238.6999969482422,0.09130000305175781,50.0,760.3140258789062,14.5600004196167,774.8740234375,32.1,0.0,1.348,45.3,48.0,31.3,0,2495,2739,0,255,199,31,16426,20504,4275,29.1,0,0,100,4983,7.5,8.1,34.0,-32768,41.3
2023-02-16T23:34:41.061645,8945664.0,50.0,61.1,37.2,5.1,4.5,236.9,0.0,236.9,236.9,0.0,244.2,0.0,-0.104,0.0,0.019,0.019,0.121,0.0,0.121,0.14,0.0,0.14,22.1,53.14,74.0,0.0,0.0,0.167,236.6999969482422,0.08340000152587891,50.0,480.010009765625,0.010999999940395355,480.02099609375,237.3000030517578,0.017,50.0,899.7869873046875,0.0,899.7869873046875,237.8000030517578,0.05879999923706054,50.040000915527344,760.3140258789062,14.5600004196167,774.8740234375,32.1,0.0,1.347,45.3,48.0,31.3,0,2495,2739,0,255,199,31,16426,20504,4275,29.1,0,0,100,4983,7.5,8.1,34.0,-32768,41.6
2023-02-16T23:35:12 WARNING Error "wrong size for frame b'NO DATA' (got 7, expected 14)" while reading parameter "T-mandata-CR"...
2023-02-16T23:35:12.334348,8945664.0,50.01,61.1,37.2,5.1,4.5,237.4,0.0,237.4,237.4,0.0,244.6,0.0,-0.081,0.0,0.02,0.02,0.098,0.0,0.098,0.118,0.0,0.118,22.0,53.15,74.0,0.0,0.0,0.143,237.3000030517578,0.061299999237060546,50.040000915527344,480.010986328125,0.010999999940395355,480.0220031738281,238.0,0.017100000381469728,50.040000915527344,899.7880249023438,0.0,899.7880249023438,238.10000610351562,0.0685,50.0,760.3150024414062,14.5600004196167,774.875,32.1,0.0,1.347,45.2,48.0,31.3,0,2495,2739,0,255,199,31,16426,20504,4275,29.1,0,0,100,4983,7.5,8.1,34.0,-32768,None
2023-02-16T23:35:42.322777,8945664.0,50.03,61.1,37.2,5.0,4.5,237.4,0.0,237.4,237.4,0.0,244.4,0.0,-0.072,0.0,0.019,0.019,0.088,0.0,0.088,0.107,0.0,0.107,22.0,53.17,74.0,0.0,0.0,0.13,237.5,0.0525,50.0,480.010986328125,0.010999999940395355,480.0220031738281,238.10000610351562,0.017100000381469728,50.040000915527344,899.7880249023438,0.0,899.7880249023438,238.10000610351562,0.0650999984741211,50.0,760.3150024414062,14.5600004196167,774.875,32.1,0.0,1.347,45.2,48.0,31.3,0,2495,2739,0,255,199,31,16426,20504,4275,29.1,0,0,100,4983,7.5,8.1,34.0,-32768,41.4
2023-02-16T23:36:13.309620,8945664.0,50.0,61.1,37.2,5.1,4.5,239.0,0.0,239.0,239.2,0.0,246.9,0.0,-0.09,0.0,0.02,0.02,0.107,0.0,0.107,0.127,0.0,0.127,22.0,53.16,74.0,0.0,0.0,0.15,239.1999969482422,0.06990000152587891,50.0,480.0119934082031,0.010999999940395355,480.02301025390625,238.39999389648438,0.017100000381469728,50.040000915527344,899.7880249023438,0.0,899.7880249023438,237.6999969482422,0.07619999694824219,50.0,760.3159790039062,14.5600004196167,774.8759765625,32.1,0.0,1.348,45.2,48.0,31.3,0,2495,2739,0,255,199,31,16426,20504,4275,29.1,0,0,100,4983,7.5,8.1,34.0,-32768,41.5
2023-02-16T23:36:44.317025,8945664.0,49.98,61.1,37.2,5.1,4.5,235.8,0.0,235.8,235.7,0.0,242.9,0.0,-0.09,0.0,0.019,0.019,0.107,0.0,0.107,0.126,0.0,0.126,22.0,53.16,74.0,0.0,0.0,0.151,237.10000610351562,0.0708000030517578,50.0,480.0119934082031,0.010999999940395355,480.02301025390625,237.10000610351562,0.016899999618530274,50.0,899.7880249023438,0.0,899.7880249023438,238.0,0.07759999847412109,50.0,760.3170166015625,14.5600004196167,774.8770141601562,32.1,0.0,1.347,45.2,48.0,31.3,0,2495,2739,0,255,199,31,16426,20504,4275,29.1,0,0,100,4983,7.5,8.1,34.0,-32768,41.6
2023-02-16T23:37:14.304446,8945664.0,49.98,61.1,37.2,5.0,4.4,235.7,0.0,235.7,235.7,0.0,243.1,0.0,-0.087,0.0,0.02,0.02,0.105,0.0,0.105,0.125,0.0,0.125,22.0,53.15,74.0,0.0,0.0,0.15,236.89999389648438,0.07109999847412109,50.0,480.01300048828125,0.010999999940395355,480.02398681640625,236.5,0.017,50.0,899.7880249023438,0.0,899.7880249023438,236.8000030517578,0.0754000015258789,50.0,760.3170166015625,14.5600004196167,774.8770141601562,32.1,0.0,1.35,45.2,48.0,31.3,0,2495,2739,0,255,199,31,16426,20504,4275,29.1,0,0,100,4983,7.5,8.1,34.0,-32768,41.4
2023-02-16T23:37:45.303393,8945664.0,50.0,61.1,37.2,5.0,4.5,235.9,0.0,235.9,236.0,0.0,242.5,0.0,-0.088,0.0,0.021,0.021,0.105,0.0,0.105,0.126,0.0,0.126,22.0,53.16,74.0,0.0,0.0,0.149,237.5,0.0695999984741211,50.0,480.01300048828125,0.010999999940395355,480.02398681640625,236.89999389648438,0.016899999618530274,50.0,899.7880249023438,0.0,899.7880249023438,237.6999969482422,0.07419999694824218,50.0,760.3179931640625,14.5600004196167,774.8779907226562,32.1,0.0,1.349,45.3,48.0,31.3,0,2495,2739,0,255,199,31,16426,20504,4275,29.1,0,0,100,4983,7.5,8.1,34.0,-32768,41.5
2023-02-16T23:38:16.245203,8945664.0,50.01,61.1,37.2,5.0,4.4,236.2,0.0,236.2,236.2,0.0,242.9,0.0,-0.088,0.0,0.019,0.019,0.105,0.0,0.105,0.124,0.0,0.124,22.0,53.15,74.0,0.0,0.0,0.15,237.1999969482422,0.0700999984741211,50.0,480.0140075683594,0.010999999940395355,480.0249938964844,236.10000610351562,0.016799999237060548,50.0,899.7880249023438,0.0,899.7880249023438,235.8000030517578,0.07319999694824218,50.0,760.3189697265625,14.5600004196167,774.8790283203125,32.1,0.0,1.347,45.3,48.0,31.3,0,2495,2739,0,255,199,31,16426,20504,4275,29.0,0,0,100,4983,7.5,8.1,34.0,-32768,41.4
2023-02-16T23:38:48.055578,8945664.0,50.0,61.1,37.1,5.0,4.4,233.3,0.0,233.3,233.3,0.0,240.6,0.0,-0.088,0.0,0.019,0.019,0.105,0.0,0.105,0.124,0.0,0.124,22.0,53.16,74.0,0.0,0.0,0.149,235.6999969482422,0.06840000152587891,50.040000915527344,480.0150146484375,0.010999999940395355,480.0260009765625,236.3000030517578,0.017,50.0,899.7890014648438,0.0,899.7890014648438,236.6999969482422,0.07769999694824219,50.0,760.3189697265625,14.5600004196167,774.8790283203125,32.1,0.0,1.347,45.3,48.0,31.3,0,2495,2739,0,255,199,31,16426,20504,4275,29.0,0,0,100,4983,7.5,8.1,34.0,-32768,41.4
2023-02-16T23:39:19.177650,8945664.0,50.01,61.1,37.2,5.1,4.5,236.2,0.0,236.2,236.2,0.0,243.7,0.0,-0.091,0.0,0.02,0.02,0.107,0.0,0.107,0.127,0.0,0.127,22.0,53.16,74.0,0.0,0.0,0.15,236.1999969482422,0.0698000030517578,50.0,480.0150146484375,0.010999999940395355,480.0260009765625,235.89999389648438,0.017100000381469728,50.0,899.7890014648438,0.0,899.7890014648438,236.1999969482422,0.07569999694824218,50.0,760.3200073242188,14.5600004196167,774.8800048828125,32.1,0.0,1.348,45.2,48.0,31.3,0,2495,2739,0,255,199,31,16426,20504,4275,29.0,0,0,100,4983,7.5,8.1,34.0,-32768,41.5
2023-02-16T23:39:49.300013,8945664.0,50.0,61.1,37.2,5.1,4.5,237.5,0.0,237.5,237.4,0.0,244.8,0.0,-0.09,0.0,0.019,0.019,0.107,0.0,0.107,0.126,0.0,0.126,22.0,53.15,74.0,0.0,0.0,0.152,238.6999969482422,0.06869999694824219,50.040000915527344,480.0159912109375,0.010999999940395355,480.0270080566406,238.60000610351562,0.017200000762939455,50.0,899.7890014648438,0.0,899.7890014648438,238.89999389648438,0.07380000305175781,50.0,760.3200073242188,14.5600004196167,774.8800048828125,32.0,0.0,1.346,45.2,48.0,31.3,0,2495,2739,0,255,199,31,16426,20504,4275,29.0,0,0,100,4983,7.5,8.1,34.0,-32768,41.7
2023-02-16T23:40:19.484315,8945664.0,50.01,61.1,37.2,5.1,4.5,238.5,0.0,238.5,238.5,0.0,246.2,0.0,-0.092,0.0,0.019,0.019,0.107,0.0,0.107,0.126,0.0,0.126,22.0,53.17,74.0,0.0,0.0,0.149,238.8000030517578,0.0685999984741211,50.040000915527344,480.0159912109375,0.010999999940395355,480.0270080566406,238.6999969482422,0.017100000381469728,50.0,899.7890014648438,0.0,899.7890014648438,239.1999969482422,0.07319999694824218,50.040000915527344,760.3209838867188,14.5600004196167,774.8809814453125,32.0,0.0,1.347,45.3,48.0,31.3,0,2495,2739,0,255,199,31,16426,20504,4275,29.0,0,0,100,4983,7.5,8.1,34.0,-32768,41.3
2023-02-16T23:40:49.725639,8945664.0,50.03,61.1,37.2,5.2,4.6,238.1,0.0,238.1,238.1,0.0,245.5,0.0,-0.088,0.0,0.02,0.02,0.105,0.0,0.105,0.125,0.0,0.125,22.0,53.16,74.0,0.0,0.0,0.149,239.39999389648438,0.06919999694824219,50.0,480.0169982910156,0.010999999940395355,480.02801513671875,238.8000030517578,0.017200000762939455,50.040000915527344,899.7890014648438,0.0,899.7890014648438,239.3000030517578,0.0749000015258789,50.0,760.322021484375,14.5600004196167,774.8820190429688,32.0,0.0,1.348,45.2,48.0,31.3,0,2495,2739,0,255,199,31,16426,20504,4275,29.0,0,0,100,4983,7.5,8.1,34.0,-32768,41.2
2023-02-16T23:41:19.967064,8945664.0,50.01,61.1,37.1,5.1,4.5,237.3,0.0,237.3,237.3,0.0,244.4,0.0,-0.089,0.0,0.019,0.019,0.106,0.0,0.106,0.125,0.0,0.125,22.0,53.16,74.0,0.0,0.0,0.15,238.60000610351562,0.0685999984741211,50.040000915527344,480.01800537109375,0.010999999940395355,480.02899169921875,239.39999389648438,0.016899999618530274,50.040000915527344,899.7890014648438,0.0,899.7890014648438,239.3000030517578,0.0744000015258789,50.040000915527344,760.322021484375,14.5600004196167,774.8820190429688,32.0,0.0,1.35,45.3,48.0,31.2,0,2495,2739,0,255,199,31,16426,20504,4275,29.0,0,0,100,4983,7.5,8.1,34.0,-32768,41.5
2023-02-16T23:41:50.294279,8945664.0,50.01,61.1,37.1,5.2,4.6,238.1,0.0,238.1,238.0,0.0,244.4,0.0,-0.09,0.0,0.02,0.02,0.106,0.0,0.106,0.126,0.0,0.126,22.0,53.16,74.0,0.0,0.0,0.15,240.60000610351562,0.0696999969482422,50.040000915527344,480.01800537109375,0.010999999940395355,480.02899169921875,240.5,0.017100000381469728,50.0,899.7890014648438,0.0,899.7890014648438,241.8000030517578,0.07459999847412109,50.0,760.322998046875,14.5600004196167,774.8829956054688,32.0,0.0,1.348,45.3,48.0,31.2,0,2495,2739,0,255,199,31,16426,20504,4275,29.0,0,0,100,4983,7.5,8.1,34.0,-32768,41.5
2023-02-16T23:42:20.503015,8945664.0,50.03,61.1,37.1,5.2,4.6,240.2,0.0,240.2,240.2,0.0,247.5,0.0,-0.088,0.0,0.019,0.019,0.105,0.0,0.105,0.124,0.0,0.124,22.0,53.15,74.0,0.0,0.0,0.15,241.10000610351562,0.06790000152587891,50.040000915527344,480.0190124511719,0.010999999940395355,480.0299987792969,240.8000030517578,0.017299999237060548,50.0,899.7899780273438,0.0,899.7899780273438,240.6999969482422,0.07319999694824218,50.0,760.323974609375,14.5600004196167,774.8839721679688,32.1,0.0,1.346,45.3,48.0,31.2,0,2495,2739,0,255,199,31,16426,20504,4275,29.0,0,0,100,4983,7.5,8.1,34.0,-32768,41.4
2023-02-16T23:42:50.744435,8945664.0,50.03,61.1,37.1,5.2,4.6,240.9,0.0,240.9,240.9,0.0,248.5,0.0,-0.088,0.0,0.019,0.019,0.105,0.0,0.105,0.124,0.0,0.124,22.0,53.16,74.0,0.0,0.0,0.148,241.8000030517578,0.06070000076293945,50.0,480.0190124511719,0.010999999940395355,480.0299987792969,242.10000610351562,0.017100000381469728,50.040000915527344,899.7899780273438,0.0,899.7899780273438,241.89999389648438,0.07509999847412109,50.040000915527344,760.323974609375,14.5600004196167,774.8839721679688,32.0,0.0,1.349,45.2,48.0,31.2,0,2495,2739,0,255,199,31,16426,20504,4275,29.0,0,0,100,4983,7.5,8.1,34.0,-32768,41.6
2023-02-16T23:43:20.961208,8945664.0,50.03,61.1,37.1,5.2,4.6,241.0,0.0,241.0,241.0,0.0,249.6,0.0,-0.088,0.0,0.02,0.02,0.105,0.0,0.105,0.125,0.0,0.125,22.0,53.16,74.0,0.0,0.0,0.149,242.1999969482422,0.0675,50.040000915527344,480.0199890136719,0.010999999940395355,480.031005859375,242.39999389648438,0.017600000381469725,50.0,899.7899780273438,0.0,899.7899780273438,242.6999969482422,0.073,50.040000915527344,760.3250122070312,14.5600004196167,774.885009765625,32.0,0.0,1.348,45.2,48.0,31.2,0,2495,2739,0,255,199,31,16426,20504,4275,29.0,0,0,100,4983,7.5,8.1,34.0,-32768,41.5
2023-02-16T23:43:51.063052,8945664.0,50.03,61.1,37.2,5.2,4.6,239.8,0.0,239.8,239.8,0.0,246.9,0.0,-0.087,0.0,0.019,0.019,0.105,0.0,0.105,0.124,0.0,0.124,22.0,53.16,74.0,0.0,0.0,0.149,241.1999969482422,0.067,50.0,480.0199890136719,0.010999999940395355,480.031005859375,240.8000030517578,0.017200000762939455,50.040000915527344,899.7899780273438,0.0,899.7899780273438,240.6999969482422,0.0715,50.040000915527344,760.3250122070312,14.5600004196167,774.885009765625,32.0,0.0,1.347,45.2,48.0,31.2,0,2495,2739,0,255,199,31,16426,20504,4275,29.0,0,0,100,4983,7.5,8.1,34.0,-32768,41.6
2023-02-16T23:44:21.267806,8945664.0,50.03,61.1,37.1,5.2,4.6,238.9,0.0,238.9,238.8,0.0,246.5,0.0,-0.086,0.0,0.019,0.019,0.102,0.0,0.102,0.121,0.0,0.121,22.0,53.17,74.0,0.0,0.0,0.145,240.6999969482422,0.06540000152587891,50.040000915527344,480.02099609375,0.010999999940395355,480.0320129394531,240.6999969482422,0.017399999618530275,50.040000915527344,899.7899780273438,0.0,899.7899780273438,241.3000030517578,0.07169999694824218,50.040000915527344,760.3259887695312,14.5600004196167,774.885986328125,32.0,0.0,1.347,45.2,48.0,31.2,0,2495,2739,0,255,199,31,16426,20504,4275,29.0,0,0,100,4983,7.5,8.1,34.0,-32768,41.5
2023-02-16T23:44:51.513273,8945664.0,50.01,61.1,37.1,5.1,4.6,240.3,0.0,240.3,240.4,0.0,246.7,0.0,-0.087,0.0,0.02,0.02,0.103,0.0,0.103,0.123,0.0,0.123,22.0,53.16,74.0,0.0,0.0,0.147,241.0,0.0655,50.040000915527344,480.02099609375,0.010999999940395355,480.0329895019531,240.89999389648438,0.017200000762939455,50.040000915527344,899.7899780273438,0.0,899.7899780273438,240.60000610351562,0.0704000015258789,50.040000915527344,760.3270263671875,14.5600004196167,774.8870239257812,32.0,0.0,1.348,45.2,48.0,31.2,0,2495,2739,0,255,199,31,16426,20504,4275,29.0,0,0,100,4983,7.5,8.1,34.0,-32768,41.9
2023-02-16T23:45:21.721690,8945664.0,50.03,61.1,37.1,5.1,4.6,239.5,0.0,239.5,239.5,0.0,247.5,0.0,-0.085,0.0,0.02,0.02,0.101,0.0,0.101,0.121,0.0,0.121,22.0,53.17,74.0,0.0,0.0,0.144,240.6999969482422,0.0645,50.040000915527344,480.0220031738281,0.010999999940395355,480.0329895019531,239.89999389648438,0.017299999237060548,50.040000915527344,899.7899780273438,0.0,899.7899780273438,240.1999969482422,0.06990000152587891,50.040000915527344,760.3270263671875,14.5600004196167,774.8870239257812,32.0,0.0,1.348,45.2,48.0,31.2,0,2495,2739,0,255,199,31,16426,20504,4275,28.9,0,0,100,4983,7.5,8.1,34.0,-32768,41.7
2023-02-16T23:45:51.815746,8945664.0,49.98,61.1,37.1,5.1,4.6,239.5,0.0,239.5,239.5,0.0,248.1,0.0,-0.084,0.0,0.02,0.02,0.101,0.0,0.101,0.121,0.0,0.121,22.0,53.15,74.0,0.0,0.0,0.148,240.60000610351562,0.06390000152587891,50.0,480.02301025390625,0.010999999940395355,480.03399658203125,239.6999969482422,0.0175,50.040000915527344,899.791015625,0.0,899.791015625,239.39999389648438,0.06990000152587891,50.0,760.3280029296875,14.5600004196167,774.8880004882812,32.0,0.0,1.346,45.2,48.0,31.2,0,2495,2739,0,255,199,31,16426,20504,4275,28.9,0,0,100,4983,7.5,8.1,34.0,-32768,41.4
2023-02-16T23:46:22.024723,8945664.0,50.01,61.1,37.1,5.2,4.5,240.6,0.0,240.6,240.5,0.0,248.2,0.0,-0.085,0.0,0.021,0.021,0.101,0.0,0.101,0.122,0.0,0.122,22.0,53.16,74.0,0.0,0.0,0.146,241.39999389648438,0.06390000152587891,50.040000915527344,480.02301025390625,0.010999999940395355,480.03399658203125,241.3000030517578,0.017600000381469725,50.040000915527344,899.791015625,0.0,899.791015625,241.5,0.0705999984741211,50.0,760.3280029296875,14.5600004196167,774.8880004882812,32.0,0.0,1.347,45.2,48.0,31.2,0,2495,2739,0,255,199,31,16426,20504,4275,28.9,0,0,100,4983,7.5,8.0,34.0,-32768,41.5
2023-02-16T23:46:52.278193,8945664.0,50.0,61.1,37.1,5.1,4.5,239.8,0.0,239.8,239.8,0.0,247.1,0.0,-0.08,0.0,0.017,0.017,0.097,0.0,0.097,0.114,0.0,0.114,22.0,53.16,74.0,0.0,0.0,0.141,240.6999969482422,0.06580000305175782,50.0,480.02398681640625,0.010999999940395355,480.0350036621094,240.60000610351562,0.017299999237060548,50.0,899.791015625,0.0,899.791015625,240.89999389648438,0.0709000015258789,50.040000915527344,760.3289794921875,14.5600004196167,774.8889770507812,32.0,0.0,1.347,45.3,48.0,31.2,0,2495,2739,0,255,199,31,16426,20504,4275,28.9,0,0,100,4983,7.5,8.0,34.0,-32768,41.3
