total_input_power,load_power,grid_power,total_battery_power,total_active_power,input_power,day_active_power_peak,active_power,accumulated_yield_energy,daily_yield_energy,power_meter_active_power,grid_exported_energy,grid_accumulated_energy,storage_state_of_capacity,storage_charge_discharge_power,storage_current_day_charge_capacity,storage_current_day_discharge_capacity,system_time,backup_switch_to_off_grid
0.986,0.292,-0.694,0.0,0.0,0.71,6.308,0.71,6991.25,10.85,683.0,5999.2,854.76,95.0,0.0,12.43,2.76,1661701140.0,0.0
1.038,0.236,-0.802,0.0,0.0,0.757,6.308,0.757,6991.27,10.87,803.0,5999.22,854.76,95.0,0.0,12.43,2.76,1661701261.0,0.0
1.074,0.248,-0.826,0.0,0.0,0.774,6.308,0.774,6991.28,10.88,820.0,5999.24,854.76,95.0,0.0,12.43,2.76,1661701319.0,0.0
1.063,0.234,-0.829,0.0,0.0,0.788,6.308,0.788,6991.3,10.9,807.0,5999.25,854.76,95.0,0.0,12.43,2.76,1661701378.0,0.0
1.095,0.194,-0.901,0.0,0.0,0.787,6.308,0.787,6991.31,10.91,898.0,5999.27,854.76,95.0,0.0,12.43,2.76,1661701437.0,0.0
1.12,0.183,-0.937,0.0,0.0,0.808,6.308,0.808,6991.35,10.95,936.0,5999.31,854.76,95.0,0.0,12.43,2.76,1661701621.0,0.0
1.142,0.188,-0.954,0.0,0.0,0.822,6.308,0.822,6991.36,10.96,955.0,5999.33,854.76,95.0,0.0,12.43,2.76,1661701679.0,0.0
1.153,0.188,-0.965,0.0,0.0,0.84,6.308,0.84,6991.38,10.98,973.0,5999.33,854.76,95.0,0.0,12.43,2.76,1661701739.0,0.0
1.196,0.191,-1.005,0.0,0.0,0.87,6.308,0.87,6991.42,11.02,1009.0,5999.39,854.76,95.0,0.0,12.43,2.76,1661701922.0,0.0
1.208,0.192,-1.016,0.0,0.0,0.88,6.308,0.88,6991.44,11.04,919.0,5999.41,854.76,95.0,0.0,12.43,2.76,1661701979.0,0.0
1.247,0.286,-0.961,0.0,0.0,0.902,6.308,0.902,6991.45,11.05,959.0,5999.43,854.76,95.0,0.0,12.43,2.76,1661702039.0,0.0
1.342,0.28,-1.062,0.0,0.0,0.997,6.308,0.997,6991.5,11.1,1109.0,5999.47,854.76,95.0,0.0,12.43,2.76,1661702220.0,0.0
1.405,0.271,-1.134,0.0,0.0,1.026,6.308,1.026,6991.51,11.11,1131.0,5999.5,854.76,95.0,0.0,12.43,2.76,1661702280.0,0.0
1.432,0.251,-1.181,0.0,0.0,1.035,6.308,1.035,6991.53,11.13,1170.0,5999.52,854.76,95.0,0.0,12.43,2.76,1661702339.0,0.0
1.349,0.244,-1.105,0.0,0.0,0.979,6.308,0.979,6991.58,11.18,1103.0,5999.56,854.76,95.0,0.0,12.43,2.76,1661702521.0,0.0
1.352,0.256,-1.096,0.0,0.0,0.959,6.308,0.959,6991.6,11.2,1075.0,5999.58,854.76,95.0,0.0,12.43,2.76,1661702579.0,0.0
1.312,0.255,-1.057,0.0,0.0,0.934,6.308,0.934,6991.61,11.21,1036.0,5999.6,854.76,95.0,0.0,12.43,2.76,1661702638.0,0.0
1.207,0.255,-0.952,0.0,0.0,0.865,6.308,0.865,6991.66,11.26,953.0,5999.66,854.76,95.0,0.0,12.43,2.76,1661702822.0,0.0
1.203,0.255,-0.948,0.0,0.0,0.853,6.308,0.853,6991.67,11.27,930.0,5999.66,854.76,95.0,0.0,12.43,2.76,1661702878.0,0.0
1.178,0.25,-0.928,0.0,0.0,0.834,6.308,0.834,6991.69,11.29,906.0,5999.68,854.76,95.0,0.0,12.43,2.76,1661702940.0,0.0
1.157,0.258,-0.899,0.0,0.0,0.83,6.308,0.83,6991.7,11.3,908.0,5999.7,854.76,95.0,0.0,12.43,2.76,1661703003.0,0.0
1.169,0.252,-0.917,0.0,0.0,0.839,6.308,0.839,6991.71,11.31,421.0,5999.72,854.76,95.0,0.0,12.43,2.76,1661703062.0,0.0
1.163,0.619,-0.544,0.0,0.0,0.83,6.308,0.83,6991.73,11.33,795.0,5999.72,854.76,95.0,0.0,12.43,2.76,1661703121.0,0.0
1.142,0.351,-0.791,0.0,0.0,0.82,6.308,0.82,6991.74,11.34,795.0,5999.74,854.76,95.0,0.0,12.43,2.76,1661703179.0,0.0
1.148,0.573,-0.575,0.0,0.0,0.823,6.308,0.823,6991.76,11.36,807.0,5999.75,854.76,95.0,0.0,12.43,2.76,1661703238.0,0.0
1.152,0.345,-0.807,0.0,0.0,0.833,6.308,0.833,6991.77,11.37,831.0,5999.77,854.76,95.0,0.0,12.43,2.76,1661703299.0,0.0
1.181,0.343,-0.838,0.0,0.0,0.865,6.308,0.865,6991.78,11.38,863.0,5999.77,854.76,95.0,0.0,12.43,2.76,1661703359.0,0.0
1.232,0.209,-1.023,0.0,0.0,0.898,6.308,0.898,6991.8,11.4,1030.0,5999.79,854.76,95.0,0.0,12.43,2.76,1661703418.0,0.0
1.236,0.195,-1.041,0.0,0.0,0.914,6.308,0.914,6991.81,11.41,1059.0,5999.81,854.76,95.0,0.0,12.43,2.76,1661703478.0,0.0
1.247,0.179,-1.068,0.0,0.0,0.927,6.308,0.927,6991.83,11.43,1077.0,5999.83,854.76,95.0,0.0,12.43,2.76,1661703540.0,0.0
1.374,0.194,-1.18,0.0,0.0,1.005,6.308,1.005,6991.88,11.48,1188.0,5999.89,854.76,95.0,0.0,12.43,2.76,1661703722.0,0.0
1.413,0.207,-1.206,0.0,0.0,1.029,6.308,1.029,6991.89,11.49,1215.0,5999.91,854.76,95.0,0.0,12.43,2.76,1661703779.0,0.0
1.425,0.204,-1.221,0.0,0.0,1.048,6.308,1.048,6991.91,11.51,1238.0,5999.93,854.76,95.0,0.0,12.43,2.76,1661703839.0,0.0
1.445,0.215,-1.23,0.0,0.0,1.029,6.308,1.029,6991.95,11.55,1221.0,5999.97,854.76,95.0,0.0,12.43,2.76,1661703961.0,0.0
1.424,0.211,-1.213,0.0,0.0,1.022,6.308,1.022,6991.96,11.56,1201.0,5999.99,854.76,95.0,0.0,12.43,2.76,1661704020.0,0.0
1.417,0.207,-1.21,0.0,0.0,1.019,6.308,1.019,6991.98,11.58,1206.0,6000.0,854.76,95.0,0.0,12.43,2.76,1661704078.0,0.0
1.413,0.203,-1.21,0.0,0.0,1.029,6.308,1.029,6992.0,11.6,1213.0,6000.02,854.76,95.0,0.0,12.43,2.76,1661704138.0,0.0
1.534,0.231,-1.303,0.0,0.0,1.125,6.308,1.125,6992.05,11.65,1286.0,6000.08,854.76,95.0,0.0,12.43,2.76,1661704322.0,0.0
1.585,0.252,-1.333,0.0,0.0,0.962,6.308,0.962,6992.07,11.67,1170.0,6000.1,854.76,95.0,0.0,12.43,2.76,1661704378.0,0.0
1.473,0.226,-1.247,0.0,0.0,1.158,6.308,1.158,6992.09,11.69,1460.0,6000.12,854.76,95.0,0.0,12.43,2.76,1661704440.0,0.0
1.847,0.147,-1.7,0.0,0.0,2.316,6.308,2.316,6992.13,11.73,2880.0,6000.18,854.76,95.0,0.0,12.43,2.76,1661704561.0,0.0
1.788,0.147,-1.641,0.0,0.0,1.224,6.308,1.224,6992.16,11.76,1609.0,6000.22,854.76,95.0,0.0,12.44,2.76,1661704619.0,0.0
1.723,0.157,-1.566,0.0,0.0,1.178,6.308,1.178,6992.18,11.78,1557.0,6000.25,854.76,95.0,0.0,12.44,2.76,1661704679.0,0.0
1.695,0.153,-1.542,0.0,0.0,1.361,6.308,1.361,6992.2,11.8,1735.0,6000.29,854.76,95.0,0.0,12.44,2.76,1661704739.0,0.0
4.103,0.155,-3.948,0.0,0.0,1.654,6.308,1.654,6992.31,11.91,2043.0,6000.43,854.76,95.0,0.0,12.45,2.76,1661704922.0,0.0
2.101,0.138,-1.963,0.0,0.0,1.527,6.308,1.527,6992.34,11.94,1939.0,6000.45,854.76,95.0,0.0,12.45,2.76,1661704978.0,0.0
2.042,0.154,-1.888,0.0,0.0,1.464,6.308,1.464,6992.36,11.96,1863.0,6000.49,854.76,95.0,0.0,12.45,2.76,1661705038.0,0.0
2.004,0.184,-1.82,0.0,0.0,1.443,6.308,1.443,6992.41,12.01,1816.0,6000.54,854.76,95.0,0.0,12.45,2.76,1661705159.0,0.0
2.01,0.18,-1.83,0.0,0.0,1.464,6.308,1.464,6992.43,12.03,1815.0,6000.58,854.76,95.0,0.0,12.45,2.76,1661705218.0,0.0
2.027,0.202,-1.825,0.0,0.0,1.485,6.308,1.485,6992.46,12.06,1734.0,6000.6,854.76,95.0,0.0,12.45,2.76,1661705276.0,0.0
2.073,0.301,-1.772,0.0,0.0,1.507,6.308,1.507,6992.48,12.08,1782.0,6000.64,854.76,95.0,0.0,12.45,2.76,1661705339.0,0.0
2.163,0.353,-1.81,0.0,0.0,1.574,6.308,1.574,6992.56,12.16,1815.0,6000.72,854.76,95.0,0.0,12.45,2.76,1661705523.0,0.0
2.212,0.318,-1.894,0.0,0.0,1.596,6.308,1.596,6992.59,12.19,1898.0,6000.75,854.76,95.0,0.0,12.45,2.76,1661705579.0,0.0
2.216,0.311,-1.905,0.0,0.0,1.627,6.308,1.627,6992.61,12.21,1976.0,6000.79,854.76,95.0,0.0,12.45,2.76,1661705639.0,0.0
2.324,0.273,-2.051,0.0,0.0,1.687,6.308,1.687,6992.67,12.27,2062.0,6000.85,854.76,95.0,0.0,12.45,2.76,1661705761.0,0.0
2.354,0.292,-2.062,0.0,0.0,1.702,6.308,1.702,6992.7,12.3,2070.0,6000.89,854.76,95.0,0.0,12.45,2.76,1661705818.0,0.0
2.355,0.273,-2.082,0.0,0.0,1.715,6.308,1.715,6992.73,12.33,2086.0,6000.93,854.76,95.0,0.0,12.45,2.76,1661705880.0,0.0
2.346,0.278,-2.068,0.0,0.0,1.694,6.308,1.694,6992.76,12.35,2060.0,6000.97,854.76,95.0,0.0,12.45,2.76,1661705942.0,0.0
2.183,0.273,-1.91,0.0,0.0,1.578,6.308,1.578,6992.81,12.41,1895.0,6001.02,854.76,95.0,0.0,12.45,2.76,1661706061.0,0.0
2.108,0.273,-1.835,0.0,0.0,1.529,6.308,1.529,6992.83,12.43,1827.0,6001.06,854.76,95.0,0.0,12.45,2.76,1661706119.0,0.0
2.074,0.271,-1.803,0.0,0.0,1.486,6.308,1.486,6992.86,12.46,1783.0,6001.08,854.76,95.0,0.0,12.45,2.76,1661706180.0,0.0
2.01,0.26,-1.75,0.0,0.0,1.459,6.308,1.459,6992.88,12.48,1742.0,6001.12,854.76,95.0,0.0,12.45,2.76,1661706239.0,0.0
1.895,0.338,-1.557,0.0,0.0,1.38,6.308,1.38,6992.96,12.56,1543.0,6001.2,854.76,95.0,0.0,12.45,2.76,1661706421.0,0.0
1.881,0.348,-1.533,0.0,0.0,1.363,6.308,1.363,6992.98,12.58,1521.0,6001.22,854.76,95.0,0.0,12.45,2.76,1661706480.0,0.0
1.847,0.329,-1.518,0.0,0.0,1.346,6.308,1.346,6993.0,12.6,1502.0,6001.25,854.76,95.0,0.0,12.45,2.76,1661706540.0,0.0
1.734,0.267,-1.467,0.0,0.0,1.223,6.308,1.223,6993.07,12.67,1425.0,6001.33,854.76,95.0,0.0,12.45,2.76,1661706721.0,0.0
1.618,0.267,-1.351,0.0,0.0,1.164,6.308,1.164,6993.09,12.69,1344.0,6001.35,854.76,95.0,0.0,12.45,2.76,1661706779.0,0.0
1.523,0.253,-1.27,0.0,0.0,1.101,6.308,1.101,6993.1,12.7,1258.0,6001.37,854.76,95.0,0.0,12.45,2.76,1661706838.0,0.0
1.331,0.254,-1.077,0.0,0.0,0.963,6.308,0.963,6993.16,12.75,1077.0,6001.43,854.76,95.0,0.0,12.45,2.76,1661707019.0,0.0
1.319,0.254,-1.065,0.0,0.0,0.945,6.308,0.945,6993.17,12.77,1054.0,6001.45,854.76,95.0,0.0,12.45,2.76,1661707077.0,0.0
1.143,0.285,-0.858,0.0,0.0,0.743,6.308,0.743,6993.19,12.79,855.0,6001.45,854.76,95.0,0.0,12.45,2.76,1661707139.0,0.0
1.166,0.259,-0.907,0.0,0.0,0.782,6.308,0.782,6993.22,12.82,907.0,6001.5,854.76,95.0,0.0,12.45,2.76,1661707322.0,0.0
1.35,0.256,-1.094,0.0,0.0,0.971,6.308,0.971,6993.24,12.84,1091.0,6001.52,854.76,95.0,0.0,12.45,2.76,1661707380.0,0.0
1.335,0.254,-1.081,0.0,0.0,0.948,6.308,0.948,6993.26,12.86,957.0,6001.54,854.76,95.0,0.0,12.45,2.76,1661707440.0,0.0
1.245,0.297,-0.948,0.0,0.0,0.873,6.308,0.873,6993.3,12.9,597.0,6001.58,854.76,95.0,0.0,12.46,2.76,1661707620.0,0.0
1.156,0.818,-0.338,0.0,0.0,0.823,6.308,0.823,6993.32,12.92,464.0,6001.6,854.76,95.0,0.0,12.46,2.76,1661707680.0,0.0
1.112,0.811,-0.301,0.0,0.0,0.779,6.308,0.779,6993.33,12.93,249.0,6001.6,854.76,95.0,0.0,12.46,2.76,1661707739.0,0.0
0.945,0.745,-0.2,0.0,0.0,0.668,6.308,0.668,6993.37,12.97,194.0,6001.62,854.76,95.0,0.0,12.46,2.76,1661707922.0,0.0
0.923,0.732,-0.191,0.0,0.0,0.639,6.308,0.639,6993.38,12.98,135.0,6001.62,854.76,95.0,0.0,12.46,2.76,1661707979.0,0.0
0.859,0.739,-0.12,0.0,0.0,0.61,6.308,0.61,6993.39,12.99,39.0,6001.62,854.76,95.0,0.0,12.46,2.76,1661708038.0,0.0
0.813,0.805,-0.026,-0.018,0.0,0.556,6.308,0.556,6993.41,13.01,68.0,6001.62,854.76,95.0,0.0,12.46,2.76,1661708163.0,0.0
0.752,0.736,-0.016,0.0,0.0,0.533,6.308,0.533,6993.42,13.02,31.0,6001.62,854.76,95.0,0.0,12.46,2.76,1661708219.0,0.0
0.722,0.665,-0.057,0.0,0.0,0.518,6.308,0.518,6993.42,13.02,48.0,6001.62,854.76,95.0,0.0,12.46,2.76,1661708279.0,0.0
0.731,0.675,-0.056,0.0,0.0,0.526,6.308,0.526,6993.43,13.03,-62.0,6001.62,854.76,95.0,0.0,12.46,2.76,1661708339.0,0.0
0.729,0.801,0.022,-0.05,0.0,0.521,6.308,0.577,6993.46,13.06,-177.0,6001.62,854.76,95.0,-228.0,12.46,2.76,1661708520.0,0.0
0.732,1.334,-0.002,-0.604,0.0,0.538,6.308,1.145,6993.48,13.08,-15.0,6001.62,854.76,95.0,-590.0,12.46,2.76,1661708577.0,0.0
0.707,1.015,0.147,-0.161,0.0,0.528,6.308,1.014,6993.5,13.1,-42.0,6001.62,854.76,95.0,-527.0,12.46,2.76,1661708638.0,0.0
0.699,1.301,0.022,-0.58,0.0,0.497,6.308,0.577,6993.51,13.11,-25.0,6001.62,854.76,95.0,-80.0,12.46,2.78,1661708698.0,0.0
0.683,0.874,0.018,-0.173,0.0,0.492,6.308,0.691,6993.52,13.12,-14.0,6001.62,854.76,95.0,-199.0,12.46,2.78,1661708759.0,0.0
0.671,0.916,0.015,-0.23,0.0,0.486,6.308,0.718,6993.53,13.13,35.0,6001.62,854.76,95.0,-232.0,12.46,2.78,1661708818.0,0.0
0.663,0.925,0.039,-0.223,0.0,0.476,6.308,0.64,6993.54,13.14,-14.0,6001.62,854.76,95.0,-170.0,12.46,2.79,1661708881.0,0.0
0.654,0.816,0.0,-0.162,0.0,0.47,6.308,0.633,6993.55,13.15,32.0,6001.62,854.76,95.0,-162.0,12.46,2.79,1661708941.0,0.0
0.678,0.803,0.0,-0.125,0.0,0.489,6.308,0.631,6993.59,13.19,-4.0,6001.62,854.76,95.0,-142.0,12.46,2.81,1661709121.0,0.0
0.707,0.846,0.006,-0.133,0.0,0.498,6.308,0.63,6993.59,13.19,-34.0,6001.62,854.76,95.0,-129.0,12.46,2.82,1661709180.0,0.0
0.696,0.826,0.0,-0.13,0.0,0.504,6.308,0.539,6993.6,13.2,-11.0,6001.62,854.76,95.0,-31.0,12.46,2.82,1661709240.0,0.0
0.68,0.796,0.002,-0.114,0.0,0.481,6.308,0.599,6993.63,13.23,6.0,6001.62,854.76,95.0,-112.0,12.46,2.82,1661709423.0,0.0
0.662,0.832,0.027,-0.143,0.0,0.475,6.308,0.618,6993.64,13.24,-33.0,6001.62,854.76,95.0,-125.0,12.46,2.82,1661709477.0,0.0
0.643,0.658,-0.002,-0.017,0.0,0.463,6.308,0.48,6993.65,13.25,-22.0,6001.62,854.76,95.0,-18.0,12.46,2.83,1661709539.0,0.0
0.571,0.793,0.001,-0.221,0.0,0.408,6.308,0.629,6993.68,13.28,7.0,6001.62,854.76,95.0,-230.0,12.46,2.85,1661709720.0,0.0
0.56,0.787,0.023,-0.204,0.0,0.403,6.308,0.623,6993.69,13.29,0.0,6001.62,854.76,95.0,-216.0,12.46,2.85,1661709778.0,0.0
0.561,0.816,0.032,-0.223,0.0,0.401,6.308,0.611,6993.7,13.3,-31.0,6001.62,854.76,95.0,-206.0,12.46,2.85,1661709838.0,0.0
0.557,0.783,0.016,-0.21,0.0,0.405,6.308,0.598,6993.72,13.32,-58.0,6001.62,854.76,95.0,-193.0,12.46,2.86,1661709897.0,0.0
0.583,1.004,0.044,-0.377,0.0,0.424,6.308,0.814,6993.73,13.33,-21.0,6001.62,854.76,95.0,-326.0,12.46,2.86,1661709957.0,0.0
0.586,0.888,0.001,-0.301,0.0,0.418,6.308,0.604,6993.74,13.34,-32.0,6001.62,854.76,95.0,-186.0,12.46,2.86,1661710017.0,0.0
0.591,0.779,0.001,-0.187,0.0,0.414,6.308,0.656,6993.75,13.35,-15.0,6001.62,854.76,95.0,-242.0,12.46,2.88,1661710078.0,0.0
0.541,0.827,0.021,-0.265,0.0,0.392,6.308,0.666,6993.76,13.36,12.0,6001.62,854.76,95.0,-274.0,12.46,2.88,1661710140.0,0.0
0.473,0.82,0.015,-0.332,0.0,0.343,6.308,0.689,6993.79,13.39,-23.0,6001.62,854.76,95.0,-332.0,12.46,2.9,1661710320.0,0.0
0.509,0.812,-0.005,-0.308,0.0,0.389,6.308,0.648,6993.81,13.41,-29.0,6001.62,854.76,95.0,-259.0,12.46,2.92,1661710379.0,0.0
0.52,0.816,0.017,-0.279,0.0,0.455,6.308,0.657,6993.82,13.42,-36.0,6001.62,854.76,95.0,-202.0,12.46,2.92,1661710440.0,0.0
0.731,0.845,0.004,-0.11,0.0,0.587,6.308,0.742,6993.85,13.45,24.0,6001.62,854.76,95.0,-162.0,12.46,2.94,1661710621.0,0.0
0.715,0.868,0.02,-0.133,0.0,0.563,6.308,0.738,6993.86,13.46,25.0,6001.62,854.76,95.0,-172.0,12.46,2.94,1661710678.0,0.0
0.683,0.835,-0.025,-0.177,0.0,0.522,6.308,0.729,6993.87,13.47,-89.0,6001.62,854.76,95.0,-250.0,12.46,2.95,1661710738.0,0.0
0.367,0.9,-0.024,-0.557,0.0,0.269,6.308,1.363,6993.92,13.52,-112.0,6001.62,854.76,94.0,-1524.0,12.46,2.97,1661710921.0,0.0
0.356,1.976,0.035,-1.585,0.0,0.269,6.308,1.826,6993.95,13.55,-4.0,6001.62,854.76,94.0,-1557.0,12.46,2.97,1661710978.0,0.0
0.369,1.929,0.005,-1.555,0.0,0.264,6.308,0.749,6993.97,13.57,-60.0,6001.62,854.76,94.0,-485.0,12.46,2.97,1661711038.0,0.0
0.386,0.829,0.081,-0.362,0.0,0.281,6.308,0.63,6994.01,13.61,-5.0,6001.62,854.76,94.0,-366.0,12.46,3.03,1661711221.0,0.0
0.395,0.74,0.0,-0.345,0.0,0.287,6.308,0.599,6994.02,13.62,-10.0,6001.62,854.76,94.0,-314.0,12.46,3.07,1661711278.0,0.0
0.396,0.717,0.01,-0.311,0.0,0.302,6.308,0.597,6994.03,13.63,11.0,6001.62,854.76,94.0,-294.0,12.46,3.07,1661711340.0,0.0
0.504,0.864,0.062,-0.298,0.0,0.402,6.308,0.717,6994.06,13.66,-5.0,6001.62,854.76,94.0,-312.0,12.46,3.09,1661711520.0,0.0
0.579,0.831,0.025,-0.227,0.0,0.434,6.308,0.688,6994.07,13.67,3.0,6001.62,854.76,94.0,-258.0,12.46,3.11,1661711580.0,0.0
0.587,0.844,-0.008,-0.265,0.0,0.422,6.308,0.671,6994.08,13.68,4.0,6001.62,854.76,94.0,-249.0,12.46,3.11,1661711639.0,0.0
0.53,0.859,0.009,-0.32,0.0,0.372,6.308,0.709,6994.1,13.7,25.0,6001.62,854.76,94.0,-339.0,12.46,3.12,1661711759.0,0.0
0.517,0.865,0.027,-0.321,0.0,0.376,6.308,0.697,6994.12,13.72,-81.0,6001.62,854.76,93.0,-326.0,12.46,3.12,1661711818.0,0.0
0.527,0.91,-0.01,-0.393,0.0,0.39,6.308,0.787,6994.13,13.73,126.0,6001.62,854.76,93.0,-383.0,12.46,3.12,1661711878.0,0.0
0.533,0.734,0.037,-0.164,0.0,0.376,6.308,0.452,6994.14,13.74,-3.0,6001.62,854.76,93.0,168.0,12.46,3.14,1661711940.0,0.0
0.563,0.364,0.004,0.203,0.0,0.399,6.308,0.174,6994.15,13.75,-2.0,6001.62,854.76,93.0,225.0,12.46,3.15,1661712120.0,0.0
0.56,0.277,0.001,0.284,0.0,0.385,6.308,0.121,6994.15,13.75,-5.0,6001.62,854.76,93.0,259.0,12.46,3.15,1661712178.0,0.0
0.56,0.277,0.001,0.284,0.0,0.367,6.308,0.118,6994.15,13.75,0.0,6001.62,854.76,93.0,249.0,12.46,3.15,1661712239.0,0.0
0.474,0.294,0.001,0.181,0.0,0.316,6.308,0.15,6994.16,13.76,-7.0,6001.62,854.76,93.0,169.0,12.48,3.15,1661712420.0,0.0
0.425,0.261,0.004,0.168,0.0,0.305,6.308,0.144,6994.16,13.76,-13.0,6001.62,854.76,93.0,164.0,12.48,3.15,1661712478.0,0.0
0.413,0.262,0.003,0.154,0.0,0.303,6.308,0.755,6994.16,13.76,583.0,6001.62,854.76,93.0,-401.0,12.48,3.15,1661712539.0,0.0
0.396,0.56,0.032,-0.132,0.0,0.283,6.308,0.453,6994.18,13.78,-18.0,6001.62,854.77,93.0,-190.0,12.48,3.16,1661712660.0,0.0
0.395,0.664,0.05,-0.219,0.0,0.282,6.308,0.248,6994.19,13.79,-232.0,6001.62,854.77,93.0,34.0,12.48,3.16,1661712719.0,0.0
0.404,0.691,0.002,-0.285,0.0,0.287,6.308,0.48,6994.2,13.8,-49.0,6001.62,854.77,93.0,-224.0,12.48,3.16,1661712779.0,0.0
0.412,0.695,0.008,-0.275,0.0,0.297,6.308,0.601,6994.21,13.81,-112.0,6001.62,854.77,93.0,-409.0,12.48,3.16,1661712841.0,0.0
0.426,0.869,0.029,-0.414,0.0,0.312,6.308,0.652,6994.23,13.83,-5.0,6001.62,854.77,93.0,-341.0,12.48,3.19,1661712960.0,0.0
0.442,0.7,0.1,-0.158,0.0,0.324,6.308,0.641,6994.24,13.84,-16.0,6001.62,854.77,93.0,-334.0,12.48,3.19,1661713019.0,0.0
0.462,0.803,0.004,-0.337,0.0,0.337,6.308,0.682,6994.25,13.85,-5.0,6001.62,854.77,93.0,-344.0,12.48,3.19,1661713079.0,0.0
0.464,0.802,-0.002,-0.34,0.0,0.346,6.308,0.64,6994.26,13.86,-149.0,6001.62,854.77,93.0,-396.0,12.48,3.21,1661713140.0,0.0
0.508,0.945,0.12,-0.317,0.0,0.367,6.308,0.67,6994.28,13.88,88.0,6001.62,854.77,93.0,-348.0,12.48,3.21,1661713261.0,0.0
0.508,0.945,0.12,-0.317,0.0,0.388,6.308,0.973,6994.3,13.9,-182.0,6001.62,854.77,93.0,-569.0,12.48,3.23,1661713320.0,0.0
0.516,1.018,0.207,-0.295,0.0,0.4,6.308,1.107,6994.31,13.91,272.0,6001.62,854.77,93.0,-755.0,12.48,3.23,1661713382.0,0.0
0.555,0.958,-0.248,-0.651,0.0,0.41,6.308,1.129,6994.33,13.93,290.0,6001.62,854.77,93.0,-720.0,12.48,3.23,1661713438.0,0.0
0.564,0.456,0.002,0.11,0.0,0.415,6.308,0.304,6994.37,13.97,0.0,6001.62,854.77,93.0,113.0,12.49,3.27,1661713621.0,0.0
0.582,0.3,0.0,0.282,0.0,0.421,6.308,0.141,6994.38,13.98,-4.0,6001.62,854.77,93.0,283.0,12.49,3.3,1661713678.0,0.0
0.575,0.406,0.02,0.189,0.0,0.418,6.308,0.255,6994.38,13.98,-28.0,6001.62,854.77,93.0,158.0,12.49,3.3,1661713740.0,0.0
0.557,0.769,0.022,-0.19,0.0,0.398,6.308,0.593,6994.39,13.99,-4.0,6001.62,854.78,93.0,-195.0,12.49,3.3,1661713798.0,0.0
0.561,0.757,-0.002,-0.198,0.0,0.391,6.308,0.598,6994.4,14.0,2.0,6001.62,854.78,93.0,-211.0,12.49,3.3,1661713859.0,0.0
0.535,0.754,0.003,-0.216,0.0,0.377,6.308,0.605,6994.41,14.01,4.0,6001.62,854.78,93.0,-228.0,12.49,3.3,1661713918.0,0.0
0.548,0.784,0.008,-0.228,0.0,0.364,6.308,0.612,6994.42,14.02,-16.0,6001.62,854.78,93.0,-248.0,12.49,3.3,1661713977.0,0.0
0.515,0.878,0.028,-0.335,0.0,0.351,6.308,0.723,6994.43,14.03,-2.0,6001.62,854.78,93.0,-372.0,12.49,3.32,1661714039.0,0.0
0.45,0.848,0.004,-0.394,0.0,0.305,6.308,0.734,6994.45,14.05,1.0,6001.62,854.78,93.0,-436.0,12.49,3.32,1661714160.0,0.0
0.399,0.835,-0.005,-0.441,0.0,0.275,6.308,0.74,6994.47,14.07,4.0,6001.62,854.78,93.0,-466.0,12.49,3.34,1661714218.0,0.0
0.351,0.842,0.003,-0.488,0.0,0.242,6.308,0.755,6994.48,14.08,-3.0,6001.62,854.78,93.0,-513.0,12.49,3.34,1661714278.0,0.0
0.333,0.861,0.012,-0.516,0.0,0.211,6.308,0.685,6994.49,14.09,-4.0,6001.62,854.78,93.0,-474.0,12.49,3.36,1661714338.0,0.0
0.218,0.708,-0.003,-0.493,0.0,0.142,6.308,0.66,6994.52,14.12,2.0,6001.62,854.78,93.0,-521.0,12.49,3.4,1661714522.0,0.0
0.187,0.722,0.003,-0.532,0.0,0.123,6.308,0.663,6994.53,14.13,0.0,6001.62,854.78,92.0,-540.0,12.49,3.4,1661714580.0,0.0
0.158,0.701,-0.006,-0.549,0.0,0.11,6.308,0.669,6994.55,14.15,-3.0,6001.62,854.78,92.0,-559.0,12.49,3.4,1661714640.0,0.0
0.127,0.724,0.0,-0.597,0.0,0.081,6.308,0.682,6994.57,14.17,-5.0,6001.62,854.78,92.0,-601.0,12.49,3.43,1661714761.0,0.0
0.105,0.72,0.002,-0.613,0.0,0.071,6.308,0.683,6994.58,14.18,1.0,6001.62,854.78,92.0,-612.0,12.49,3.43,1661714820.0,0.0
0.09,0.707,0.0,-0.617,0.0,0.059,6.308,0.653,6994.59,14.19,-8.0,6001.62,854.78,92.0,-594.0,12.49,3.47,1661714879.0,0.0
0.067,0.68,0.062,-0.551,0.0,0.046,6.308,0.569,6994.6,14.2,-17.0,6001.62,854.78,92.0,-523.0,12.49,3.47,1661714939.0,0.0
0.022,0.839,0.065,-0.752,0.0,0.02,6.308,0.795,6994.63,14.23,-112.0,6001.62,854.78,92.0,-776.0,12.49,3.49,1661715120.0,0.0
0.016,0.84,0.006,-0.818,0.0,0.013,6.308,0.838,6994.65,14.25,0.0,6001.62,854.78,92.0,-824.0,12.49,3.52,1661715179.0,0.0
0.013,0.834,-0.006,-0.827,0.0,0.008,6.308,0.85,6994.66,14.26,-11.0,6001.62,854.78,92.0,-837.0,12.49,3.52,1661715238.0,0.0
0.0,0.852,0.003,-0.849,0.0,0.0,6.308,0.761,6994.7,14.3,-1.0,6001.62,854.78,92.0,-765.0,12.49,3.57,1661715422.0,0.0
0.0,0.765,0.0,-0.765,0.0,0.0,6.308,0.748,6994.72,14.32,-10.0,6001.62,854.78,92.0,-748.0,12.49,3.63,1661715478.0,0.0
0.0,0.745,0.004,-0.741,0.0,0.0,6.308,0.752,6994.73,14.33,-8.0,6001.62,854.78,92.0,-752.0,12.49,3.63,1661715538.0,0.0
0.0,0.746,0.001,-0.745,0.0,0.0,6.308,0.751,6994.77,14.36,4.0,6001.62,854.78,92.0,-752.0,12.49,3.67,1661715723.0,0.0
0.0,0.748,-0.007,-0.755,0.0,0.0,6.308,0.759,6994.78,14.38,3.0,6001.62,854.78,92.0,-756.0,12.49,3.67,1661715778.0,0.0
0.0,0.734,0.005,-0.729,0.0,0.0,6.308,0.723,6994.79,14.39,-19.0,6001.62,854.78,92.0,-720.0,12.49,3.72,1661715840.0,0.0
0.0,0.733,-0.006,-0.739,0.0,0.0,6.308,0.741,6994.83,14.43,-3.0,6001.62,854.78,91.0,-734.0,12.49,3.77,1661716020.0,0.0
0.0,0.774,0.01,-0.764,0.0,0.0,6.308,0.748,6994.84,14.44,-18.0,6001.62,854.78,91.0,-748.0,12.49,3.77,1661716080.0,0.0
0.0,0.757,0.007,-0.75,0.0,0.0,6.308,0.748,6994.85,14.45,6.0,6001.62,854.78,91.0,-748.0,12.49,3.77,1661716138.0,0.0
0.0,0.861,0.112,-0.749,0.0,0.0,6.308,0.867,6994.87,14.47,1.0,6001.62,854.78,91.0,-867.0,12.49,3.82,1661716201.0,0.0
0.0,0.863,0.002,-0.861,0.0,0.0,6.308,0.865,6994.88,14.48,0.0,6001.62,854.78,91.0,-865.0,12.49,3.82,1661716259.0,0.0
0.0,0.869,0.002,-0.867,0.0,0.0,6.308,0.865,6994.9,14.5,3.0,6001.62,854.78,91.0,-865.0,12.49,3.82,1661716321.0,0.0
0.0,0.854,0.004,-0.85,0.0,0.0,6.308,0.851,6994.91,14.51,9.0,6001.62,854.78,91.0,-857.0,12.49,3.86,1661716381.0,0.0
0.0,0.856,0.003,-0.853,0.0,0.0,6.308,0.855,6994.92,14.52,8.0,6001.62,854.78,91.0,-854.0,12.49,3.86,1661716440.0,0.0
0.0,0.869,0.014,-0.855,0.0,0.0,6.308,0.277,6994.94,14.54,-15.0,6001.62,854.78,91.0,-277.0,12.49,3.86,1661716497.0,0.0
0.0,0.298,0.0,-0.298,0.0,0.0,6.308,0.298,6994.94,14.54,0.0,6001.62,854.78,91.0,-295.0,12.49,3.91,1661716559.0,0.0
0.0,0.295,0.0,-0.295,0.0,0.0,6.308,0.295,6994.95,14.55,-4.0,6001.62,854.78,91.0,-297.0,12.49,3.91,1661716619.0,0.0
0.0,0.296,0.0,-0.296,0.0,0.0,6.308,0.237,6994.95,14.55,-1.0,6001.62,854.78,91.0,-238.0,12.49,3.91,1661716680.0,0.0
0.0,0.245,0.002,-0.243,0.0,0.0,6.308,0.242,6994.96,14.56,-6.0,6001.62,854.78,91.0,-242.0,12.49,3.95,1661716738.0,0.0
0.0,0.243,0.0,-0.243,0.0,0.0,6.308,0.24,6994.96,14.56,-2.0,6001.62,854.78,91.0,-242.0,12.49,3.95,1661716797.0,0.0
0.0,0.241,0.0,-0.241,0.0,0.0,6.308,0.243,6994.96,14.56,1.0,6001.62,854.78,91.0,-242.0,12.49,3.97,1661716858.0,0.0
0.0,0.24,0.001,-0.239,0.0,0.0,6.308,0.237,6994.97,14.57,-1.0,6001.62,854.78,91.0,-242.0,12.49,3.97,1661716920.0,0.0
0.0,0.242,0.0,-0.242,0.0,0.0,6.308,0.239,6994.97,14.57,0.0,6001.62,854.78,91.0,-242.0,12.49,3.97,1661716978.0,0.0
0.0,0.237,-0.001,-0.238,0.0,0.0,6.308,0.238,6994.98,14.58,-2.0,6001.62,854.78,91.0,-238.0,12.49,3.99,1661717037.0,0.0
0.0,0.272,0.0,-0.272,0.0,0.0,6.308,0.27,6994.98,14.58,0.0,6001.62,854.78,91.0,-271.0,12.49,3.99,1661717159.0,0.0
0.0,0.271,0.001,-0.27,0.0,0.0,6.308,0.272,6994.99,14.59,-2.0,6001.62,854.78,91.0,-272.0,12.49,4.01,1661717219.0,0.0
0.0,0.386,0.008,-0.378,0.0,0.0,6.308,0.384,6994.99,14.59,6.0,6001.62,854.78,91.0,-384.0,12.49,4.01,1661717279.0,0.0
0.0,0.381,0.003,-0.378,0.0,0.0,6.308,0.382,6995.0,14.6,-3.0,6001.62,854.78,90.0,-382.0,12.49,4.01,1661717339.0,0.0
0.0,0.489,0.014,-0.475,0.0,0.0,6.308,0.51,6995.01,14.61,-2.0,6001.62,854.78,90.0,-514.0,12.49,4.04,1661717462.0,0.0
0.0,0.519,0.0,-0.519,0.0,0.0,6.308,0.523,6995.02,14.62,0.0,6001.62,854.78,90.0,-524.0,12.49,4.04,1661717519.0,0.0
0.0,0.521,0.001,-0.52,0.0,0.0,6.308,0.427,6995.03,14.63,16.0,6001.62,854.78,90.0,-427.0,12.49,4.07,1661717578.0,0.0
0.0,0.336,0.007,-0.329,0.0,0.0,6.308,0.334,6995.04,14.64,-1013.0,6001.62,854.78,90.0,-334.0,12.49,4.07,1661717638.0,0.0
0.0,2.079,-0.001,-2.08,0.0,0.0,6.308,2.082,6995.07,14.67,-5.0,6001.62,854.78,90.0,-2082.0,12.49,4.07,1661717699.0,0.0
0.0,0.307,0.023,-0.284,0.0,0.0,6.308,2.075,6995.09,14.69,-9.0,6001.62,854.78,90.0,-2071.0,12.49,4.11,1661717760.0,0.0
0.0,0.683,0.033,-0.65,0.0,0.0,6.308,0.311,6995.1,14.7,-1716.0,6001.62,854.78,90.0,-311.0,12.49,4.11,1661717819.0,0.0
0.0,1.226,-0.267,-1.493,0.0,0.0,6.308,0.287,6995.13,14.73,-21.0,6001.62,854.79,90.0,-287.0,12.49,4.11,1661717879.0,0.0
0.0,0.327,0.001,-0.326,0.0,0.0,6.308,0.328,6995.13,14.73,1.0,6001.62,854.79,90.0,-329.0,12.49,4.18,1661717939.0,0.0
0.0,0.323,0.0,-0.323,0.0,0.0,6.308,0.324,6995.14,14.74,-2.0,6001.62,854.79,90.0,-326.0,12.49,4.18,1661717998.0,0.0
0.0,0.327,0.0,-0.327,0.0,0.0,6.308,0.322,6995.15,14.75,0.0,6001.62,854.79,90.0,-322.0,12.49,4.18,1661718059.0,0.0
0.0,0.329,0.002,-0.327,0.0,0.0,6.308,0.329,6995.15,14.75,0.0,6001.62,854.79,90.0,-326.0,12.49,4.22,1661718118.0,0.0
0.0,0.233,-0.06,-0.293,0.0,0.0,6.308,0.24,6995.16,14.76,-149.0,6001.62,854.79,90.0,-272.0,12.49,4.22,1661718179.0,0.0
0.0,0.25,-0.002,-0.252,0.0,0.0,6.308,0.254,6995.16,14.76,-4.0,6001.62,854.79,90.0,-254.0,12.49,4.25,1661718238.0,0.0
