input_power,day_active_power_peak,accumulated_yield_energy,active_power,daily_yield_energy,power_meter_active_power,grid_accumulated_energy,grid_exported_energy,storage_state_of_capacity,storage_charge_discharge_power,system_time,local_time,sampling_duration
3630,1997,6852.63,-1062,1.5,132,854.16,5874.97,85.0,4695,2022-08-24 08:25:09+00:00,2022-08-24T09:25:13.893842,13.8
3651,1997,6852.63,-1065,1.5,206,854.16,5874.97,85.0,4720,2022-08-24 08:26:18+00:00,2022-08-24T09:26:23.999207,10.1
3664,1997,6852.63,-1070,1.5,203,854.16,5874.97,86.0,4746,2022-08-24 08:27:28+00:00,2022-08-24T09:27:34.011041,10.0
3692,1997,6852.63,-1064,1.5,87,854.16,5874.99,86.0,4763,2022-08-24 08:28:42+00:00,2022-08-24T09:28:48.510137,14.4
3718,1997,6852.63,-1068,1.5,118,854.16,5874.99,86.0,4779,2022-08-24 08:29:52+00:00,2022-08-24T09:29:59.277657,10.8
3739,1997,6852.63,-1064,1.5,130,854.16,5874.99,87.0,4804,2022-08-24 08:31:01+00:00,2022-08-24T09:31:08.774538,9.5
3770,1997,6852.63,-1057,1.5,145,854.16,5874.99,87.0,4847,2022-08-24 08:32:12+00:00,2022-08-24T09:32:18.582469,9.8
3799,1997,6852.63,-1067,1.5,156,854.16,5875.0,87.0,4850,2022-08-24 08:33:22+00:00,2022-08-24T09:33:29.128932,10.5
3816,1997,6852.63,-1067,1.5,241,854.16,5875.0,87.0,4884,2022-08-24 08:34:34+00:00,2022-08-24T09:34:39.529207,10.4
3828,1997,6852.63,-1066,1.5,236,854.16,5875.0,88.0,4895,2022-08-24 08:35:43+00:00,2022-08-24T09:35:48.876023,9.3
3835,1997,6852.63,-1067,1.5,257,854.16,5875.0,88.0,4908,2022-08-24 08:36:56+00:00,2022-08-24T09:37:02.404289,13.5
3868,1997,6852.63,-1064,1.5,184,854.16,5875.02,88.0,4936,2022-08-24 08:38:08+00:00,2022-08-24T09:38:13.393682,10.9
3884,1997,6852.63,-1066,1.5,135,854.16,5875.02,88.0,4947,2022-08-24 08:39:19+00:00,2022-08-24T09:39:24.403577,10.9
3915,1997,6852.63,-1061,1.5,144,854.16,5875.02,89.0,4986,2022-08-24 08:40:28+00:00,2022-08-24T09:40:33.340923,8.9
3921,1997,6852.63,-1065,1.5,148,854.16,5875.02,89.0,4967,2022-08-24 08:41:38+00:00,2022-08-24T09:41:42.635924,9.3
3939,1997,6852.63,-1064,1.5,134,854.16,5875.02,89.0,5004,2022-08-24 08:42:50+00:00,2022-08-24T09:42:53.836371,11.2
3941,1997,6852.63,-1066,1.5,122,854.16,5875.02,89.0,5019,2022-08-24 08:43:59+00:00,2022-08-24T09:44:05.712856,11.9
3981,1997,6852.63,-1069,1.5,120,854.16,5875.02,90.0,5040,2022-08-24 08:45:11+00:00,2022-08-24T09:45:17.380639,11.6
3993,1997,6852.63,-1067,1.5,132,854.16,5875.02,90.0,5066,2022-08-24 08:46:24+00:00,2022-08-24T09:46:30.091187,12.7
4014,1997,6852.63,-1065,1.5,36,854.16,5875.04,90.0,5082,2022-08-24 08:47:35+00:00,2022-08-24T09:47:41.043521,10.9
4037,1997,6852.63,-1068,1.5,45,854.16,5875.04,90.0,5096,2022-08-24 08:48:45+00:00,2022-08-24T09:48:52.000274,10.9
4045,1997,6852.63,-1070,1.5,56,854.16,5875.04,91.0,5115,2022-08-24 08:49:56+00:00,2022-08-24T09:50:01.552798,9.5
4056,1997,6852.63,-1070,1.5,63,854.16,5875.04,91.0,5132,2022-08-24 08:51:05+00:00,2022-08-24T09:51:11.057743,9.5
4075,1997,6852.63,-579,1.5,18,854.16,5875.04,91.0,4664,2022-08-24 08:52:17+00:00,2022-08-24T09:52:22.112597,11.0
4107,1997,6852.63,-575,1.5,28,854.16,5875.04,91.0,4686,2022-08-24 08:53:26+00:00,2022-08-24T09:53:30.635321,8.5
4137,1997,6852.63,-1069,1.5,178,854.16,5875.04,92.0,5197,2022-08-24 08:54:35+00:00,2022-08-24T09:54:39.156899,8.5
4148,1997,6852.63,-1067,1.5,184,854.16,5875.04,92.0,5235,2022-08-24 08:55:45+00:00,2022-08-24T09:55:50.077039,10.9
4188,1997,6852.63,-1070,1.5,192,854.16,5875.04,92.0,5260,2022-08-24 08:56:57+00:00,2022-08-24T09:57:01.820081,11.7
4193,1997,6852.63,-1065,1.5,192,854.16,5875.04,93.0,5260,2022-08-24 08:58:07+00:00,2022-08-24T09:58:11.806567,9.9
4192,1997,6852.63,-1065,1.5,194,854.16,5875.06,93.0,5272,2022-08-24 08:59:16+00:00,2022-08-24T09:59:20.642135,8.8
4219,1997,6852.64,345,1.51,1534,854.16,5875.08,93.0,3880,2022-08-24 09:00:25+00:00,2022-08-24T10:00:30.148143,9.5
4223,1997,6852.64,11,1.51,1238,854.16,5875.1,94.0,4224,2022-08-24 09:01:35+00:00,2022-08-24T10:01:39.651789,9.5
4224,1997,6852.64,-333,1.51,809,854.16,5875.12,94.0,4566,2022-08-24 09:02:45+00:00,2022-08-24T10:02:49.911278,10.2
4241,1997,6852.64,-686,1.51,507,854.16,5875.14,95.0,4923,2022-08-24 09:03:54+00:00,2022-08-24T10:03:59.449290,9.5
4248,1997,6852.64,-819,1.51,368,854.16,5875.14,95.0,5073,2022-08-24 09:05:10+00:00,2022-08-24T10:05:14.239152,14.7
4183,4183,6852.69,4183,1.56,5314,854.16,5875.22,95.0,0,2022-08-24 09:06:20+00:00,2022-08-24T10:06:25.426092,11.2
4209,4210,6852.77,4213,1.65,4695,854.16,5875.31,95.0,0,2022-08-24 09:07:30+00:00,2022-08-24T10:07:36.258733,10.8
4205,4236,6852.86,4205,1.73,4465,854.16,5875.41,95.0,0,2022-08-24 09:08:41+00:00,2022-08-24T10:08:46.218115,9.9
4231,4240,6852.94,4240,1.81,4805,854.16,5875.52,95.0,0,2022-08-24 09:09:50+00:00,2022-08-24T10:09:56.029098,9.8
4261,4262,6853.02,4264,1.89,5521,854.16,5875.62,95.0,0,2022-08-24 09:10:59+00:00,2022-08-24T10:11:04.807193,8.8
4276,4287,6853.1,4275,1.98,5533,854.16,5875.72,95.0,0,2022-08-24 09:12:10+00:00,2022-08-24T10:12:14.999288,10.2
4278,4297,6853.19,4278,2.06,5533,854.16,5875.83,95.0,0,2022-08-24 09:13:21+00:00,2022-08-24T10:13:26.117322,11.1
4305,4309,6853.27,4313,2.15,5553,854.16,5875.93,95.0,0,2022-08-24 09:14:34+00:00,2022-08-24T10:14:39.194841,13.1
4324,4331,6853.36,4304,2.23,5569,854.16,5876.04,95.0,0,2022-08-24 09:15:43+00:00,2022-08-24T10:15:48.064618,8.8
4340,4355,6853.46,4354,2.33,5611,854.16,5876.18,95.0,0,2022-08-24 09:17:04+00:00,2022-08-24T10:17:08.697127,20.6
4363,4364,6853.54,4355,2.41,5626,854.16,5876.27,95.0,0,2022-08-24 09:18:12+00:00,2022-08-24T10:18:17.241709,8.5
4372,4374,6853.62,4372,2.49,5268,854.16,5876.39,95.0,0,2022-08-24 09:19:22+00:00,2022-08-24T10:19:27.369120,10.1
4383,4384,6853.71,4376,2.58,5658,854.16,5876.5,95.0,0,2022-08-24 09:20:31+00:00,2022-08-24T10:20:36.311210,8.9
4386,4399,6853.79,4386,2.66,5598,854.16,5876.6,95.0,0,2022-08-24 09:21:40+00:00,2022-08-24T10:21:45.778017,9.4
4404,4412,6853.88,4404,2.75,5638,854.16,5876.72,95.0,0,2022-08-24 09:22:51+00:00,2022-08-24T10:22:56.834061,11.0
4428,4431,6853.96,4428,2.83,4982,854.16,5876.81,95.0,0,2022-08-24 09:24:01+00:00,2022-08-24T10:24:07.064358,10.2
4447,4459,6854.05,4455,2.92,5051,854.16,5876.91,95.0,0,2022-08-24 09:25:10+00:00,2022-08-24T10:25:15.655261,8.6
4470,4478,6854.14,4470,3.01,5062,854.16,5877.0,95.0,0,2022-08-24 09:26:21+00:00,2022-08-24T10:26:27.321672,11.6
4483,4491,6854.23,4488,3.1,5841,854.16,5877.12,95.0,0,2022-08-24 09:27:31+00:00,2022-08-24T10:27:36.140402,8.8
4506,4510,6854.31,4507,3.18,5854,854.16,5877.22,95.0,0,2022-08-24 09:28:40+00:00,2022-08-24T10:28:45.880856,9.7
4529,4530,6854.4,4529,3.27,5890,854.16,5877.35,95.0,0,2022-08-24 09:29:51+00:00,2022-08-24T10:29:56.596175,10.7
4523,4533,6854.49,4523,3.36,5874,854.16,5877.45,95.0,0,2022-08-24 09:31:00+00:00,2022-08-24T10:31:05.467437,8.9
4531,4543,6854.57,4531,3.44,5902,854.16,5877.58,95.0,0,2022-08-24 09:32:13+00:00,2022-08-24T10:32:18.101548,12.6
4541,4548,6854.66,4547,3.54,5921,854.16,5877.7,95.0,0,2022-08-24 09:33:22+00:00,2022-08-24T10:33:27.550804,9.4
4557,4572,6854.75,4570,3.63,5933,854.16,5877.81,95.0,0,2022-08-24 09:34:32+00:00,2022-08-24T10:34:37.888621,10.3
4588,4589,6854.84,4592,3.71,5968,854.16,5877.91,95.0,0,2022-08-24 09:35:43+00:00,2022-08-24T10:35:48.853955,10.9
4575,4593,6854.93,4575,3.8,5946,854.16,5878.04,95.0,0,2022-08-24 09:36:55+00:00,2022-08-24T10:36:59.361440,10.5
4587,4600,6855.02,4587,3.89,5968,854.16,5878.16,95.0,0,2022-08-24 09:38:04+00:00,2022-08-24T10:38:08.275459,8.9
4617,4617,6855.11,4617,3.98,5990,854.16,5878.27,95.0,0,2022-08-24 09:39:13+00:00,2022-08-24T10:39:18.280384,10.0
4627,4628,6855.2,4629,4.07,5904,854.16,5878.39,95.0,0,2022-08-24 09:40:21+00:00,2022-08-24T10:40:27.996387,9.7
4651,4652,6855.29,4646,4.16,5932,854.16,5878.5,95.0,0,2022-08-24 09:41:36+00:00,2022-08-24T10:41:41.220882,13.2
4631,4652,6855.39,4631,4.26,5937,854.16,5878.62,95.0,0,2022-08-24 09:42:45+00:00,2022-08-24T10:42:51.090571,9.8
4651,4654,6855.47,4651,4.34,5952,854.16,5878.74,95.0,0,2022-08-24 09:43:54+00:00,2022-08-24T10:44:00.212775,9.1
4653,4659,6855.57,4642,4.44,5926,854.16,5878.85,95.0,0,2022-08-24 09:45:09+00:00,2022-08-24T10:45:14.563841,14.3
4622,4665,6855.66,4641,4.53,6046,854.16,5878.97,95.0,0,2022-08-24 09:46:19+00:00,2022-08-24T10:46:25.275508,10.7
4662,4687,6855.75,4678,4.63,6089,854.16,5879.1,95.0,0,2022-08-24 09:47:31+00:00,2022-08-24T10:47:36.930971,11.6
4695,4699,6855.85,4695,4.72,6117,854.16,5879.22,95.0,0,2022-08-24 09:48:42+00:00,2022-08-24T10:48:47.878027,10.9
4484,4712,6855.94,4488,4.81,5900,854.16,5879.33,95.0,0,2022-08-24 09:49:56+00:00,2022-08-24T10:50:01.816574,13.9
4723,4724,6856.03,4730,4.9,6118,854.16,5879.45,95.0,0,2022-08-24 09:51:09+00:00,2022-08-24T10:51:14.059153,12.2
4729,4730,6856.13,4728,5.0,6110,854.16,5879.58,95.0,0,2022-08-24 09:52:19+00:00,2022-08-24T10:52:23.508347,9.4
4736,4739,6856.22,4721,5.09,6120,854.16,5879.7,95.0,0,2022-08-24 09:53:28+00:00,2022-08-24T10:53:33.296341,9.8
4752,4753,6856.31,4752,5.18,6134,854.16,5879.81,95.0,0,2022-08-24 09:54:40+00:00,2022-08-24T10:54:45.750714,12.4
4777,4777,6856.4,4777,5.27,6164,854.16,5879.93,95.0,0,2022-08-24 09:55:50+00:00,2022-08-24T10:55:56.456278,10.6
4765,4786,6856.5,4767,5.37,6165,854.16,5880.06,95.0,0,2022-08-24 09:57:00+00:00,2022-08-24T10:57:06.206365,9.7
4786,4794,6856.59,4785,5.46,6184,854.16,5880.18,95.0,0,2022-08-24 09:58:10+00:00,2022-08-24T10:58:15.886417,9.7
4797,4802,6856.68,4797,5.55,6073,854.16,5880.29,95.0,0,2022-08-24 09:59:22+00:00,2022-08-24T10:59:27.346330,11.4
4813,4822,6856.78,4809,5.65,6121,854.16,5880.41,95.0,0,2022-08-24 10:00:33+00:00,2022-08-24T11:00:38.913841,11.5
4814,4824,6856.87,4814,5.74,6101,854.16,5880.54,95.0,0,2022-08-24 10:01:43+00:00,2022-08-24T11:01:48.976509,10.0
4846,4846,6856.97,4847,5.84,6150,854.16,5880.66,95.0,0,2022-08-24 10:02:52+00:00,2022-08-24T11:02:59.149255,10.1
4841,4855,6857.06,4844,5.93,6154,854.16,5880.77,95.0,0,2022-08-24 10:04:04+00:00,2022-08-24T11:04:09.134643,9.9
4841,4855,6857.16,4841,6.03,6245,854.16,5880.91,95.0,0,2022-08-24 10:05:17+00:00,2022-08-24T11:05:21.573212,12.4
4859,4864,6857.25,4859,6.12,6269,854.16,5881.02,95.0,0,2022-08-24 10:06:26+00:00,2022-08-24T11:06:31.525734,9.9
4865,4865,6857.35,4865,6.22,6256,854.16,5881.16,95.0,0,2022-08-24 10:07:39+00:00,2022-08-24T11:07:43.359504,11.8
4869,4870,6857.45,4869,6.32,6274,854.16,5881.27,95.0,0,2022-08-24 10:08:48+00:00,2022-08-24T11:08:53.503514,10.1
4873,4880,6857.54,4873,6.41,6276,854.16,5881.39,95.0,0,2022-08-24 10:09:58+00:00,2022-08-24T11:10:06.263212,12.7
4882,4896,6857.64,4890,6.51,6302,854.16,5881.52,95.0,0,2022-08-24 10:11:09+00:00,2022-08-24T11:11:16.273125,10.0
4893,4899,6857.73,4885,6.61,6314,854.16,5881.64,95.0,0,2022-08-24 10:12:20+00:00,2022-08-24T11:12:24.955838,8.6
4913,4914,6857.83,4913,6.7,6332,854.16,5881.75,95.0,0,2022-08-24 10:13:27+00:00,2022-08-24T11:13:33.940969,8.9
4901,4918,6857.92,4901,6.79,6335,854.16,5881.89,95.0,0,2022-08-24 10:14:39+00:00,2022-08-24T11:14:45.506139,11.5
4919,4924,6858.02,4911,6.89,6330,854.16,5882.02,95.0,0,2022-08-24 10:15:51+00:00,2022-08-24T11:15:59.071784,13.5
4925,4928,6858.12,4925,6.99,6351,854.16,5882.14,95.0,0,2022-08-24 10:17:03+00:00,2022-08-24T11:17:09.089193,10.0
4938,4941,6858.21,4938,7.08,6264,854.16,5882.25,95.0,0,2022-08-24 10:18:12+00:00,2022-08-24T11:18:16.772822,7.6
4956,4957,6858.31,4943,7.18,6275,854.16,5882.37,95.0,0,2022-08-24 10:19:20+00:00,2022-08-24T11:19:25.784326,9.0
4955,4973,6858.41,4964,7.28,6317,854.16,5882.5,95.0,0,2022-08-24 10:20:34+00:00,2022-08-24T11:20:40.067063,14.3
4983,4983,6858.5,4983,7.37,6335,854.16,5882.62,95.0,0,2022-08-24 10:21:45+00:00,2022-08-24T11:21:49.959420,9.9
4964,4983,6858.6,4945,7.47,5686,854.16,5882.75,95.0,0,2022-08-24 10:22:55+00:00,2022-08-24T11:23:00.936027,10.9
4976,4983,6858.7,4976,7.57,5753,854.16,5882.85,95.0,0,2022-08-24 10:24:07+00:00,2022-08-24T11:24:11.588729,10.6
5000,5001,6858.8,5000,7.67,6442,854.16,5882.97,95.0,0,2022-08-24 10:25:16+00:00,2022-08-24T11:25:20.618488,9.0
4993,5006,6858.9,4993,7.77,6450,854.16,5883.1,95.0,0,2022-08-24 10:26:28+00:00,2022-08-24T11:26:33.556028,12.9
5005,5012,6858.99,5005,7.87,6461,854.16,5883.24,95.0,0,2022-08-24 10:27:37+00:00,2022-08-24T11:27:43.095528,9.5
5014,5023,6859.09,5014,7.96,6462,854.16,5883.37,95.0,0,2022-08-24 10:28:50+00:00,2022-08-24T11:28:55.063434,11.9
5021,5033,6859.19,5026,8.06,6505,854.16,5883.5,95.0,0,2022-08-24 10:30:04+00:00,2022-08-24T11:30:09.451416,14.3
5026,5038,6859.3,5028,8.17,6531,854.16,5883.62,95.0,0,2022-08-24 10:31:14+00:00,2022-08-24T11:31:19.903844,10.4
5022,5038,6859.39,5025,8.26,6522,854.16,5883.75,95.0,0,2022-08-24 10:32:23+00:00,2022-08-24T11:32:29.075283,9.1
5024,5038,6859.49,5028,8.36,5787,854.16,5883.87,95.0,0,2022-08-24 10:33:35+00:00,2022-08-24T11:33:41.274824,12.1
5022,5038,6859.59,5021,8.46,6508,854.16,5884.0,95.0,0,2022-08-24 10:34:45+00:00,2022-08-24T11:34:51.953540,10.6
5027,5038,6859.69,5030,8.56,6426,854.16,5884.14,95.0,0,2022-08-24 10:35:56+00:00,2022-08-24T11:36:02.190544,10.2
5031,5038,6859.79,5031,8.66,6414,854.16,5884.25,95.0,0,2022-08-24 10:37:06+00:00,2022-08-24T11:37:12.747863,10.5
5042,5045,6859.89,5042,8.76,6450,854.16,5884.39,95.0,0,2022-08-24 10:38:18+00:00,2022-08-24T11:38:23.746579,11.0
5024,5051,6859.99,5024,8.86,6446,854.16,5884.5,95.0,0,2022-08-24 10:39:27+00:00,2022-08-24T11:39:33.165983,9.4
5037,5060,6860.08,5037,8.95,6553,854.16,5884.64,95.0,0,2022-08-24 10:40:37+00:00,2022-08-24T11:40:43.999174,10.8
5070,5072,6860.18,5065,9.05,6567,854.16,5884.77,95.0,0,2022-08-24 10:41:48+00:00,2022-08-24T11:41:54.320822,10.3
4823,5072,6860.28,4824,9.15,6331,854.16,5884.89,95.0,0,2022-08-24 10:42:59+00:00,2022-08-24T11:43:04.815511,10.5
4848,5072,6860.38,4853,9.25,6348,854.16,5885.02,95.0,0,2022-08-24 10:44:12+00:00,2022-08-24T11:44:17.578331,12.8
4843,5072,6860.47,4843,9.34,6330,854.16,5885.14,95.0,0,2022-08-24 10:45:21+00:00,2022-08-24T11:45:26.228671,8.6
4844,5072,6860.56,4844,9.43,6360,854.16,5885.27,95.0,0,2022-08-24 10:46:31+00:00,2022-08-24T11:46:36.314065,10.0
5097,5097,6860.66,5097,9.53,6611,854.16,5885.39,95.0,0,2022-08-24 10:47:40+00:00,2022-08-24T11:47:45.822685,9.5
5100,5107,6860.76,5100,9.63,6599,854.16,5885.52,95.0,0,2022-08-24 10:48:51+00:00,2022-08-24T11:48:56.300711,10.4
5098,5107,6860.86,5101,9.73,6615,854.16,5885.64,95.0,0,2022-08-24 10:50:04+00:00,2022-08-24T11:50:09.975621,13.6
5110,5112,6860.96,5110,9.83,6615,854.16,5885.77,95.0,0,2022-08-24 10:51:14+00:00,2022-08-24T11:51:20.132269,10.1
5099,5116,6861.06,5096,9.93,6619,854.16,5885.91,95.0,0,2022-08-24 10:52:26+00:00,2022-08-24T11:52:31.849579,11.7
5113,5117,6861.16,5113,10.04,6635,854.16,5886.04,95.0,0,2022-08-24 10:53:38+00:00,2022-08-24T11:53:43.046426,11.1
5119,5121,6861.27,5115,10.13,6514,854.16,5886.16,95.0,0,2022-08-24 10:54:47+00:00,2022-08-24T11:54:51.139964,8.1
5110,5124,6861.36,5118,10.24,6546,854.16,5886.29,95.0,0,2022-08-24 10:55:55+00:00,2022-08-24T11:56:01.530214,10.3
5120,5130,6861.46,5122,10.33,6486,854.16,5886.41,95.0,0,2022-08-24 10:57:06+00:00,2022-08-24T11:57:12.085297,10.5
5122,5132,6861.56,5122,10.43,6467,854.16,5886.54,95.0,0,2022-08-24 10:58:18+00:00,2022-08-24T11:58:23.234496,11.1
5107,5134,6861.66,5117,10.54,6556,854.16,5886.68,95.0,0,2022-08-24 10:59:28+00:00,2022-08-24T11:59:32.976546,9.7
5131,5134,6861.77,5128,10.64,6555,854.16,5886.79,95.0,0,2022-08-24 11:00:37+00:00,2022-08-24T12:00:42.409635,9.4
5137,5140,6861.86,5133,10.73,6543,854.16,5886.93,95.0,0,2022-08-24 11:01:49+00:00,2022-08-24T12:01:54.325216,11.9
5120,5143,6861.96,5127,10.84,6552,854.16,5887.06,95.0,0,2022-08-24 11:03:01+00:00,2022-08-24T12:03:05.684138,11.3
5139,5143,6862.07,5139,10.94,6192,854.16,5887.18,95.0,0,2022-08-24 11:04:11+00:00,2022-08-24T12:04:15.493041,9.8
5150,5159,6862.16,5138,11.03,6087,854.16,5887.31,95.0,0,2022-08-24 11:05:20+00:00,2022-08-24T12:05:26.331756,10.8
5137,5160,6862.27,5137,11.14,6272,854.16,5887.43,95.0,0,2022-08-24 11:06:32+00:00,2022-08-24T12:06:36.738556,10.4
5160,5161,6862.37,5160,11.24,6356,854.16,5887.54,95.0,0,2022-08-24 11:07:41+00:00,2022-08-24T12:07:46.728446,10.0
5155,5164,6862.47,5142,11.34,6336,854.16,5887.68,95.0,0,2022-08-24 11:08:53+00:00,2022-08-24T12:08:57.945379,11.2
5159,5170,6862.57,5159,11.44,6416,854.16,5887.81,95.0,0,2022-08-24 11:10:08+00:00,2022-08-24T12:10:12.757914,14.8
5171,5174,6862.68,5168,11.55,6399,854.16,5887.93,95.0,0,2022-08-24 11:11:18+00:00,2022-08-24T12:11:23.897132,11.1
5143,5179,6862.78,5158,11.65,6305,854.16,5888.06,95.0,0,2022-08-24 11:12:27+00:00,2022-08-24T12:12:34.413481,10.5
5155,5179,6862.88,5165,11.75,6316,854.16,5888.18,95.0,0,2022-08-24 11:13:37+00:00,2022-08-24T12:13:43.300002,8.8
5158,5179,6862.98,5158,11.85,6296,854.16,5888.29,95.0,0,2022-08-24 11:14:45+00:00,2022-08-24T12:14:51.071565,7.7
5166,5179,6863.08,5166,11.95,6271,854.16,5888.41,95.0,0,2022-08-24 11:15:54+00:00,2022-08-24T12:16:01.185408,10.1
5148,5179,6863.18,5146,12.05,6385,854.16,5888.54,95.0,0,2022-08-24 11:17:07+00:00,2022-08-24T12:17:12.624767,11.4
5165,5179,6863.28,5164,12.15,6388,854.16,5888.68,95.0,0,2022-08-24 11:18:19+00:00,2022-08-24T12:18:24.193595,11.6
5185,5191,6863.38,5180,12.25,6388,854.16,5888.79,95.0,0,2022-08-24 11:19:31+00:00,2022-08-24T12:19:35.662991,11.4
5188,5194,6863.48,5191,12.36,6412,854.16,5888.93,95.0,0,2022-08-24 11:20:41+00:00,2022-08-24T12:20:46.340145,10.6
5200,5202,6863.59,5193,12.46,6434,854.16,5889.04,95.0,0,2022-08-24 11:21:49+00:00,2022-08-24T12:21:55.978871,9.6
5198,5210,6863.69,5198,12.56,6323,854.16,5889.18,95.0,0,2022-08-24 11:23:02+00:00,2022-08-24T12:23:08.084486,12.0
5200,5210,6863.79,5202,12.66,6092,854.16,5889.29,95.0,0,2022-08-24 11:24:12+00:00,2022-08-24T12:24:16.691433,8.5
5205,5210,6863.89,5202,12.76,5696,854.16,5889.41,95.0,0,2022-08-24 11:25:19+00:00,2022-08-24T12:25:25.650288,8.9
5203,5217,6863.99,5203,12.86,5712,854.16,5889.52,95.0,0,2022-08-24 11:26:30+00:00,2022-08-24T12:26:35.332630,9.7
5193,5217,6864.09,5198,12.96,5823,854.16,5889.64,95.0,0,2022-08-24 11:27:40+00:00,2022-08-24T12:27:45.719937,10.4
5179,5217,6864.19,5179,13.06,5541,854.16,5889.75,95.0,0,2022-08-24 11:28:51+00:00,2022-08-24T12:28:56.266198,10.5
5180,5217,6864.29,5182,13.16,6043,854.16,5889.87,95.0,0,2022-08-24 11:30:05+00:00,2022-08-24T12:30:10.836052,14.5
5195,5217,6864.4,5190,13.27,5908,854.16,5889.97,95.0,0,2022-08-24 11:31:16+00:00,2022-08-24T12:31:20.454089,9.6
5164,5217,6864.5,5180,13.37,6100,854.16,5890.1,95.0,0,2022-08-24 11:32:26+00:00,2022-08-24T12:32:31.401538,10.9
5189,5217,6864.6,5190,13.47,6219,854.16,5890.22,95.0,0,2022-08-24 11:33:38+00:00,2022-08-24T12:33:42.902238,11.4
5194,5217,6864.7,5194,13.57,6334,854.16,5890.33,95.0,0,2022-08-24 11:34:45+00:00,2022-08-24T12:34:51.607099,8.6
5195,5217,6864.8,5195,13.67,6328,854.16,5890.47,95.0,0,2022-08-24 11:35:57+00:00,2022-08-24T12:36:03.126930,11.5
5213,5223,6864.91,5213,13.78,4216,854.16,5890.58,95.0,0,2022-08-24 11:37:09+00:00,2022-08-24T12:37:14.700986,11.5
5211,5223,6865.01,5212,13.89,4232,854.16,5890.66,95.0,0,2022-08-24 11:38:21+00:00,2022-08-24T12:38:26.449427,11.7
5195,5223,6865.11,5195,13.98,4192,854.16,5890.75,95.0,0,2022-08-24 11:39:32+00:00,2022-08-24T12:39:37.732967,11.2
5206,5223,6865.22,5206,14.09,6301,854.16,5890.85,95.0,0,2022-08-24 11:40:44+00:00,2022-08-24T12:40:49.877335,12.1
5202,5223,6865.32,5196,14.19,6185,854.16,5890.97,95.0,0,2022-08-24 11:41:54+00:00,2022-08-24T12:42:00.503583,10.6
5192,5223,6865.42,5187,14.29,6210,854.16,5891.08,95.0,0,2022-08-24 11:43:05+00:00,2022-08-24T12:43:10.871450,10.3
5208,5223,6865.53,5208,14.4,6336,854.16,5891.2,95.0,0,2022-08-24 11:44:15+00:00,2022-08-24T12:44:21.160270,10.2
5199,5223,6865.63,5198,14.5,6136,854.16,5891.33,95.0,0,2022-08-24 11:45:25+00:00,2022-08-24T12:45:31.166699,9.9
5193,5223,6865.73,5195,14.6,6214,854.16,5891.45,95.0,0,2022-08-24 11:46:38+00:00,2022-08-24T12:46:45.162314,13.9
5205,5223,6865.84,5202,14.71,6071,854.16,5891.58,95.0,0,2022-08-24 11:47:47+00:00,2022-08-24T12:47:53.866205,8.6
5214,5223,6865.93,5205,14.81,6025,854.16,5891.68,95.0,0,2022-08-24 11:48:56+00:00,2022-08-24T12:49:03.002963,9.1
5193,5223,6866.04,5198,14.91,6088,854.16,5891.81,95.0,0,2022-08-24 11:50:08+00:00,2022-08-24T12:50:14.587248,11.5
5198,5223,6866.14,5198,15.01,6174,854.16,5891.93,95.0,0,2022-08-24 11:51:19+00:00,2022-08-24T12:51:24.931203,10.3
5192,5223,6866.24,5187,15.11,6057,854.16,5892.04,95.0,0,2022-08-24 11:52:29+00:00,2022-08-24T12:52:35.864834,10.9
5207,5223,6866.34,5203,15.21,6173,854.16,5892.16,95.0,0,2022-08-24 11:53:41+00:00,2022-08-24T12:53:47.012790,11.1
5206,5223,6866.45,5196,15.32,6092,854.16,5892.29,95.0,0,2022-08-24 11:54:52+00:00,2022-08-24T12:54:57.976878,11.0
5202,5223,6866.55,5205,15.42,6145,854.16,5892.41,95.0,0,2022-08-24 11:56:05+00:00,2022-08-24T12:56:11.531692,13.5
5208,5223,6866.65,5208,15.52,6161,854.16,5892.54,95.0,0,2022-08-24 11:57:16+00:00,2022-08-24T12:57:20.431759,8.8
4947,5223,6866.75,4947,15.62,5806,854.16,5892.66,95.0,0,2022-08-24 11:58:26+00:00,2022-08-24T12:58:30.613660,10.1
4956,5223,6866.85,4955,15.72,5851,854.16,5892.77,95.0,0,2022-08-24 11:59:36+00:00,2022-08-24T12:59:41.961582,11.3
4963,5223,6866.95,4963,15.82,5891,854.16,5892.89,95.0,0,2022-08-24 12:00:47+00:00,2022-08-24T13:00:52.434019,10.4
4950,5223,6867.04,4931,15.91,5853,854.16,5893.0,95.0,0,2022-08-24 12:01:57+00:00,2022-08-24T13:02:03.086164,10.6
5166,5223,6867.14,5172,16.01,6049,854.16,5893.12,95.0,0,2022-08-24 12:03:09+00:00,2022-08-24T13:03:13.643916,10.5
5178,5223,6867.24,5178,16.12,6094,854.16,5893.24,95.0,0,2022-08-24 12:04:18+00:00,2022-08-24T13:04:23.159294,9.5
5164,5223,6867.35,5139,16.22,6024,854.16,5893.35,95.0,0,2022-08-24 12:05:31+00:00,2022-08-24T13:05:36.680985,13.5
5162,5223,6867.45,5163,16.32,5888,854.16,5893.47,95.0,0,2022-08-24 12:06:41+00:00,2022-08-24T13:06:47.274377,10.6
5175,5223,6867.55,5170,16.42,6015,854.16,5893.58,95.0,0,2022-08-24 12:07:53+00:00,2022-08-24T13:07:57.836312,10.5
5159,5223,6867.65,5164,16.52,5957,854.16,5893.7,95.0,0,2022-08-24 12:09:03+00:00,2022-08-24T13:09:09.056198,11.2
5174,5223,6867.76,5177,16.63,5937,854.16,5893.83,95.0,0,2022-08-24 12:10:14+00:00,2022-08-24T13:10:20.128036,11.0
5176,5223,6867.85,5176,16.72,5953,854.16,5893.93,95.0,0,2022-08-24 12:11:25+00:00,2022-08-24T13:11:30.808653,10.7
5142,5223,6867.95,5150,16.83,6460,854.16,5894.06,95.0,0,2022-08-24 12:12:33+00:00,2022-08-24T13:12:39.358542,8.5
5166,5223,6868.05,5172,16.92,6573,854.16,5894.18,95.0,0,2022-08-24 12:13:42+00:00,2022-08-24T13:13:50.405813,11.0
5168,5223,6868.16,5167,17.03,6584,854.16,5894.31,95.0,0,2022-08-24 12:14:55+00:00,2022-08-24T13:15:00.894040,10.5
5135,5223,6868.26,5147,17.13,6622,854.16,5894.45,95.0,0,2022-08-24 12:16:05+00:00,2022-08-24T13:16:10.470822,9.5
5159,5223,6868.36,5159,17.23,6630,854.16,5894.58,95.0,0,2022-08-24 12:17:14+00:00,2022-08-24T13:17:19.040562,8.6
5170,5223,6868.46,5170,17.33,6744,854.16,5894.7,95.0,0,2022-08-24 12:18:23+00:00,2022-08-24T13:18:29.248157,10.2
5144,5223,6868.56,5146,17.43,6638,854.16,5894.83,95.0,0,2022-08-24 12:19:34+00:00,2022-08-24T13:19:39.679746,10.4
5150,5223,6868.66,5157,17.53,6642,854.16,5894.97,95.0,0,2022-08-24 12:20:45+00:00,2022-08-24T13:20:50.810124,11.1
5140,5223,6868.76,5140,17.63,6680,854.16,5895.08,95.0,0,2022-08-24 12:21:54+00:00,2022-08-24T13:21:59.403780,8.5
5108,5223,6868.86,5108,17.73,6568,854.16,5895.22,95.0,0,2022-08-24 12:23:03+00:00,2022-08-24T13:23:08.993800,9.5
5118,5223,6868.95,5116,17.83,6432,854.16,5895.35,95.0,0,2022-08-24 12:24:16+00:00,2022-08-24T13:24:21.356260,12.3
5112,5223,6869.06,5109,17.93,6541,854.16,5895.47,95.0,0,2022-08-24 12:25:26+00:00,2022-08-24T13:25:31.969969,10.6
5081,5223,6869.16,5075,18.03,6420,854.16,5895.6,95.0,0,2022-08-24 12:26:37+00:00,2022-08-24T13:26:42.620939,10.6
5087,5223,6869.26,5087,18.13,6433,854.16,5895.72,95.0,0,2022-08-24 12:27:47+00:00,2022-08-24T13:27:52.417372,9.7
5067,5223,6869.35,5072,18.23,6512,854.16,5895.85,95.0,0,2022-08-24 12:28:57+00:00,2022-08-24T13:29:02.676606,10.2
5056,5223,6869.46,5063,18.33,6496,854.16,5895.97,95.0,0,2022-08-24 12:30:09+00:00,2022-08-24T13:30:15.069643,12.4
5067,5223,6869.56,5067,18.43,6565,854.16,5896.1,95.0,0,2022-08-24 12:31:20+00:00,2022-08-24T13:31:25.199301,10.1
5048,5223,6869.66,5048,18.53,6535,854.16,5896.24,95.0,0,2022-08-24 12:32:30+00:00,2022-08-24T13:32:37.864467,12.6
5053,5223,6869.76,5053,18.63,6531,854.16,5896.37,95.0,0,2022-08-24 12:33:42+00:00,2022-08-24T13:33:47.238329,9.3
5033,5223,6869.85,5033,18.72,6510,854.16,5896.5,95.0,0,2022-08-24 12:34:52+00:00,2022-08-24T13:34:57.684351,10.4
5030,5223,6869.96,5024,18.83,6505,854.16,5896.62,95.0,0,2022-08-24 12:36:02+00:00,2022-08-24T13:36:07.674762,9.9
5031,5223,6870.05,5029,18.92,6452,854.16,5896.75,95.0,0,2022-08-24 12:37:11+00:00,2022-08-24T13:37:16.539189,8.8
5022,5223,6870.15,5031,19.02,6483,854.16,5896.87,95.0,0,2022-08-24 12:38:21+00:00,2022-08-24T13:38:26.330139,9.7
5029,5223,6870.25,5028,19.12,6606,854.16,5897.0,95.0,0,2022-08-24 12:39:29+00:00,2022-08-24T13:39:35.305834,9.0
5008,5223,6870.34,5014,19.21,6511,854.16,5897.12,95.0,0,2022-08-24 12:40:41+00:00,2022-08-24T13:40:47.199238,11.9
4972,5223,6870.44,4995,19.31,6565,854.16,5897.25,95.0,0,2022-08-24 12:41:54+00:00,2022-08-24T13:42:00.022586,12.8
4983,5223,6870.54,5000,19.41,6374,854.16,5897.39,95.0,0,2022-08-24 12:43:05+00:00,2022-08-24T13:43:10.230276,10.2
5021,5223,6870.64,5021,19.51,6395,854.16,5897.5,95.0,0,2022-08-24 12:44:15+00:00,2022-08-24T13:44:21.556427,11.3
5018,5223,6870.74,5017,19.61,6457,854.16,5897.64,95.0,0,2022-08-24 12:45:28+00:00,2022-08-24T13:45:33.030806,11.4
5003,5223,6870.84,4996,19.71,6428,854.16,5897.77,95.0,0,2022-08-24 12:46:38+00:00,2022-08-24T13:46:44.059283,11.0
5007,5223,6870.94,5013,19.81,6506,854.16,5897.89,95.0,0,2022-08-24 12:47:50+00:00,2022-08-24T13:47:55.945049,11.8
5001,5223,6871.04,4994,19.91,6488,854.16,5898.02,95.0,0,2022-08-24 12:49:01+00:00,2022-08-24T13:49:07.924252,11.9
4993,5223,6871.14,4987,20.01,6331,854.16,5898.16,95.0,0,2022-08-24 12:50:13+00:00,2022-08-24T13:50:18.918768,10.9
4985,5223,6871.24,4988,20.11,6336,854.16,5898.27,95.0,0,2022-08-24 12:51:25+00:00,2022-08-24T13:51:30.384032,11.4
4972,5223,6871.33,4972,20.2,6527,854.16,5898.41,95.0,0,2022-08-24 12:52:35+00:00,2022-08-24T13:52:40.438765,10.0
4990,5223,6871.43,4990,20.3,6468,854.16,5898.52,95.0,0,2022-08-24 12:53:44+00:00,2022-08-24T13:53:50.210193,9.7
4981,5223,6871.53,4981,20.4,6560,854.16,5898.66,95.0,0,2022-08-24 12:54:55+00:00,2022-08-24T13:54:59.953418,9.7
4971,5223,6871.62,4947,20.49,6386,854.16,5898.77,95.0,0,2022-08-24 12:56:04+00:00,2022-08-24T13:56:08.868945,8.9
4958,5223,6871.72,4951,20.59,6505,854.16,5898.91,95.0,0,2022-08-24 12:57:14+00:00,2022-08-24T13:57:19.245519,10.3
4951,5223,6871.82,4947,20.69,6466,854.16,5899.02,95.0,0,2022-08-24 12:58:23+00:00,2022-08-24T13:58:29.422048,10.1
4936,5223,6871.91,4936,20.78,6392,854.16,5899.16,95.0,0,2022-08-24 12:59:35+00:00,2022-08-24T13:59:40.190252,10.7
4921,5223,6872.01,4926,20.88,6246,854.16,5899.27,95.0,0,2022-08-24 13:00:47+00:00,2022-08-24T14:00:52.583305,12.3
4904,5223,6872.1,4904,20.97,6140,854.16,5899.41,95.0,0,2022-08-24 13:01:57+00:00,2022-08-24T14:02:02.276333,9.6
4884,5223,6872.2,4882,21.07,6294,854.16,5899.52,95.0,0,2022-08-24 13:03:07+00:00,2022-08-24T14:03:12.373067,10.0
4853,5223,6872.3,4861,21.17,6278,854.16,5899.64,95.0,0,2022-08-24 13:04:18+00:00,2022-08-24T14:04:23.490653,11.1
4838,5223,6872.39,4838,21.26,6337,854.16,5899.77,95.0,0,2022-08-24 13:05:28+00:00,2022-08-24T14:05:32.880704,9.3
4837,5223,6872.48,4834,21.36,6288,854.16,5899.89,95.0,0,2022-08-24 13:06:36+00:00,2022-08-24T14:06:41.854596,9.0
4853,5223,6872.58,4858,21.45,6418,854.16,5900.02,95.0,0,2022-08-24 13:07:45+00:00,2022-08-24T14:07:51.309483,9.4
4865,5223,6872.67,4863,21.54,6325,854.16,5900.14,95.0,0,2022-08-24 13:08:57+00:00,2022-08-24T14:09:01.730270,10.4
4835,5223,6872.77,4814,21.64,6266,854.16,5900.27,95.0,0,2022-08-24 13:10:13+00:00,2022-08-24T14:10:18.205816,16.4
4829,5223,6872.87,4829,21.74,6129,854.16,5900.39,95.0,0,2022-08-24 13:11:23+00:00,2022-08-24T14:11:27.971526,9.7
4846,5223,6872.96,4845,21.83,6283,854.16,5900.52,95.0,0,2022-08-24 13:12:33+00:00,2022-08-24T14:12:39.034115,11.0
4838,5223,6873.06,4833,21.93,6274,854.16,5900.64,95.0,0,2022-08-24 13:13:44+00:00,2022-08-24T14:13:49.551029,10.5
4620,5223,6873.15,4619,22.02,6012,854.16,5900.75,95.0,0,2022-08-24 13:14:55+00:00,2022-08-24T14:14:59.732898,10.1
4616,5223,6873.24,4605,22.11,6037,854.16,5900.87,95.0,0,2022-08-24 13:16:04+00:00,2022-08-24T14:16:08.686874,8.9
4599,5223,6873.33,4600,22.2,6037,854.16,5900.99,95.0,0,2022-08-24 13:17:14+00:00,2022-08-24T14:17:19.586601,10.9
4605,5223,6873.42,4603,22.29,4789,854.16,5901.1,95.0,0,2022-08-24 13:18:28+00:00,2022-08-24T14:18:35.226128,15.6
4622,5223,6873.52,4613,22.39,5754,854.16,5901.22,95.0,0,2022-08-24 13:19:39+00:00,2022-08-24T14:19:45.601796,10.3
4818,5223,6873.61,4818,22.48,5951,854.16,5901.35,95.0,0,2022-08-24 13:20:48+00:00,2022-08-24T14:20:55.160137,9.5
4791,5223,6873.7,4789,22.57,5936,854.16,5901.45,95.0,0,2022-08-24 13:21:59+00:00,2022-08-24T14:22:07.347654,12.2
4765,5223,6873.8,4770,22.67,5903,854.16,5901.58,95.0,0,2022-08-24 13:23:11+00:00,2022-08-24T14:23:18.188517,10.8
4753,5223,6873.89,4753,22.76,5973,854.16,5901.7,95.0,0,2022-08-24 13:24:25+00:00,2022-08-24T14:24:29.453516,11.2
4760,5223,6873.98,4747,22.85,5969,854.16,5901.81,95.0,0,2022-08-24 13:25:34+00:00,2022-08-24T14:25:38.865627,9.4
4712,5223,6874.08,4712,22.95,6161,854.16,5901.93,95.0,0,2022-08-24 13:26:46+00:00,2022-08-24T14:26:52.167004,13.3
4717,5223,6874.17,4717,23.04,6136,854.16,5902.06,95.0,0,2022-08-24 13:27:56+00:00,2022-08-24T14:28:01.645331,9.4
4686,5223,6874.27,4676,23.14,6087,854.16,5902.18,95.0,0,2022-08-24 13:29:06+00:00,2022-08-24T14:29:11.270127,9.6
4667,5223,6874.36,4658,23.23,6118,854.16,5902.29,95.0,0,2022-08-24 13:30:14+00:00,2022-08-24T14:30:21.395062,10.1
4653,5223,6874.44,4653,23.31,6136,854.16,5902.41,95.0,0,2022-08-24 13:31:26+00:00,2022-08-24T14:31:31.816055,10.4
4672,5223,6874.53,4672,23.41,6154,854.16,5902.54,95.0,0,2022-08-24 13:32:36+00:00,2022-08-24T14:32:43.573692,11.7
4675,5223,6874.63,4675,23.5,6161,854.16,5902.64,95.0,0,2022-08-24 13:33:44+00:00,2022-08-24T14:33:50.636550,7.0
4691,5223,6874.71,4689,23.58,6163,854.16,5902.77,95.0,0,2022-08-24 13:34:55+00:00,2022-08-24T14:35:00.950081,10.3
4675,5223,6874.81,4672,23.68,6146,854.16,5902.89,95.0,0,2022-08-24 13:36:04+00:00,2022-08-24T14:36:09.780527,8.8
4658,5223,6874.89,4651,23.77,6019,854.16,5903.0,95.0,0,2022-08-24 13:37:15+00:00,2022-08-24T14:37:20.786332,11.0
4659,5223,6874.99,4659,23.86,6033,854.16,5903.12,95.0,0,2022-08-24 13:38:26+00:00,2022-08-24T14:38:31.178058,10.4
4654,5223,6875.08,4651,23.95,6023,854.16,5903.24,95.0,0,2022-08-24 13:39:36+00:00,2022-08-24T14:39:42.138344,10.9
4634,5223,6875.17,4634,24.04,6051,854.16,5903.35,95.0,0,2022-08-24 13:40:47+00:00,2022-08-24T14:40:52.149076,10.0
4625,5223,6875.26,4625,24.13,6120,854.16,5903.47,95.0,0,2022-08-24 13:41:57+00:00,2022-08-24T14:42:02.716176,10.5
4612,5223,6875.35,4612,24.22,6126,854.16,5903.6,95.0,0,2022-08-24 13:43:07+00:00,2022-08-24T14:43:13.286353,10.6
4609,5223,6875.44,4609,24.32,6102,854.16,5903.72,95.0,0,2022-08-24 13:44:18+00:00,2022-08-24T14:44:24.271978,10.9
4577,5223,6875.53,4570,24.4,5841,854.16,5903.83,95.0,0,2022-08-24 13:45:27+00:00,2022-08-24T14:45:33.804809,9.5
4537,5223,6875.62,4535,24.49,5451,854.16,5903.95,95.0,0,2022-08-24 13:46:38+00:00,2022-08-24T14:46:44.952896,11.1
4509,5223,6875.71,4509,24.58,5423,854.16,5904.06,95.0,0,2022-08-24 13:47:48+00:00,2022-08-24T14:47:55.150490,10.2
4505,5223,6875.8,4500,24.67,5382,854.16,5904.16,95.0,0,2022-08-24 13:49:01+00:00,2022-08-24T14:49:07.501287,12.3
4474,5223,6875.89,4479,24.76,5342,854.16,5904.27,95.0,0,2022-08-24 13:50:11+00:00,2022-08-24T14:50:17.148153,9.6
4494,5223,6875.97,4491,24.85,5360,854.16,5904.37,95.0,0,2022-08-24 13:51:21+00:00,2022-08-24T14:51:27.030454,9.9
4497,5223,6876.06,4497,24.93,5361,854.16,5904.47,95.0,0,2022-08-24 13:52:31+00:00,2022-08-24T14:52:37.077876,10.0
4464,5223,6876.15,4464,25.02,5710,854.16,5904.58,95.0,0,2022-08-24 13:53:43+00:00,2022-08-24T14:53:49.541173,12.4
4441,5223,6876.24,4450,25.11,5580,854.16,5904.7,95.0,0,2022-08-24 13:54:53+00:00,2022-08-24T14:55:00.512056,10.9
4435,5223,6876.33,4435,25.2,5560,854.16,5904.81,95.0,0,2022-08-24 13:56:02+00:00,2022-08-24T14:56:09.890351,9.3
4402,5223,6876.41,4398,25.28,5531,854.16,5904.91,95.0,0,2022-08-24 13:57:14+00:00,2022-08-24T14:57:21.358769,11.4
4398,5223,6876.5,4399,25.37,5523,854.16,5905.02,95.0,0,2022-08-24 13:58:25+00:00,2022-08-24T14:58:31.147524,9.7
4368,5223,6876.58,4368,25.45,5494,854.16,5905.12,95.0,0,2022-08-24 13:59:33+00:00,2022-08-24T14:59:39.954065,8.7
4362,5223,6876.67,4365,25.54,5568,854.16,5905.24,95.0,0,2022-08-24 14:00:44+00:00,2022-08-24T15:00:50.345704,10.3
4341,5223,6876.75,4341,25.62,5082,854.16,5905.33,95.0,0,2022-08-24 14:01:52+00:00,2022-08-24T15:01:59.088320,8.7
4332,5223,6876.84,4332,25.71,5270,854.16,5905.45,95.0,0,2022-08-24 14:03:02+00:00,2022-08-24T15:03:09.261851,10.2
4330,5223,6876.92,4330,25.79,5247,854.16,5905.54,95.0,0,2022-08-24 14:04:17+00:00,2022-08-24T15:04:23.206883,13.9
4319,5223,6877.01,4311,25.88,5230,854.16,5905.66,95.0,0,2022-08-24 14:05:26+00:00,2022-08-24T15:05:33.510017,10.3
4300,5223,6877.09,4293,25.96,5221,854.16,5905.75,95.0,0,2022-08-24 14:06:36+00:00,2022-08-24T15:06:43.773836,10.2
4275,5223,6877.18,4275,26.05,4966,854.16,5905.85,95.0,0,2022-08-24 14:07:47+00:00,2022-08-24T15:07:52.861228,9.1
4274,5223,6877.26,4258,26.13,5080,854.16,5905.95,95.0,0,2022-08-24 14:08:57+00:00,2022-08-24T15:09:03.913477,11.0
4238,5223,6877.34,4238,26.21,4707,854.16,5906.06,95.0,0,2022-08-24 14:10:10+00:00,2022-08-24T15:10:15.625903,11.7
4237,5223,6877.43,4237,26.3,4671,854.16,5906.14,95.0,0,2022-08-24 14:11:19+00:00,2022-08-24T15:11:25.115526,9.4
4215,5223,6877.51,4210,26.38,4627,854.16,5906.24,95.0,0,2022-08-24 14:12:29+00:00,2022-08-24T15:12:35.681038,10.5
4185,5223,6877.59,4185,26.46,4507,854.16,5906.33,95.0,0,2022-08-24 14:13:42+00:00,2022-08-24T15:13:48.806236,13.1
4186,5223,6877.68,4186,26.55,4514,854.16,5906.41,95.0,0,2022-08-24 14:14:47+00:00,2022-08-24T15:14:53.368671,4.5
4170,5223,6877.75,4170,26.62,4536,854.16,5906.5,95.0,0,2022-08-24 14:15:56+00:00,2022-08-24T15:16:02.083491,8.7
4146,5223,6877.83,4147,26.7,4517,854.16,5906.58,95.0,0,2022-08-24 14:17:07+00:00,2022-08-24T15:17:12.803095,10.7
4129,5223,6877.91,4144,26.78,4615,854.16,5906.66,95.0,0,2022-08-24 14:18:17+00:00,2022-08-24T15:18:23.545425,10.7
4110,5223,6877.99,4110,26.86,4592,854.16,5906.77,95.0,0,2022-08-24 14:19:29+00:00,2022-08-24T15:19:36.786560,13.2
4086,5223,6878.08,4104,26.95,4539,854.16,5906.85,95.0,0,2022-08-24 14:20:41+00:00,2022-08-24T15:20:47.712207,10.9
4077,5223,6878.16,4077,27.03,4532,854.16,5906.95,95.0,0,2022-08-24 14:21:50+00:00,2022-08-24T15:21:57.665052,9.9
4050,5223,6878.24,4050,27.11,4514,854.16,5907.02,95.0,0,2022-08-24 14:23:03+00:00,2022-08-24T15:23:10.943165,13.3
4035,5223,6878.32,4036,27.19,4586,854.16,5907.12,95.0,0,2022-08-24 14:24:15+00:00,2022-08-24T15:24:21.076595,10.1
4031,5223,6878.4,4031,27.27,4671,854.16,5907.2,95.0,0,2022-08-24 14:25:25+00:00,2022-08-24T15:25:30.492709,9.4
4004,5223,6878.47,4007,27.34,4751,854.16,5907.31,95.0,0,2022-08-24 14:26:34+00:00,2022-08-24T15:26:40.517477,10.0
3978,5223,6878.55,3978,27.42,4730,854.16,5907.39,95.0,0,2022-08-24 14:27:45+00:00,2022-08-24T15:27:51.554753,11.0
3945,5223,6878.63,3941,27.5,4664,854.16,5907.49,95.0,0,2022-08-24 14:28:56+00:00,2022-08-24T15:29:02.214224,10.6
3937,5223,6878.71,3938,27.58,4655,854.16,5907.58,95.0,0,2022-08-24 14:30:08+00:00,2022-08-24T15:30:14.002489,11.8
3928,5223,6878.79,3920,27.66,4505,854.16,5907.66,95.0,0,2022-08-24 14:31:18+00:00,2022-08-24T15:31:24.152409,10.1
3908,5223,6878.86,3908,27.73,4514,854.16,5907.75,95.0,0,2022-08-24 14:32:32+00:00,2022-08-24T15:32:37.272690,13.1
3901,5223,6878.94,3901,27.81,4481,854.16,5907.85,95.0,0,2022-08-24 14:33:42+00:00,2022-08-24T15:33:47.466330,10.2
3868,5223,6879.02,3870,27.89,4411,854.16,5907.93,95.0,0,2022-08-24 14:34:51+00:00,2022-08-24T15:34:56.048097,8.5
3852,5223,6879.09,3852,27.96,4327,854.16,5908.02,95.0,0,2022-08-24 14:35:59+00:00,2022-08-24T15:36:05.072275,9.0
3837,5223,6879.16,3828,28.04,4360,854.16,5908.1,95.0,0,2022-08-24 14:37:11+00:00,2022-08-24T15:37:16.627821,11.5
3614,5223,6879.24,3617,28.11,4109,854.16,5908.18,95.0,0,2022-08-24 14:38:22+00:00,2022-08-24T15:38:27.753249,11.1
3601,5223,6879.31,3597,28.18,4081,854.16,5908.27,95.0,0,2022-08-24 14:39:31+00:00,2022-08-24T15:39:36.592743,8.8
3570,5223,6879.38,3570,28.25,4026,854.16,5908.35,95.0,0,2022-08-24 14:40:40+00:00,2022-08-24T15:40:47.800479,11.1
3553,5223,6879.45,3553,28.32,3994,854.16,5908.43,95.0,0,2022-08-24 14:41:51+00:00,2022-08-24T15:41:57.205474,9.4
3534,5223,6879.52,3538,28.39,4174,854.16,5908.5,95.0,0,2022-08-24 14:43:03+00:00,2022-08-24T15:43:09.820338,12.6
3695,5223,6879.59,3695,28.46,4171,854.16,5908.58,95.0,0,2022-08-24 14:44:15+00:00,2022-08-24T15:44:20.844377,11.0
3656,5223,6879.66,3656,28.53,4173,854.16,5908.66,95.0,0,2022-08-24 14:45:26+00:00,2022-08-24T15:45:31.410188,10.5
3619,5223,6879.73,3626,28.61,4099,854.16,5908.75,95.0,0,2022-08-24 14:46:35+00:00,2022-08-24T15:46:41.266601,9.8
3589,5223,6879.8,3601,28.68,4081,854.16,5908.83,95.0,0,2022-08-24 14:47:47+00:00,2022-08-24T15:47:52.554435,11.2
3581,5223,6879.87,3581,28.74,4061,854.16,5908.91,95.0,0,2022-08-24 14:48:59+00:00,2022-08-24T15:49:04.172666,11.6
3577,5223,6879.95,3577,28.82,3959,854.16,5908.99,95.0,0,2022-08-24 14:50:08+00:00,2022-08-24T15:50:13.315054,9.1
3544,5223,6880.01,3544,28.88,3907,854.16,5909.06,95.0,0,2022-08-24 14:51:20+00:00,2022-08-24T15:51:25.782779,12.4
3535,5223,6880.09,3535,28.96,2618,854.16,5909.12,95.0,0,2022-08-24 14:52:30+00:00,2022-08-24T15:52:36.276510,10.5
3549,5223,6880.15,3547,29.03,2601,854.16,5909.18,95.0,0,2022-08-24 14:53:40+00:00,2022-08-24T15:53:45.727738,9.4
3563,5223,6880.22,3563,29.1,2584,854.16,5909.22,95.0,0,2022-08-24 14:54:48+00:00,2022-08-24T15:54:54.226923,8.5
3553,5223,6880.29,3553,29.16,2630,854.16,5909.27,95.0,0,2022-08-24 14:55:57+00:00,2022-08-24T15:56:03.128043,8.9
3576,5223,6880.36,3576,29.23,2598,854.16,5909.33,95.0,0,2022-08-24 14:57:08+00:00,2022-08-24T15:57:13.568213,10.4
3554,5223,6880.43,3543,29.3,2615,854.16,5909.37,95.0,0,2022-08-24 14:58:20+00:00,2022-08-24T15:58:25.101336,11.5
3511,5223,6880.5,3511,29.37,2566,854.16,5909.43,95.0,0,2022-08-24 14:59:29+00:00,2022-08-24T15:59:34.797481,9.6
3474,5223,6880.57,3474,29.44,2525,854.16,5909.47,95.0,0,2022-08-24 15:00:39+00:00,2022-08-24T16:00:46.095082,11.3
3424,5223,6880.64,3424,29.51,2491,854.16,5909.52,95.0,0,2022-08-24 15:01:51+00:00,2022-08-24T16:01:55.415449,9.3
3391,5223,6880.7,3387,29.57,2453,854.16,5909.58,95.0,0,2022-08-24 15:03:02+00:00,2022-08-24T16:03:07.434655,12.0
3332,5223,6880.77,3321,29.64,2399,854.16,5909.62,95.0,0,2022-08-24 15:04:13+00:00,2022-08-24T16:04:18.051844,10.6
3265,5223,6880.83,3265,29.7,2329,854.16,5909.66,95.0,0,2022-08-24 15:05:22+00:00,2022-08-24T16:05:27.342685,9.3
3267,5223,6880.89,3267,29.76,2330,854.16,5909.72,95.0,0,2022-08-24 15:06:30+00:00,2022-08-24T16:06:35.400866,8.0
3255,5223,6880.96,3252,29.83,2220,854.16,2022-08-24T16:07:42.547042,7.1
3258,5223,6881.02,3258,29.89,2218,854.16,5909.79,95.0,0,2022-08-24 15:08:50+00:00,2022-08-24T16:08:54.666166,12.1
3223,5223,6881.08,3223,29.95,2186,854.16,5909.85,95.0,0,2022-08-24 15:10:01+00:00,2022-08-24T16:10:07.414359,12.7
3186,5223,6881.15,3191,30.02,2157,854.16,5909.89,95.0,0,2022-08-24 15:11:14+00:00,2022-08-24T16:11:18.597814,11.1
3136,5223,6881.21,3140,30.08,2118,854.16,5909.93,95.0,0,2022-08-24 15:12:26+00:00,2022-08-24T16:12:30.282000,11.6
3113,5223,6881.27,2022-08-24T16:13:35.647727,5.3
3070,5223,6881.33,3070,30.2,2148,854.16,5910.0,95.0,0,2022-08-24 15:14:39+00:00,2022-08-24T16:14:44.355516,8.7
3058,5223,6881.39,3058,30.26,2098,854.16,5910.04,95.0,0,2022-08-24 15:15:51+00:00,2022-08-24T16:15:55.364677,11.0
3028,5223,6881.45,3034,30.32,2093,854.16,5910.1,95.0,0,2022-08-24 15:17:00+00:00,2022-08-24T16:17:04.722715,9.3
2992,5223,6881.5,2990,30.37,2058,854.16,5910.14,95.0,0,2022-08-24 15:18:10+00:00,2022-08-24T16:18:14.717312,9.9
3006,5223,6881.56,2988,30.43,3149,854.16,5910.18,95.0,0,2022-08-24 15:19:20+00:00,2022-08-24T16:19:26.170849,11.4
2962,5223,6881.62,2944,30.49,3156,854.16,5910.24,95.0,0,2022-08-24 15:20:34+00:00,2022-08-24T16:20:39.170622,12.9
2907,5223,6881.68,2897,30.55,3107,854.16,5910.29,95.0,0,2022-08-24 15:21:43+00:00,2022-08-24T16:21:48.542748,9.3
2856,5223,6881.74,2852,30.61,3022,854.16,5910.35,95.0,0,2022-08-24 15:22:53+00:00,2022-08-24T16:22:58.677709,10.1
2793,5223,6881.79,2793,30.66,2966,854.16,5910.41,95.0,0,2022-08-24 15:24:03+00:00,2022-08-24T16:24:08.163011,9.4
2781,5223,6881.84,2781,30.71,2953,854.16,5910.47,95.0,0,2022-08-24 15:25:14+00:00,2022-08-24T16:25:18.684614,10.5
2777,5223,6881.9,2772,30.77,2811,854.16,5910.52,95.0,0,2022-08-24 15:26:24+00:00,2022-08-24T16:26:29.273086,10.6
2726,5223,6881.95,2715,30.82,2825,854.16,5910.58,95.0,0,2022-08-24 15:27:34+00:00,2022-08-24T16:27:38.943029,9.6
2708,5223,6882.01,2708,30.88,2576,854.16,5910.64,95.0,0,2022-08-24 15:28:44+00:00,2022-08-24T16:28:50.102679,11.1
2689,5223,6882.06,2693,30.93,2738,854.16,5910.7,95.0,0,2022-08-24 15:29:56+00:00,2022-08-24T16:30:01.220071,11.1
2679,5223,6882.11,2672,30.98,2803,854.16,5910.75,95.0,0,2022-08-24 15:31:07+00:00,2022-08-24T16:31:11.019544,9.7
2644,5223,6882.16,2644,31.03,2762,854.16,5910.81,95.0,0,2022-08-24 15:32:17+00:00,2022-08-24T16:32:21.149715,10.1
2619,5223,6882.21,2616,31.08,2737,854.16,5910.85,95.0,0,2022-08-24 15:33:26+00:00,2022-08-24T16:33:30.713920,9.6
2586,5223,6882.26,2586,31.14,2702,854.16,5910.91,95.0,0,2022-08-24 15:34:36+00:00,2022-08-24T16:34:41.109787,10.3
2556,5223,6882.31,2552,31.18,2636,854.16,5910.95,95.0,0,2022-08-24 15:35:47+00:00,2022-08-24T16:35:52.523126,11.4
2513,5223,6882.36,2510,31.23,2591,854.16,5911.02,95.0,0,2022-08-24 15:36:57+00:00,2022-08-24T16:37:00.741571,8.2
2457,5223,6882.41,2456,31.28,2509,854.16,5911.06,95.0,0,2022-08-24 15:38:05+00:00,2022-08-24T16:38:10.691958,9.9
2425,5223,6882.46,2423,31.33,2482,854.16,5911.1,95.0,0,2022-08-24 15:39:14+00:00,2022-08-24T16:39:22.067687,11.3
2425,5223,6882.51,2419,31.38,2497,854.16,5911.16,95.0,0,2022-08-24 15:40:29+00:00,2022-08-24T16:40:34.301627,12.2
2504,5223,6882.55,2504,31.42,2585,854.16,5911.2,95.0,0,2022-08-24 15:41:39+00:00,2022-08-24T16:41:43.815681,9.5
2526,5223,6882.6,2526,31.47,2567,854.16,5911.25,95.0,0,2022-08-24 15:42:48+00:00,2022-08-24T16:42:52.630730,8.8
2517,5223,6882.65,2517,31.52,2427,854.16,5911.31,95.0,0,2022-08-24 15:43:57+00:00,2022-08-24T16:44:02.719885,10.0
2492,5223,6882.7,2481,31.57,2409,854.16,5911.35,95.0,0,2022-08-24 15:45:10+00:00,2022-08-24T16:45:15.025952,12.3
2484,5223,6882.75,2482,31.62,2417,854.16,5911.39,95.0,0,2022-08-24 15:46:20+00:00,2022-08-24T16:46:24.659075,9.6
2496,5223,6882.8,2491,31.67,2406,854.16,5911.45,95.0,0,2022-08-24 15:47:29+00:00,2022-08-24T16:47:33.646266,8.9
2466,5223,6882.84,2466,31.71,2426,854.16,5911.49,95.0,0,2022-08-24 15:48:36+00:00,2022-08-24T16:48:44.615136,10.9
2449,5223,6882.89,2448,31.76,2385,854.16,5911.54,95.0,0,2022-08-24 15:49:51+00:00,2022-08-24T16:49:56.515257,11.9
2420,5223,6882.94,2415,31.81,2345,854.16,5911.58,95.0,0,2022-08-24 15:51:04+00:00,2022-08-24T16:51:09.312140,12.7
2391,5223,6882.99,2391,31.86,2278,854.16,5911.64,95.0,0,2022-08-24 15:52:15+00:00,2022-08-24T16:52:20.391464,11.0
2354,5223,6883.04,2306,31.91,2199,854.16,5911.68,95.0,0,2022-08-24 15:53:25+00:00,2022-08-24T16:53:29.650541,9.2
2312,5223,6883.08,2310,31.95,2172,854.16,5911.72,95.0,0,2022-08-24 15:54:35+00:00,2022-08-24T16:54:40.741699,11.0
2280,5223,6883.13,2280,32.0,2159,854.16,5911.77,95.0,0,2022-08-24 15:55:46+00:00,2022-08-24T16:55:51.026808,10.2
2253,5223,6883.17,2255,32.04,2122,854.16,5911.81,95.0,0,2022-08-24 15:56:57+00:00,2022-08-24T16:57:02.273937,11.2
2230,5223,6883.22,2230,32.09,2100,854.16,5911.85,95.0,0,2022-08-24 15:58:07+00:00,2022-08-24T16:58:12.110019,9.8
2188,5223,6883.26,2187,32.13,2069,854.16,5911.89,95.0,0,2022-08-24 15:59:17+00:00,2022-08-24T16:59:23.280318,11.1
2160,5223,6883.3,2167,32.17,2034,854.16,5911.93,95.0,0,2022-08-24 16:00:28+00:00,2022-08-24T17:00:33.537483,10.2
2145,5223,6883.34,2145,32.21,2024,854.16,5911.97,95.0,0,2022-08-24 16:01:38+00:00,2022-08-24T17:01:42.869295,9.3
2142,5223,6883.38,2142,32.25,1944,854.16,5912.0,95.0,0,2022-08-24 16:02:45+00:00,2022-08-24T17:02:52.106660,9.2
2077,5223,6883.42,2077,32.29,1885,854.16,5912.04,95.0,0,2022-08-24 16:03:57+00:00,2022-08-24T17:04:02.464821,10.3
397,5223,6883.45,821,32.32,15,854.16,5912.06,95.0,-407,2022-08-24 16:05:09+00:00,2022-08-24T17:05:14.931908,12.4
2247,5223,6883.49,2884,32.36,-53,854.16,5912.08,95.0,-794,2022-08-24 16:06:22+00:00,2022-08-24T17:06:27.587042,12.6
2312,5223,6883.56,4446,32.43,-31,854.16,5912.08,95.0,-1801,2022-08-24 16:07:33+00:00,2022-08-24T17:07:39.649294,12.0
1859,5223,6883.61,1855,32.48,107,854.16,5912.08,95.0,0,2022-08-24 16:08:45+00:00,2022-08-24T17:08:50.346249,10.6
1401,5223,6883.64,1490,32.51,70,854.16,5912.08,95.0,0,2022-08-24 16:09:56+00:00,2022-08-24T17:10:01.419388,11.0
1805,5223,6883.68,1810,32.55,296,854.16,5912.08,95.0,0,2022-08-24 16:11:06+00:00,2022-08-24T17:11:11.140029,9.7
1775,5223,6883.71,1777,32.58,54,854.16,5912.1,95.0,0,2022-08-24 16:12:16+00:00,2022-08-24T17:12:20.702126,9.5
1901,5223,6883.75,1906,32.62,-12,854.16,5912.1,95.0,0,2022-08-24 16:13:26+00:00,2022-08-24T17:13:29.656410,8.9
2006,5223,6883.79,2157,32.66,-10,854.16,5912.1,95.0,-143,2022-08-24 16:14:36+00:00,2022-08-24T17:14:40.618025,10.9
2069,5223,6883.83,2372,32.7,-3,854.16,5912.1,95.0,-291,2022-08-24 16:15:45+00:00,2022-08-24T17:15:50.945532,10.3
2083,5223,6883.88,2432,32.75,-1,854.16,5912.1,95.0,-340,2022-08-24 16:17:00+00:00,2022-08-24T17:17:04.034051,13.0
2093,5223,6883.93,2546,32.8,-15,854.16,5912.1,95.0,-432,2022-08-24 16:18:07+00:00,2022-08-24T17:18:13.362040,9.3
2128,5223,6883.98,2491,32.85,-10,854.16,5912.1,95.0,-356,2022-08-24 16:19:18+00:00,2022-08-24T17:19:22.899589,9.5
2049,5223,6884.02,2501,32.89,2,854.16,5912.1,95.0,-462,2022-08-24 16:20:28+00:00,2022-08-24T17:20:34.092290,11.1
1959,5223,6884.08,2556,32.95,4,854.16,5912.1,95.0,-606,2022-08-24 16:21:40+00:00,2022-08-24T17:21:46.351019,12.2
1918,5223,6884.13,2561,33.0,-7,854.16,5912.1,95.0,-660,2022-08-24 16:22:51+00:00,2022-08-24T17:22:56.255904,9.9
1885,5223,6884.18,2579,33.05,-3,854.16,5912.1,95.0,-703,2022-08-24 16:24:02+00:00,2022-08-24T17:24:09.236764,12.9
1846,5223,6884.23,2474,33.1,-4,854.16,5912.1,95.0,-639,2022-08-24 16:25:16+00:00,2022-08-24T17:25:21.515006,12.2
1813,5223,6884.28,2501,33.15,5,854.16,5912.1,95.0,-700,2022-08-24 16:26:25+00:00,2022-08-24T17:26:30.755075,9.2
1787,5223,6884.33,2518,33.2,-6,854.16,5912.1,95.0,-738,2022-08-24 16:27:36+00:00,2022-08-24T17:27:40.830572,10.0
1743,5223,6884.38,2549,33.25,-7,854.16,5912.1,95.0,-815,2022-08-24 16:28:46+00:00,2022-08-24T17:28:51.206594,10.4
1642,5223,6884.43,2612,33.3,-1533,854.17,5912.1,95.0,-1650,2022-08-24 16:29:57+00:00,2022-08-24T17:30:01.522434,10.3
1646,5223,6884.51,4426,33.38,-13,854.17,5912.1,94.0,-2856,2022-08-24 16:31:06+00:00,2022-08-24T17:31:11.014127,9.5
1639,5223,6884.57,2651,33.44,-1812,854.17,5912.1,94.0,-1137,2022-08-24 16:32:16+00:00,2022-08-24T17:32:21.755934,10.7
1625,5223,6884.63,2678,33.5,0,854.17,5912.1,94.0,-1063,2022-08-24 16:33:27+00:00,2022-08-24T17:33:31.987819,10.2
1588,5223,6884.68,2685,33.56,-6,854.17,5912.1,94.0,-1104,2022-08-24 16:34:38+00:00,2022-08-24T17:34:43.451092,11.4
1544,5223,6884.74,2735,33.61,-9,854.17,5912.1,94.0,-1188,2022-08-24 16:35:48+00:00,2022-08-24T17:35:52.446473,8.9
1531,5223,6884.76,210,33.63,0,854.17,5912.1,94.0,1322,2022-08-24 16:36:56+00:00,2022-08-24T17:37:02.063787,9.6
1523,5223,6884.76,293,33.63,-5,854.17,5912.1,94.0,1210,2022-08-24 16:38:06+00:00,2022-08-24T17:38:11.583779,9.5
1485,5223,6884.77,235,33.64,0,854.17,5912.1,94.0,1249,2022-08-24 16:39:17+00:00,2022-08-24T17:39:22.769825,11.1
1445,5223,6884.77,435,33.64,2,854.17,5912.1,94.0,1002,2022-08-24 16:40:27+00:00,2022-08-24T17:40:32.529009,9.7
1456,5223,6884.78,302,33.65,0,854.17,5912.1,94.0,1149,2022-08-24 16:41:36+00:00,2022-08-24T17:41:42.333310,9.7
1444,5223,6884.78,292,33.65,-4,854.17,5912.1,94.0,1149,2022-08-24 16:42:45+00:00,2022-08-24T17:42:52.522826,10.1
1414,5223,6884.79,216,33.66,-3,854.17,5912.1,94.0,1195,2022-08-24 16:43:57+00:00,2022-08-24T17:44:05.659134,13.1
1395,5223,6884.79,229,33.66,3,854.17,5912.1,94.0,1166,2022-08-24 16:45:09+00:00,2022-08-24T17:45:16.018515,10.3
1370,5223,6884.8,231,33.67,1,854.17,5912.1,94.0,1144,2022-08-24 16:46:19+00:00,2022-08-24T17:46:25.549539,9.5
1353,5223,6884.8,146,33.67,3,854.17,5912.1,94.0,1213,2022-08-24 16:47:30+00:00,2022-08-24T17:47:34.403596,8.8
1317,5223,6884.81,180,33.68,3,854.17,5912.1,94.0,1138,2022-08-24 16:48:41+00:00,2022-08-24T17:48:46.781798,12.3
1282,5223,6884.81,190,33.68,-1,854.17,5912.1,95.0,1095,2022-08-24 16:49:53+00:00,2022-08-24T17:49:58.668777,11.8
1262,5223,6884.81,195,33.68,-3,854.17,5912.1,95.0,1064,2022-08-24 16:51:03+00:00,2022-08-24T17:51:09.109707,10.4
1249,5223,6884.82,207,33.69,2,854.17,5912.1,95.0,1040,2022-08-24 16:52:15+00:00,2022-08-24T17:52:19.670917,10.5
1233,5223,6884.82,212,33.69,-5,854.17,5912.1,95.0,1014,2022-08-24 16:53:27+00:00,2022-08-24T17:53:32.731444,13.0
1204,5223,6884.83,243,33.7,-4,854.17,5912.1,95.0,955,2022-08-24 16:54:39+00:00,2022-08-24T17:54:44.036845,11.2
1180,5223,6884.83,269,33.7,-64,854.17,5912.1,95.0,866,2022-08-24 16:55:49+00:00,2022-08-24T17:55:54.757072,10.7
1150,5223,6884.84,387,33.71,-9,854.17,5912.1,95.0,758,2022-08-24 16:56:58+00:00,2022-08-24T17:57:04.468998,9.7
1121,5223,6884.85,451,33.72,-4,854.17,5912.1,95.0,663,2022-08-24 16:58:09+00:00,2022-08-24T17:58:14.740834,10.2
1086,5223,6884.86,506,33.73,-9,854.17,5912.1,95.0,574,2022-08-24 16:59:21+00:00,2022-08-24T17:59:26.734871,11.9
1053,5223,6884.87,580,33.74,-10,854.17,5912.1,95.0,465,2022-08-24 17:00:31+00:00,2022-08-24T18:00:36.443168,9.7
1026,5223,6884.88,532,33.75,6,854.17,5912.1,95.0,481,2022-08-24 17:01:43+00:00,2022-08-24T18:01:48.846463,12.4
997,5223,6884.89,543,33.76,1,854.17,5912.1,95.0,449,2022-08-24 17:02:54+00:00,2022-08-24T18:02:58.632444,9.7
974,5223,6884.9,541,33.77,0,854.17,5912.1,95.0,427,2022-08-24 17:04:04+00:00,2022-08-24T18:04:09.148175,10.5
949,5223,6884.91,537,33.78,3,854.17,5912.1,95.0,411,2022-08-24 17:05:15+00:00,2022-08-24T18:05:20.429432,11.2
934,5223,6884.92,546,33.79,-1,854.17,5912.1,95.0,381,2022-08-24 17:06:25+00:00,2022-08-24T18:06:30.709253,10.3
919,5223,6884.93,549,33.8,-8,854.17,5912.1,95.0,354,2022-08-24 17:07:35+00:00,2022-08-24T18:07:40.092229,9.4
899,5223,6884.94,558,33.81,-7,854.17,5912.1,95.0,347,2022-08-24 17:08:44+00:00,2022-08-24T18:08:49.207304,9.1
880,5223,6884.95,602,33.82,-4,854.17,5912.1,95.0,281,2022-08-24 17:09:53+00:00,2022-08-24T18:09:58.591138,9.3
861,5223,6884.96,598,33.83,-6,854.17,5912.1,95.0,261,2022-08-24 17:11:05+00:00,2022-08-24T18:11:10.849698,12.2
809,5223,6884.98,808,33.85,199,854.17,5912.1,95.0,0,2022-08-24 17:12:17+00:00,2022-08-24T18:12:22.366668,11.5
789,5223,6884.99,789,33.86,81,854.17,5912.1,95.0,0,2022-08-24 17:13:29+00:00,2022-08-24T18:13:33.610922,11.2
772,5223,6885.01,773,33.88,69,854.17,5912.1,95.0,0,2022-08-24 17:14:39+00:00,2022-08-24T18:14:45.117669,11.5
801,5223,6885.07,3326,33.94,-4,854.17,5912.1,95.0,-2529,2022-08-24 17:15:51+00:00,2022-08-24T18:15:55.594146,10.4
771,5223,6885.13,3301,34.0,-22,854.17,5912.1,95.0,-2551,2022-08-24 17:17:00+00:00,2022-08-24T18:17:06.160369,10.5
744,5223,6885.19,3325,34.06,-11,854.17,5912.1,95.0,-2591,2022-08-24 17:18:12+00:00,2022-08-24T18:18:17.356090,11.1
713,5223,6885.25,3268,34.12,6,854.17,5912.1,95.0,-2543,2022-08-24 17:19:25+00:00,2022-08-24T18:19:28.835684,11.5
683,5223,6885.32,3273,34.19,-8,854.17,5912.1,94.0,-2594,2022-08-24 17:20:34+00:00,2022-08-24T18:20:38.612052,9.7
579,5223,6885.36,654,34.23,-3,854.17,5912.1,94.0,-72,2022-08-24 17:21:44+00:00,2022-08-24T18:21:48.925765,10.3
464,5223,6885.38,661,34.25,-1,854.17,5912.1,94.0,-216,2022-08-24 17:22:53+00:00,2022-08-24T18:22:59.615937,10.6
550,5223,6885.39,665,34.26,0,854.17,5912.1,94.0,-114,2022-08-24 17:24:07+00:00,2022-08-24T18:24:12.389436,12.7
545,5223,6885.4,661,34.27,-3,854.17,5912.1,94.0,-119,2022-08-24 17:25:18+00:00,2022-08-24T18:25:23.431203,11.0
558,5223,6885.42,639,34.29,-34,854.17,5912.1,94.0,-116,2022-08-24 17:26:29+00:00,2022-08-24T18:26:34.801960,11.3
505,5223,6885.44,1453,34.31,453,854.19,5912.1,94.0,-1347,2022-08-24 17:27:43+00:00,2022-08-24T18:27:49.011017,14.2
495,5223,6885.47,642,34.34,-34,854.19,5912.1,94.0,-121,2022-08-24 17:28:52+00:00,2022-08-24T18:28:58.676373,9.7
530,5223,6885.49,1905,34.37,1078,854.2,5912.1,94.0,-1011,2022-08-24 17:30:07+00:00,2022-08-24T18:30:12.977947,14.2
488,5223,6885.52,710,34.39,34,854.2,5912.1,93.0,-1616,2022-08-24 17:31:18+00:00,2022-08-24T18:31:23.058908,10.0
496,5223,6885.55,1888,34.42,552,854.21,5912.1,93.0,-1303,2022-08-24 17:32:26+00:00,2022-08-24T18:32:31.819402,8.7
442,5223,6885.58,675,34.45,-1806,854.21,5912.1,93.0,-245,2022-08-24 17:33:37+00:00,2022-08-24T18:33:41.509794,9.6
452,5223,6885.6,2331,34.47,-1,854.21,5912.1,93.0,-1305,2022-08-24 17:34:47+00:00,2022-08-24T18:34:51.791108,10.2
405,5223,6885.63,687,34.5,-1925,854.21,5912.1,93.0,-870,2022-08-24 17:35:57+00:00,2022-08-24T18:36:02.262550,10.4
406,5223,6885.66,1859,34.53,-15,854.22,5912.1,93.0,-1304,2022-08-24 17:37:07+00:00,2022-08-24T18:37:11.939469,9.6
393,5223,6885.69,2063,34.56,821,854.22,5912.1,93.0,-1356,2022-08-24 17:38:19+00:00,2022-08-24T18:38:23.958759,12.0
356,5223,6885.71,670,34.58,-2564,854.23,5912.1,93.0,-364,2022-08-24 17:39:29+00:00,2022-08-24T18:39:34.279829,10.3
372,5223,6885.74,2553,34.61,190,854.25,5912.1,93.0,-1519,2022-08-24 17:40:41+00:00,2022-08-24T18:40:46.350007,12.0
324,5223,6885.77,623,34.64,-2054,854.25,5912.1,93.0,-337,2022-08-24 17:41:50+00:00,2022-08-24T18:41:54.676119,8.3
333,5223,6885.8,1682,34.67,13,854.26,5912.1,93.0,-468,2022-08-24 17:43:00+00:00,2022-08-24T18:43:06.779877,12.1
290,5223,6885.82,629,34.69,-1660,854.26,5912.1,93.0,-620,2022-08-24 17:44:10+00:00,2022-08-24T18:44:16.922395,10.1
298,5223,6885.85,2071,34.72,533,854.26,5912.1,92.0,-742,2022-08-24 17:45:20+00:00,2022-08-24T18:45:26.388252,9.4
267,5223,6885.87,619,34.74,-1338,854.27,5912.1,92.0,-2134,2022-08-24 17:46:34+00:00,2022-08-24T18:46:39.428433,13.0
276,5223,6885.91,1701,34.78,165,854.27,5912.1,92.0,-581,2022-08-24 17:47:44+00:00,2022-08-24T18:47:49.629425,10.1
246,5223,6885.93,583,34.8,313,854.28,5912.1,92.0,-1678,2022-08-24 17:48:56+00:00,2022-08-24T18:49:00.316843,10.6
252,5223,6885.96,2164,34.83,-103,854.28,5912.1,92.0,-354,2022-08-24 17:50:09+00:00,2022-08-24T18:50:13.855655,13.5
243,5223,6885.99,2274,34.86,132,854.28,5912.1,92.0,-1708,2022-08-24 17:51:18+00:00,2022-08-24T18:51:22.562543,8.6
233,5223,6886.01,1064,34.88,4,854.28,5912.1,92.0,-447,2022-08-24 17:52:26+00:00,2022-08-24T18:52:31.482857,8.9
225,5223,6886.04,1548,34.92,104,854.29,5912.1,92.0,-1652,2022-08-24 17:53:37+00:00,2022-08-24T18:53:41.713551,10.2
213,5223,6886.07,687,34.94,-64,854.29,5912.1,92.0,-379,2022-08-24 17:54:45+00:00,2022-08-24T18:54:50.754105,9.0
198,5223,6886.1,1963,34.97,292,854.3,5912.1,92.0,-1818,2022-08-24 17:55:58+00:00,2022-08-24T18:56:03.823263,13.0
198,5223,6886.13,840,35.0,-2574,854.3,5912.1,92.0,-580,2022-08-24 17:57:07+00:00,2022-08-24T18:57:12.581983,8.7
195,5223,6886.16,2170,35.03,239,854.32,5912.1,92.0,-2201,2022-08-24 17:58:17+00:00,2022-08-24T18:58:22.945753,10.3
180,5223,6886.19,934,35.06,-31,854.32,5912.1,91.0,-502,2022-08-24 17:59:27+00:00,2022-08-24T18:59:32.158883,9.2
181,5223,6886.22,1391,35.09,187,854.33,5912.1,91.0,-1692,2022-08-24 18:00:37+00:00,2022-08-24T19:00:42.305345,10.1
172,5223,6886.24,727,35.11,-41,854.33,5912.1,91.0,-548,2022-08-24 18:01:47+00:00,2022-08-24T19:01:53.445531,11.1
173,5223,6886.27,2628,35.14,40,854.34,5912.1,91.0,-1999,2022-08-24 18:02:58+00:00,2022-08-24T19:03:03.284726,9.8
164,5223,6886.3,834,35.17,-22,854.34,5912.1,91.0,-500,2022-08-24 18:04:08+00:00,2022-08-24T19:04:13.077683,9.7
159,5223,6886.33,2586,35.21,70,854.34,5912.1,91.0,-1718,2022-08-24 18:05:19+00:00,2022-08-24T19:05:24.564116,11.5
153,5223,6886.36,1838,35.24,299,854.34,5912.1,91.0,-951,2022-08-24 18:06:31+00:00,2022-08-24T19:06:35.390262,10.8
142,5223,6886.39,825,35.26,4,854.35,5912.1,91.0,-684,2022-08-24 18:07:41+00:00,2022-08-24T19:07:46.012731,10.6
138,5223,6886.4,821,35.27,-1,854.35,5912.1,91.0,-681,2022-08-24 18:08:50+00:00,2022-08-24T19:08:55.429408,9.4
136,5223,6886.42,844,35.29,71,854.35,5912.1,91.0,-669,2022-08-24 18:10:04+00:00,2022-08-24T19:10:07.943545,12.5
131,5223,6886.44,767,35.31,-2607,854.35,5912.1,91.0,-656,2022-08-24 18:11:14+00:00,2022-08-24T19:11:18.539890,10.5
133,5223,6886.47,1756,35.34,418,854.35,5912.1,90.0,-710,2022-08-24 18:12:24+00:00,2022-08-24T19:12:29.322721,10.7
122,5223,6886.49,711,35.36,-2584,854.36,5912.1,90.0,-593,2022-08-24 18:13:35+00:00,2022-08-24T19:13:40.827975,11.4
126,5223,6886.51,1747,35.38,53,854.36,5912.1,90.0,-1288,2022-08-24 18:14:45+00:00,2022-08-24T19:14:50.324001,9.5
125,5223,6886.55,3302,35.42,15,854.38,5912.1,90.0,-3182,2022-08-24 18:15:57+00:00,2022-08-24T19:16:00.850485,10.5
121,5223,6886.62,3303,35.49,0,854.38,5912.1,90.0,-3177,2022-08-24 18:17:07+00:00,2022-08-24T19:17:11.426296,10.5
118,5223,6886.68,3286,35.55,-28,854.38,5912.1,90.0,-3181,2022-08-24 18:18:17+00:00,2022-08-24T19:18:22.022483,10.6
108,5223,6886.71,756,35.58,1,854.38,5912.1,90.0,-646,2022-08-24 18:19:27+00:00,2022-08-24T19:19:32.133539,10.1
105,5223,6886.72,726,35.59,0,854.38,5912.1,90.0,-619,2022-08-24 18:20:37+00:00,2022-08-24T19:20:42.995764,10.8
101,5223,6886.74,715,35.61,0,854.38,5912.1,90.0,-616,2022-08-24 18:21:47+00:00,2022-08-24T19:21:52.443834,9.4
99,5223,6886.76,699,35.63,3,854.38,5912.1,89.0,-631,2022-08-24 18:22:57+00:00,2022-08-24T19:23:03.436965,11.0
96,5223,6886.77,709,35.64,-7,854.38,5912.1,89.0,-612,2022-08-24 18:24:09+00:00,2022-08-24T19:24:13.793718,10.3
93,5223,6886.79,713,35.66,0,854.38,5912.1,89.0,-624,2022-08-24 18:25:19+00:00,2022-08-24T19:25:25.325025,11.5
89,5223,6886.8,811,35.67,0,854.38,5912.1,89.0,-725,2022-08-24 18:26:31+00:00,2022-08-24T19:26:35.393411,10.0
86,5223,6886.82,808,35.69,-5,854.38,5912.1,89.0,-713,2022-08-24 18:27:40+00:00,2022-08-24T19:27:45.143288,9.7
85,5223,6886.84,796,35.71,-2,854.38,5912.1,89.0,-707,2022-08-24 18:28:49+00:00,2022-08-24T19:28:54.859229,9.7
82,5223,6886.85,810,35.72,-4,854.38,5912.1,89.0,-730,2022-08-24 18:29:58+00:00,2022-08-24T19:30:06.746487,11.9
80,5223,6886.87,721,35.74,0,854.38,5912.1,89.0,-640,2022-08-24 18:31:14+00:00,2022-08-24T19:31:18.445725,11.7
76,5223,6886.88,716,35.75,0,854.38,5912.1,89.0,-641,2022-08-24 18:32:24+00:00,2022-08-24T19:32:30.621335,12.1
73,5223,6886.9,741,35.77,-6,854.38,5912.1,89.0,-671,2022-08-24 18:33:35+00:00,2022-08-24T19:33:39.233679,8.6
70,5223,6886.91,716,35.78,-5,854.38,5912.1,89.0,-645,2022-08-24 18:34:44+00:00,2022-08-24T19:34:48.990890,9.7
68,5223,6886.93,854,35.8,-25,854.38,5912.1,89.0,0,2022-08-24 18:35:56+00:00,2022-08-24T19:36:00.474248,11.4
63,5223,6886.95,874,35.82,-107,854.38,5912.1,89.0,-913,2022-08-24 18:37:05+00:00,2022-08-24T19:37:10.842971,10.3
62,5223,6886.98,2002,35.85,-23,854.38,5912.1,89.0,-1967,2022-08-24 18:38:16+00:00,2022-08-24T19:38:21.560301,10.7
57,5223,6887.01,1900,35.88,87,854.38,5912.1,89.0,-1863,2022-08-24 18:39:27+00:00,2022-08-24T19:39:31.512735,9.9
52,5223,6887.05,1846,35.92,-25,854.38,5912.1,89.0,-1817,2022-08-24 18:40:37+00:00,2022-08-24T19:40:42.238978,10.7
48,5223,6887.09,1873,35.96,42,854.38,5912.1,88.0,-1855,2022-08-24 18:41:51+00:00,2022-08-24T19:41:55.645432,13.3
44,5223,6887.12,1817,35.99,-5,854.38,5912.1,88.0,-1787,2022-08-24 18:42:59+00:00,2022-08-24T19:43:05.423349,9.7
40,5223,6887.16,1934,36.03,15,854.38,5912.1,88.0,-1814,2022-08-24 18:44:12+00:00,2022-08-24T19:44:17.493045,12.0
34,5223,6887.2,1873,36.07,0,854.38,5912.1,88.0,-1821,2022-08-24 18:45:21+00:00,2022-08-24T19:45:27.751781,10.2
28,5223,6887.23,1848,36.1,16,854.38,5912.1,88.0,-1836,2022-08-24 18:46:32+00:00,2022-08-24T19:46:37.761468,9.9
23,5223,6887.27,1932,36.14,-34,854.38,5912.1,88.0,-1933,2022-08-24 18:47:42+00:00,2022-08-24T19:47:48.726214,10.9
22,5223,6887.31,1819,36.18,-18,854.38,5912.1,88.0,-1829,2022-08-24 18:48:55+00:00,2022-08-24T19:49:00.557840,11.8
14,5223,6887.35,1781,36.22,-59,854.38,5912.1,87.0,-1842,2022-08-24 18:50:12+00:00,2022-08-24T19:50:17.122170,16.5
7,5223,6887.38,1767,36.25,-3,854.38,5912.1,87.0,-1769,2022-08-24 18:51:22+00:00,2022-08-24T19:51:27.049860,9.9
1,5223,6887.42,1720,36.29,5,854.38,5912.1,87.0,-1724,2022-08-24 18:52:33+00:00,2022-08-24T19:52:37.311235,10.2
0,5223,6887.45,1711,36.32,-69,854.38,5912.1,87.0,-1660,2022-08-24 18:53:42+00:00,2022-08-24T19:53:47.917905,10.6
0,5223,6887.48,1706,36.35,-62,854.38,5912.1,87.0,-1677,2022-08-24 18:54:53+00:00,2022-08-24T19:54:58.697470,10.7
0,5223,6887.52,1751,36.39,124,854.38,5912.1,87.0,-1752,2022-08-24 18:56:03+00:00,2022-08-24T19:56:08.470248,9.7
0,5223,6887.55,1796,36.42,-26,854.38,5912.1,87.0,-1801,2022-08-24 18:57:12+00:00,2022-08-24T19:57:17.076844,8.5
0,5223,6887.59,1756,36.46,-9,854.38,5912.1,87.0,-1772,2022-08-24 18:58:23+00:00,2022-08-24T19:58:28.444338,11.3
0,5223,6887.62,1676,36.49,-45,854.39,5912.1,87.0,-1696,2022-08-24 18:59:35+00:00,2022-08-24T19:59:41.743794,13.2
0,5223,6887.65,1688,36.53,-6,854.39,5912.1,86.0,-1710,2022-08-24 19:00:47+00:00,2022-08-24T20:00:52.059101,10.3
0,5223,6887.69,1864,36.56,-46,854.39,5912.1,86.0,-1824,2022-08-24 19:01:56+00:00,2022-08-24T20:02:02.383714,10.3
0,5223,6887.73,1820,36.6,-9,854.39,5912.1,86.0,-1833,2022-08-24 19:03:07+00:00,2022-08-24T20:03:12.483750,10.0
0,5223,6887.76,1852,36.63,-17,854.39,5912.1,86.0,-1862,2022-08-24 19:04:17+00:00,2022-08-24T20:04:23.812724,11.3
0,5223,6887.8,1852,36.67,-36,854.39,5912.1,86.0,-1853,2022-08-24 19:05:28+00:00,2022-08-24T20:05:34.088609,10.2
0,5223,6887.83,1884,36.7,-122,854.39,5912.1,86.0,-1806,2022-08-24 19:06:39+00:00,2022-08-24T20:06:44.930166,10.8
0,5223,6887.87,1781,36.74,74,854.39,5912.1,86.0,-1745,2022-08-24 19:07:51+00:00,2022-08-24T20:07:57.449783,12.5
0,5223,6887.91,1331,36.78,-247,854.39,5912.1,86.0,-1073,2022-08-24 19:09:03+00:00,2022-08-24T20:09:08.189464,10.7
0,5223,6887.94,1746,36.81,-22,854.39,5912.1,85.0,-1773,2022-08-24 19:10:12+00:00,2022-08-24T20:10:17.042843,8.8
0,5223,6887.97,1796,36.84,4,854.39,5912.1,85.0,-1807,2022-08-24 19:11:22+00:00,2022-08-24T20:11:27.023902,9.9
0,5223,6888.01,1776,36.88,-25,854.39,5912.1,85.0,-1824,2022-08-24 19:12:33+00:00,2022-08-24T20:12:37.803919,10.7
0,5223,6888.04,1804,36.91,-13,854.39,5912.1,85.0,-1838,2022-08-24 19:13:43+00:00,2022-08-24T20:13:47.517342,9.7
0,5223,6888.08,1829,36.95,73,854.39,5912.1,85.0,-1818,2022-08-24 19:14:52+00:00,2022-08-24T20:14:58.216898,10.6
0,5223,6888.12,1849,36.99,-12,854.39,5912.1,85.0,-1848,2022-08-24 19:16:03+00:00,2022-08-24T20:16:08.473381,10.2
0,5223,6888.15,1911,37.02,10,854.39,5912.1,85.0,-1876,2022-08-24 19:17:16+00:00,2022-08-24T20:17:21.366191,12.8
0,5223,6888.19,1875,37.06,-70,854.39,5912.1,85.0,-1833,2022-08-24 19:18:25+00:00,2022-08-24T20:18:31.015039,9.6
0,5223,6888.22,1769,37.1,-56,854.39,5912.1,84.0,-1823,2022-08-24 19:19:36+00:00,2022-08-24T20:19:41.499452,10.4
0,5223,6888.26,2005,37.13,18,854.39,5912.1,84.0,-1989,2022-08-24 19:20:48+00:00,2022-08-24T20:20:52.275417,10.7
0,5223,6888.3,2016,37.17,-7,854.39,5912.1,84.0,-2019,2022-08-24 19:22:00+00:00,2022-08-24T20:22:04.524834,12.2
0,5223,6888.34,1975,37.21,-54,854.39,5912.1,84.0,-1990,2022-08-24 19:23:09+00:00,2022-08-24T20:23:14.742962,10.2
0,5223,6888.38,1995,37.25,-75,854.39,5912.1,84.0,-1922,2022-08-24 19:24:19+00:00,2022-08-24T20:24:25.137996,10.3
0,5223,6888.42,1890,37.29,0,854.39,5912.1,84.0,-1872,2022-08-24 19:25:32+00:00,2022-08-24T20:25:38.045243,12.8
0,5223,6888.45,1838,37.32,-46,854.39,5912.1,84.0,-1910,2022-08-24 19:26:44+00:00,2022-08-24T20:26:48.669529,10.6
0,5223,6888.49,1848,37.36,-74,854.39,5912.1,84.0,-1876,2022-08-24 19:27:53+00:00,2022-08-24T20:27:58.693759,10.0
0,5223,6888.53,1856,37.4,-143,854.39,5912.1,83.0,-1821,2022-08-24 19:29:04+00:00,2022-08-24T20:29:09.415494,10.7
0,5223,6888.57,1937,37.44,-4,854.39,5912.1,83.0,-1936,2022-08-24 19:30:14+00:00,2022-08-24T20:30:19.780634,10.3
0,5223,6888.6,1936,37.47,-2,854.39,5912.1,83.0,-1948,2022-08-24 19:31:25+00:00,2022-08-24T20:31:30.019776,10.2
0,5223,6888.64,1984,37.51,-6,854.39,5912.1,83.0,-1984,2022-08-24 19:32:37+00:00,2022-08-24T20:32:41.606606,11.5
0,5223,6888.68,1838,37.55,-105,854.39,5912.1,83.0,-1914,2022-08-24 19:33:46+00:00,2022-08-24T20:33:51.588275,10.0
0,5223,6888.72,1867,37.59,-1,854.4,5912.1,83.0,-1962,2022-08-24 19:34:57+00:00,2022-08-24T20:35:06.143776,14.5
0,5223,6888.76,1968,37.63,-8,854.4,5912.1,83.0,-1993,2022-08-24 19:36:12+00:00,2022-08-24T20:36:17.298620,11.1
0,5223,6888.8,2005,37.67,86,854.4,5912.1,82.0,-2011,2022-08-24 19:37:21+00:00,2022-08-24T20:37:26.176318,8.8
0,5223,6888.84,2117,37.71,58,854.4,5912.1,82.0,-2053,2022-08-24 19:38:30+00:00,2022-08-24T20:38:35.570195,9.3
0,5223,6888.88,2090,37.75,3,854.4,5912.1,82.0,-2096,2022-08-24 19:39:40+00:00,2022-08-24T20:39:46.309456,10.7
0,5223,6888.92,2062,37.79,109,854.4,5912.1,82.0,-2088,2022-08-24 19:40:51+00:00,2022-08-24T20:40:57.841600,11.5
0,5223,6888.96,2111,37.83,-11,854.4,5912.1,82.0,-2117,2022-08-24 19:42:03+00:00,2022-08-24T20:42:09.269080,11.4
0,5223,6889.0,1878,37.87,-17,854.4,5912.1,82.0,-1916,2022-08-24 19:43:15+00:00,2022-08-24T20:43:21.706634,12.4
0,5223,6889.04,1982,37.91,-11,854.4,5912.1,82.0,-2015,2022-08-24 19:44:27+00:00,2022-08-24T20:44:33.814459,12.1
0,5223,6889.08,1908,37.95,-45,854.4,5912.1,82.0,-1942,2022-08-24 19:45:38+00:00,2022-08-24T20:45:44.652179,10.8
0,5223,6889.12,1978,37.99,-32,854.4,5912.1,81.0,-1989,2022-08-24 19:46:49+00:00,2022-08-24T20:46:54.743349,10.0
0,5223,6889.15,1875,38.02,10,854.4,5912.1,81.0,-1815,2022-08-24 19:47:59+00:00,2022-08-24T20:48:05.775717,11.0
0,5223,6889.19,1476,38.06,-2373,854.4,5912.1,81.0,-2062,2022-08-24 19:49:10+00:00,2022-08-24T20:49:16.230388,10.4
0,5223,6889.23,1500,38.1,30,854.4,5912.1,81.0,-1481,2022-08-24 19:50:22+00:00,2022-08-24T20:50:26.809560,10.5
0,5223,6889.29,4415,38.16,-20,854.4,5912.1,81.0,-4436,2022-08-24 19:51:34+00:00,2022-08-24T20:51:39.522936,12.7
0,5223,6889.38,4407,38.25,-6,854.4,5912.1,81.0,-4431,2022-08-24 19:52:45+00:00,2022-08-24T20:52:50.737325,11.2
0,5223,6889.47,4397,38.34,-7,854.4,5912.1,80.0,-4404,2022-08-24 19:53:57+00:00,2022-08-24T20:54:01.867144,11.1
0,5223,6889.56,4397,38.43,-10,854.4,5912.1,80.0,-4400,2022-08-24 19:55:08+00:00,2022-08-24T20:55:14.720135,12.8
0,5223,6889.64,4379,38.51,1,854.4,5912.1,80.0,-4313,2022-08-24 19:56:17+00:00,2022-08-24T20:56:25.256053,10.5
0,5223,6889.73,4453,38.6,-41,854.4,5912.1,79.0,-4491,2022-08-24 19:57:28+00:00,2022-08-24T20:57:34.512249,9.2
0,5223,6889.82,4451,38.69,-16,854.4,5912.1,79.0,-4459,2022-08-24 19:58:37+00:00,2022-08-24T20:58:43.655099,9.1
0,5223,6889.9,4475,38.77,22,854.4,5912.1,79.0,-4420,2022-08-24 19:59:47+00:00,2022-08-24T20:59:53.964197,10.3
0,5223,6889.99,4411,38.86,-31,854.4,5912.1,79.0,-4423,2022-08-24 20:00:59+00:00,2022-08-24T21:01:06.931030,12.9
0,5223,6890.08,4293,38.95,-64,854.4,5912.1,78.0,-4249,2022-08-24 20:02:09+00:00,2022-08-24T21:02:17.366203,10.4
0,5223,6890.16,4171,39.03,-1,854.4,5912.1,78.0,-4175,2022-08-24 20:03:22+00:00,2022-08-24T21:03:28.778569,11.4
0,5223,6890.24,4296,39.12,-54,854.4,5912.1,78.0,-4259,2022-08-24 20:04:31+00:00,2022-08-24T21:04:38.084770,9.2
0,5223,6890.33,4268,39.2,7,854.4,5912.1,78.0,-4317,2022-08-24 20:05:43+00:00,2022-08-24T21:05:48.360245,10.2
0,5223,6890.41,4253,39.28,-50,854.4,5912.1,77.0,-4283,2022-08-24 20:06:51+00:00,2022-08-24T21:06:57.112045,8.7
0,5223,6890.5,4297,39.37,-137,854.4,5912.1,77.0,-4265,2022-08-24 20:08:02+00:00,2022-08-24T21:08:08.346983,11.2
0,5223,6890.58,4341,39.45,20,854.4,5912.1,77.0,-4335,2022-08-24 20:09:13+00:00,2022-08-24T21:09:20.303033,11.9
0,5223,6890.67,4331,39.54,-18,854.4,5912.1,76.0,-4355,2022-08-24 20:10:27+00:00,2022-08-24T21:10:33.085932,12.7
0,5223,6890.75,4317,39.62,37,854.4,5912.1,76.0,-4286,2022-08-24 20:11:36+00:00,2022-08-24T21:11:41.955165,8.8