local_time,total_input_power,load_power,grid_power,total_battery_power,input_power,day_active_power_peak,active_power,accumulated_yield_energy,daily_yield_energy,grid_voltage_a_phase,b_phase_voltage,c_phase_voltage,power_meter_active_power,grid_frequency,grid_exported_energy,grid_accumulated_energy,storage_state_of_capacity,storage_charge_discharge_power,storage_current_day_charge_capacity,storage_current_day_discharge_capacity,backup_switch_to_off_grid,a_phase_active_power,b_phase_active_power,c_phase_active_power,forward_energy
2022-09-03T06:03:03.571967,0.0,0.191,0.001,-0.19,0.0,0.847,0.189,7140.38,1.66,233.5,236.3,235.1,-0.002,50.0,6151.22,855.35,75.0,-0.189,0.03,2.97,0.0,0.001,0.001,0.031,8.845
2022-09-03T06:04:04.249965,0.0,0.191,0.0,-0.191,0.0,0.847,0.187,7140.38,1.66,231.8,235.0,233.6,-0.002,49.97,6151.22,855.35,75.0,-0.186,0.03,2.97,0.0,0.001,0.001,0.03,8.8475
2022-09-03T06:05:08.223294,0.0,0.187,0.0,-0.187,,,,,,,,,,,,,,,,,,0.001,0.001,0.03,8.8475
2022-09-03T06:06:07.445328,,,,,0.0,0.847,0.189,7140.38,1.66,232.1,235.6,233.6,-0.001,49.97,6151.22,855.35,75.0,-0.19,0.03,2.98,0.0,0.001,0.001,0.03,8.84875
2022-09-03T06:07:04.138267,0.0,0.189,0.0,-0.189,0.0,0.847,0.188,7140.39,1.67,232.6,235.3,234.1,-0.001,49.97,6151.22,855.35,75.0,-0.188,0.03,2.98,0.0,0.001,0.001,0.03,8.84875
2022-09-03T06:08:06.456958,0.0,0.187,-0.001,-0.188,0.0,0.847,0.189,7140.39,1.67,232.1,236.0,234.8,-0.001,49.97,6151.22,855.35,75.0,-0.191,0.03,2.98,0.0,0.001,0.001,0.03,8.84875
2022-09-03T06:09:03.577503,0.0,0.193,0.001,-0.192,0.0,0.847,0.189,7140.39,1.67,230.8,235.3,233.8,-0.001,49.97,6151.22,855.35,75.0,-0.188,0.03,3.0,0.0,0.001,0.001,0.03,8.85
2022-09-03T06:10:03.407368,0.0,0.189,0.0,-0.189,0.0,0.847,0.187,7140.4,1.68,231.6,235.5,234.1,-0.002,49.97,6151.22,855.35,74.0,-0.187,0.03,3.0,0.0,0.001,0.001,0.03,8.85
2022-09-03T06:11:03.217026,0.0,0.279,0.009,-0.27,0.0,0.847,0.297,7140.4,1.68,231.5,235.8,234.0,0.001,50.0,6151.22,855.35,74.0,-0.297,0.03,3.0,0.0,0.001,0.001,0.03,8.85125
2022-09-03T06:12:04.864330,0.0,0.291,0.0,-0.291,0.0,0.847,0.286,7140.41,1.69,231.1,235.8,233.8,0.0,49.99,6151.22,855.35,74.0,-0.283,0.03,3.02,0.0,0.001,0.001,0.03,8.85125
2022-09-03T06:13:04.658008,0.0,0.286,0.0,-0.286,0.0,0.847,0.281,7140.41,1.69,229.8,235.6,233.8,0.002,49.97,6151.22,855.35,74.0,-0.282,0.03,3.02,0.0,0.001,0.001,0.03,8.85125
2022-09-03T06:14:04.184365,0.0,0.282,-0.001,-0.283,0.0,0.847,0.277,7140.42,1.7,231.8,235.3,234.5,0.001,49.97,6151.22,855.35,74.0,-0.281,0.03,3.02,0.0,0.001,0.001,0.03,8.8525
2022-09-03T06:15:07.687468,0.0,0.277,-0.001,-0.278,,,,,,,,,,,,,,,,,,0.001,0.002,0.03,8.8525
2022-09-03T06:16:08.096650,,,,,0.0,0.847,0.157,7140.42,1.7,233.8,236.3,234.6,0.001,49.99,6151.22,855.35,74.0,-0.154,0.03,3.05,0.0,0.001,0.001,0.03,8.85375
2022-09-03T06:17:03.746359,0.0,0.152,0.002,-0.15,0.0,0.847,0.153,7140.43,1.71,232.3,237.1,235.3,0.0,49.97,6151.22,855.35,74.0,-0.153,0.03,3.07,0.0,0.001,0.001,0.03,8.85375
2022-09-03T06:18:04.237950,0.0,0.156,0.001,-0.155,0.0,0.847,0.153,7140.43,1.71,232.6,237.3,235.1,0.002,50.0,6151.22,855.35,74.0,-0.153,0.03,3.07,0.0,0.001,0.001,0.03,8.85375
2022-09-03T06:19:04.226599,0.0,0.152,0.0,-0.152,0.0,0.847,0.15,7140.43,1.71,231.8,237.1,234.1,0.0,50.0,6151.22,855.35,74.0,-0.149,0.03,3.07,0.0,0.001,0.001,0.03,8.855
2022-09-03T06:20:07.724769,0.0,0.148,-0.001,-0.149,,,,,,,,,,,,,,,,,,0.001,0.001,0.03,8.855
2022-09-03T06:21:07.713204,,,,,0.0,0.847,0.149,7140.44,1.72,233.6,237.6,234.3,0.0,50.0,6151.22,855.35,74.0,-0.156,0.03,3.08,0.0,0.002,0.001,0.03,8.85625
2022-09-03T06:22:04.261113,0.0,0.157,0.001,-0.156,0.0,0.847,0.154,7140.44,1.72,233.3,236.1,233.6,0.0,49.99,6151.22,855.35,74.0,-0.152,0.03,3.09,0.0,0.001,0.001,0.029,8.85625
2022-09-03T06:23:04.242959,0.0,0.16,0.002,-0.158,0.0,0.847,0.169,7140.44,1.72,234.1,236.8,234.1,0.011,50.0,6151.22,855.35,74.0,-0.158,0.03,3.09,0.0,0.001,0.001,0.029,8.85625
2022-09-03T06:24:03.642744,0.0,0.169,-0.001,-0.17,0.0,0.847,0.154,7140.44,1.72,234.0,236.1,233.3,0.001,50.0,6151.22,855.35,74.0,-0.154,0.03,3.09,0.0,0.001,0.001,0.03,8.8575
2022-09-03T06:25:08.685840,0.0,0.152,0.0,-0.152,,,,,,,,,,,,,,,,,,0.001,0.001,0.03,8.8575
2022-09-03T06:26:08.260836,,,,,0.0,0.847,0.15,7140.45,1.73,233.3,237.1,234.1,0.0,49.97,6151.22,855.35,74.0,-0.153,0.03,3.11,0.0,0.001,0.001,0.03,8.85875
2022-09-03T06:27:03.487874,0.0,0.154,0.0,-0.154,0.0,0.847,0.153,7140.45,1.73,233.5,236.3,234.3,0.001,49.97,6151.22,855.35,74.0,-0.157,0.03,3.11,0.0,0.001,0.001,0.03,8.85875
2022-09-03T06:28:04.788272,0.0,0.153,0.0,-0.153,0.0,0.847,0.155,7140.45,1.73,234.3,236.3,234.6,0.0,50.0,6151.22,855.35,74.0,-0.155,0.03,3.13,0.0,0.001,0.001,0.03,8.85875
2022-09-03T06:29:04.077767,0.0,0.154,0.0,-0.154,0.0,0.847,0.152,7140.46,1.74,233.3,238.3,235.6,0.001,50.0,6151.22,855.35,74.0,-0.153,0.03,3.13,0.0,0.001,0.001,0.03,8.86
2022-09-03T06:30:03.932085,0.0,0.157,0.002,-0.155,0.0,0.847,0.238,7140.46,1.74,233.3,237.5,234.8,-0.01,49.95,6151.22,855.35,74.0,-0.251,0.03,3.13,0.0,0.001,0.001,0.03,8.86
2022-09-03T06:31:04.678451,0.0,0.256,0.001,-0.255,0.0,0.847,0.253,7140.46,1.74,233.8,237.8,234.6,0.0,49.99,6151.22,855.35,74.0,-0.257,0.03,3.15,0.0,0.001,0.001,0.03,8.86125
2022-09-03T06:32:05.263364,0.0,0.249,0.0,-0.249,0.0,0.847,0.248,7140.47,1.75,234.3,237.6,234.8,0.0,49.97,6151.22,855.35,74.0,-0.246,0.03,3.15,0.0,0.001,0.001,0.03,8.86125
2022-09-03T06:33:04.232952,0.001,0.249,0.0,-0.248,0.002,0.847,0.243,7140.47,1.75,233.5,237.6,234.8,-0.001,49.97,6151.22,855.35,74.0,-0.24,0.03,3.15,0.0,0.001,0.001,0.03,8.86125
2022-09-03T06:34:05.930551,0.003,0.242,-0.001,-0.24,0.004,0.847,0.245,7140.48,1.76,234.5,235.3,234.8,0.001,49.97,6151.22,855.35,74.0,-0.242,0.03,3.16,0.0,0.001,0.001,0.03,8.8625
2022-09-03T06:35:07.855154,0.005,0.241,0.001,-0.235,,,,,,,,,,,,,,,,,,0.001,0.001,0.03,8.8625
2022-09-03T06:36:08.633801,,,,,0.006,0.847,0.157,7140.48,1.76,235.8,235.3,234.3,-0.001,49.97,6151.22,855.35,74.0,-0.149,0.03,3.16,0.0,0.001,0.001,0.03,8.86375
2022-09-03T06:37:04.031836,0.007,0.157,0.002,-0.148,0.008,0.847,0.154,7140.49,1.77,233.3,235.8,234.8,0.0,49.97,6151.22,855.35,74.0,-0.146,0.03,3.18,0.0,0.001,0.001,0.03,8.86375
2022-09-03T06:38:02.779497,0.009,0.153,0.001,-0.143,0.01,0.847,0.157,7140.49,1.77,233.8,235.8,234.8,0.0,49.97,6151.22,855.35,74.0,-0.143,0.03,3.18,0.0,0.001,0.001,0.03,8.865
2022-09-03T06:39:03.833714,0.0,0.0,0.0,0.0,0.011,0.847,0.154,7140.49,1.77,233.8,235.8,234.3,0.007,50.0,6151.22,855.35,74.0,-0.143,0.03,3.18,0.0,0.001,0.002,0.03,8.865
2022-09-03T06:40:09.018087,0.013,0.153,0.0,-0.14,,,,,,,,,,,,,,,,,,0.001,0.001,0.03,8.865
2022-09-03T06:41:08.109595,,,,,0.016,0.847,0.153,7140.5,1.78,235.1,236.1,234.8,0.0,50.0,6151.22,855.35,74.0,-0.141,0.03,3.2,0.0,0.001,0.001,0.03,8.86625
2022-09-03T06:42:02.997115,0.014,0.158,0.005,-0.139,0.019,0.847,0.143,7140.5,1.78,235.8,235.3,234.8,0.0,50.0,6151.22,855.35,74.0,-0.124,0.03,3.21,0.0,0.002,0.001,0.03,8.86625
2022-09-03T06:43:03.258722,0.032,0.153,-0.002,-0.123,0.023,0.847,0.146,7140.5,1.78,236.0,236.6,235.8,0.001,50.0,6151.22,855.35,74.0,-0.123,0.03,3.21,0.0,0.001,0.001,0.03,8.8675
2022-09-03T06:44:03.849134,0.034,0.152,0.0,-0.118,0.025,0.847,0.141,7140.5,1.78,235.8,237.3,235.3,0.005,50.0,6151.22,855.35,74.0,-0.116,0.03,3.21,0.0,0.002,0.001,0.03,8.8675
2022-09-03T06:45:07.831147,0.042,0.154,0.001,-0.111,,,,,,,,,,,,,,,,,,0.001,0.001,0.03,8.86875
2022-09-03T06:46:07.765595,,,,,0.032,0.847,0.141,7140.51,1.79,236.6,238.3,235.8,0.0,49.99,6151.22,855.35,74.0,-0.107,0.03,3.23,0.0,0.001,0.001,0.03,8.87
2022-09-03T06:47:04.072706,0.049,0.154,0.002,-0.103,0.033,0.847,0.134,7140.51,1.79,235.6,237.1,234.1,0.003,50.0,6151.22,855.35,74.0,-0.103,0.03,3.23,0.0,0.001,0.001,0.03,8.87125
2022-09-03T06:48:04.692552,0.055,0.155,0.0,-0.1,0.039,0.847,0.153,7140.51,1.79,235.8,237.8,235.1,0.0,49.99,6151.22,855.35,74.0,-0.113,0.03,3.24,0.0,0.001,0.001,0.03,8.8725
2022-09-03T06:49:03.000005,0.078,0.194,0.0,-0.116,0.044,0.847,0.16,7140.52,1.8,235.6,237.8,235.1,0.0,49.99,6151.22,855.35,74.0,-0.114,0.03,3.24,0.0,0.001,0.001,0.03,8.8725
2022-09-03T06:50:08.387217,0.084,0.288,0.022,-0.182,,,,,,,,,,,,,,,,,,0.001,0.001,0.03,8.8725
2022-09-03T06:51:05.187836,0.08,0.284,0.0,-0.204,0.059,0.847,0.251,7140.52,1.8,235.1,237.3,235.6,0.001,49.99,6151.22,855.35,74.0,-0.193,0.03,3.26,0.0,0.001,0.001,0.03,8.87375
2022-09-03T06:52:03.975854,0.112,0.297,-0.003,-0.188,0.063,0.847,0.243,7140.53,1.81,234.1,238.3,235.6,-0.006,49.99,6151.22,855.35,74.0,-0.179,0.03,3.26,0.0,0.001,0.001,0.03,8.87375
2022-09-03T06:53:03.173294,0.103,0.275,-0.001,-0.173,0.067,0.847,0.236,7140.53,1.81,235.1,237.3,235.1,-0.003,50.02,6151.22,855.35,74.0,-0.169,0.03,3.26,0.0,0.001,0.001,0.03,8.875
2022-09-03T06:54:03.562292,0.115,0.282,0.001,-0.166,0.067,0.847,0.229,7140.54,1.81,235.8,236.3,234.6,0.005,50.0,6151.22,855.35,74.0,-0.162,0.03,3.27,0.0,0.001,0.001,0.03,8.875
2022-09-03T06:55:04.482176,0.116,0.234,-0.04,-0.158,0.063,0.847,0.14,7140.54,1.82,235.6,236.3,235.1,-0.004,50.0,6151.22,855.35,74.0,-0.077,0.03,3.27,0.0,0.001,0.001,0.03,8.875
2022-09-03T06:56:05.194653,0.105,0.186,0.002,-0.079,0.066,0.847,0.147,7140.54,1.82,235.3,236.1,234.8,-0.004,50.0,6151.22,855.35,74.0,-0.078,0.03,3.27,0.0,0.001,0.001,0.03,8.87625
2022-09-03T06:57:04.435262,0.106,0.187,0.0,-0.081,0.069,0.847,0.148,7140.54,1.82,235.1,236.5,234.3,0.0,50.0,6151.22,855.35,74.0,-0.079,0.03,3.28,0.0,0.001,0.001,0.03,8.87625
2022-09-03T06:58:05.012170,0.106,0.184,0.003,-0.075,0.073,0.847,0.148,7140.55,1.83,233.1,236.8,233.6,0.001,49.97,6151.22,855.35,74.0,-0.075,0.03,3.28,0.0,0.002,0.001,0.03,8.8775
2022-09-03T06:59:05.108708,0.114,0.18,-0.022,-0.088,0.075,0.847,0.148,7140.55,1.83,232.6,237.5,231.1,-0.002,50.0,6151.22,855.35,74.0,-0.072,0.03,3.28,0.0,0.001,0.001,0.029,8.8775
2022-09-03T07:00:04.033512,0.115,0.188,0.0,-0.073,0.079,0.847,0.149,7140.55,1.83,232.5,236.8,233.1,-0.005,50.0,6151.22,855.35,74.0,-0.072,0.03,3.29,0.0,0.001,0.001,0.03,8.8775
2022-09-03T07:01:03.227508,0.115,0.178,-0.003,-0.066,0.081,0.847,0.147,7140.55,1.83,233.3,235.8,233.1,0.0,50.0,6151.22,855.35,74.0,-0.069,0.03,3.29,0.0,0.001,0.001,0.03,8.87875
2022-09-03T07:02:03.621104,0.12,0.187,0.001,-0.066,0.082,0.847,0.146,7140.56,1.84,232.8,235.6,233.3,-0.003,50.0,6151.22,855.35,74.0,-0.066,0.03,3.29,0.0,0.001,0.001,0.03,8.87875
2022-09-03T07:03:04.662848,0.124,0.189,0.0,-0.065,0.083,0.847,0.145,7140.56,1.84,233.1,235.1,232.8,0.003,50.0,6151.22,855.35,74.0,-0.065,0.03,3.29,0.0,0.001,0.001,0.029,8.88
2022-09-03T07:04:04.200031,0.123,0.186,0.002,-0.061,0.084,0.847,0.145,7140.56,1.84,231.3,235.8,232.8,0.002,50.0,6151.22,855.35,74.0,-0.06,0.03,3.29,0.0,0.001,0.001,0.029,8.88
2022-09-03T07:05:03.789867,0.127,0.187,0.002,-0.058,0.087,0.847,0.14,7140.56,1.84,232.3,235.3,232.8,0.0,50.0,6151.22,855.35,74.0,-0.053,0.03,3.31,0.0,0.001,0.001,0.029,8.88
2022-09-03T07:06:04.445642,0.13,0.187,0.005,-0.052,0.091,0.847,0.139,7140.57,1.85,233.8,235.1,229.5,0.005,50.0,6151.22,855.35,74.0,-0.048,0.03,3.31,0.0,0.001,0.001,0.029,8.88125
2022-09-03T07:07:03.785330,0.139,0.187,0.001,-0.047,0.095,0.847,0.146,7140.57,1.85,233.3,235.1,231.8,0.002,50.0,6151.22,855.35,74.0,-0.051,0.03,3.31,0.0,0.001,0.001,0.03,8.88125
2022-09-03T07:08:03.800990,0.139,0.185,0.001,-0.045,0.097,0.847,0.14,7140.57,1.85,233.3,234.3,232.8,-0.002,50.0,6151.22,855.35,74.0,-0.043,0.03,3.31,0.0,0.001,0.001,0.03,8.8825
2022-09-03T07:09:05.382198,0.143,0.181,-0.004,-0.042,0.111,0.847,0.238,7140.57,1.85,233.8,235.8,233.1,-0.003,50.0,6151.22,855.35,74.0,-0.135,0.03,3.31,0.0,0.001,0.001,0.03,8.8825
2022-09-03T07:10:03.396457,0.164,0.278,-0.008,-0.122,0.114,0.847,0.231,7140.58,1.86,233.5,235.8,233.8,-0.006,50.0,6151.22,855.35,74.0,-0.116,0.03,3.31,0.0,0.001,0.001,0.03,8.8825
2022-09-03T07:11:03.382414,0.188,0.301,0.0,-0.113,0.116,0.847,0.229,7140.58,1.86,232.3,236.1,234.0,0.003,50.0,6151.22,855.35,74.0,-0.113,0.03,3.32,0.0,0.001,0.001,0.03,8.88375
2022-09-03T07:12:03.766037,0.168,0.273,-0.006,-0.111,0.118,0.847,0.22,7140.58,1.86,233.1,234.8,234.6,0.0,50.0,6151.22,855.35,74.0,-0.102,0.03,3.32,0.0,0.001,0.002,0.03,8.88375
2022-09-03T07:13:05.523079,0.166,0.269,0.001,-0.102,0.123,0.847,0.223,7140.59,1.87,233.1,235.1,234.1,0.001,50.0,6151.22,855.35,74.0,-0.097,0.03,3.32,0.0,0.001,0.001,0.03,8.885
2022-09-03T07:14:03.581934,0.18,0.274,-0.002,-0.096,0.124,0.847,0.217,7140.59,1.87,232.1,235.3,233.5,-0.001,50.0,6151.22,855.35,74.0,-0.093,0.03,3.33,0.0,0.001,0.001,0.03,8.885
2022-09-03T07:15:08.272570,0.178,0.191,0.006,-0.007,,,,,,,,,,,,,,,,,,0.001,0.001,0.03,8.88625
2022-09-03T07:16:08.052692,,,,,0.118,0.847,0.132,7140.6,1.88,232.5,234.6,233.3,0.002,50.0,6151.22,855.35,74.0,-0.014,0.03,3.33,0.0,0.001,0.001,0.03,8.88625
2022-09-03T07:17:03.137112,0.176,0.185,0.002,-0.007,0.12,0.847,0.129,7140.6,1.88,232.8,234.8,233.6,-0.001,50.0,6151.22,855.35,74.0,-0.008,0.03,3.33,0.0,0.001,0.001,0.029,8.88625
2022-09-03T07:18:03.181168,0.178,0.181,-0.004,-0.007,0.121,0.847,0.125,7140.6,1.88,232.3,233.6,232.8,0.0,49.99,6151.22,855.35,74.0,-0.005,0.03,3.33,0.0,0.001,0.001,0.029,8.8875
2022-09-03T07:19:02.632852,0.184,0.183,0.0,0.001,0.122,0.847,0.123,7140.6,1.88,233.1,233.6,233.6,-0.003,50.0,6151.22,855.35,74.0,0.0,0.03,3.33,0.0,0.001,0.001,0.03,8.8875
2022-09-03T07:20:08.406084,0.178,0.176,0.0,0.002,,,,,,,,,,,,,,,,,,0.001,0.001,0.03,8.88875
2022-09-03T07:21:08.471075,,,,,0.139,0.847,0.121,7140.61,1.89,233.6,234.6,233.6,0.0,50.0,6151.22,855.35,74.0,0.021,0.03,3.34,0.0,0.001,0.001,0.03,8.88875
2022-09-03T07:22:06.073408,0.213,0.195,0.006,0.024,0.146,0.847,0.117,7140.61,1.89,232.3,234.8,233.1,0.005,50.0,6151.22,855.35,74.0,0.025,0.03,3.34,0.0,0.001,0.001,0.029,8.88875
2022-09-03T07:23:02.869458,0.202,0.167,0.003,0.038,0.156,0.847,0.115,7140.61,1.89,232.0,234.8,233.6,0.0,49.97,6151.22,855.35,74.0,0.041,0.03,3.34,0.0,0.001,0.001,0.03,8.89
2022-09-03T07:24:04.689441,0.231,0.194,0.006,0.043,0.175,0.847,0.175,7140.61,1.89,232.1,233.3,232.0,-0.017,50.0,6151.22,855.35,74.0,0.031,0.03,3.34,0.0,0.001,0.001,0.029,8.89
2022-09-03T07:25:08.660213,0.231,0.138,0.0,0.093,,,,,,,,,,,,,,,,,,0.001,0.001,0.03,8.89125
2022-09-03T07:26:08.264951,,,,,0.0,0.847,0.0,7140.61,1.89,232.8,235.3,232.8,-0.12,50.0,6151.22,855.35,74.0,0.0,0.03,3.34,0.0,0.001,0.001,0.029,8.89125
2022-09-03T07:27:02.938276,0.07,0.189,0.119,0.0,0.0,0.847,0.0,7140.61,1.89,233.6,234.8,232.0,-0.119,50.0,6151.22,855.35,74.0,0.0,0.03,3.34,0.0,0.001,0.001,0.029,8.89125
2022-09-03T07:28:04.171894,0.094,0.212,0.118,0.0,0.0,0.847,0.0,7140.61,1.89,233.3,233.8,232.3,-0.117,50.0,6151.22,855.36,74.0,0.0,0.04,3.34,0.0,0.001,0.001,0.029,8.89375
2022-09-03T07:29:04.237858,0.232,0.255,0.006,-0.017,0.157,0.847,0.172,7140.62,1.9,234.1,233.8,234.1,-0.028,49.99,6151.22,855.36,74.0,-0.054,0.04,3.34,0.0,0.001,0.001,0.03,8.895
2022-09-03T07:30:03.164943,0.232,0.255,0.006,-0.017,0.176,0.847,0.175,7140.62,1.9,234.1,234.3,233.1,-0.001,49.97,6151.22,855.36,74.0,0.005,0.04,3.34,0.0,0.001,0.001,0.029,8.89625
2022-09-03T07:31:03.544535,0.269,0.249,0.002,0.022,0.203,0.847,0.173,7140.62,1.9,233.0,233.8,232.8,0.001,50.0,6151.22,855.36,74.0,0.032,0.04,3.35,0.0,0.001,0.001,0.029,8.89625
2022-09-03T07:32:03.434053,0.269,0.249,0.002,0.022,0.216,0.847,0.163,7140.63,1.91,233.8,234.6,233.3,-0.002,49.99,6151.22,855.36,74.0,0.056,0.04,3.35,0.0,0.001,0.001,0.03,8.89625
2022-09-03T07:33:05.084020,0.281,0.229,0.0,0.052,0.229,0.847,0.162,7140.63,1.91,232.8,234.3,232.0,0.001,49.99,6151.22,855.36,74.0,0.067,0.04,3.35,0.0,0.001,0.001,0.029,8.8975
2022-09-03T07:34:03.877026,0.308,0.237,0.0,0.071,0.239,0.847,0.062,7140.63,1.91,233.8,233.6,231.1,-0.007,50.0,6151.22,855.36,74.0,0.181,0.04,3.35,0.0,0.002,0.002,0.029,8.8975
2022-09-03T07:35:08.634836,0.329,0.149,0.004,0.184,,,,,,,,,,,,,,,,,,0.001,0.001,0.029,8.89875
2022-09-03T07:36:07.762333,,,,,0.26,0.847,0.063,7140.63,1.91,234.5,233.1,231.3,-0.002,49.99,6151.22,855.36,74.0,0.201,0.04,3.35,0.0,0.001,0.001,0.029,8.89875
2022-09-03T07:37:05.376889,0.35,0.183,0.031,0.198,0.378,0.847,0.0,7140.63,1.91,233.6,236.1,232.6,-0.031,50.0,6151.22,855.36,74.0,0.345,0.04,3.35,0.0,0.001,0.001,0.029,8.89875
2022-09-03T07:38:04.550395,0.493,0.14,0.0,0.353,0.41,0.847,0.052,7140.63,1.91,233.8,235.6,232.1,-0.002,49.97,6151.22,855.36,74.0,0.358,0.04,3.35,0.0,0.001,0.002,0.029,8.9
2022-09-03T07:39:04.445429,0.519,0.143,0.0,0.376,0.49,0.847,0.056,7140.64,1.92,234.8,235.3,234.1,0.0,50.0,6151.22,855.36,74.0,0.434,0.04,3.35,0.0,0.001,0.001,0.03,8.9
2022-09-03T07:40:08.262709,0.602,0.142,0.0,0.46,,,,,,,,,,,,,,,,,,0.001,0.002,0.029,8.90125
2022-09-03T07:41:08.079628,,,,,0.736,1.499,1.498,7140.64,1.92,230.6,237.6,236.1,-0.029,49.97,6151.22,855.36,74.0,-0.822,0.05,3.35,0.0,0.002,0.001,0.03,8.90125
2022-09-03T07:42:03.809492,0.862,1.702,-0.002,-0.842,0.796,1.601,1.565,7140.67,1.95,230.1,238.3,236.1,0.008,50.0,6151.22,855.36,74.0,-0.764,0.05,3.35,0.0,0.002,0.001,0.03,8.90125
2022-09-03T07:43:04.637850,0.987,1.663,0.006,-0.67,0.873,1.601,1.57,7140.69,1.97,230.8,237.6,235.6,-0.002,50.0,6151.22,855.36,74.0,-0.649,0.06,3.35,0.0,0.002,0.001,0.03,8.9025
2022-09-03T07:44:04.295447,0.987,1.663,0.006,-0.67,0.938,1.601,1.489,7140.71,1.99,230.8,238.1,235.3,0.012,49.99,6151.22,855.36,74.0,-0.552,0.06,3.35,0.0,0.002,0.001,0.03,8.9025
2022-09-03T07:45:09.636212,1.1,1.623,0.0,-0.523,,,,,,,,,,,,,,,,,,0.001,0.001,0.03,8.90375
2022-09-03T07:46:07.788573,,,,,1.089,1.601,0.0,7140.73,2.01,235.1,236.1,233.8,0.092,49.99,6151.22,855.36,74.0,1.09,0.07,3.39,0.0,0.001,0.001,0.03,8.90375
2022-09-03T07:47:04.469443,1.255,0.187,-0.024,1.044,1.134,1.601,0.0,7140.73,2.01,234.3,234.3,232.6,0.163,49.99,6151.22,855.36,74.0,1.145,0.07,3.39,0.0,0.001,0.001,0.03,8.905
2022-09-03T07:48:04.601656,1.503,0.189,-0.16,1.154,1.203,1.601,0.0,7140.73,2.01,234.3,234.6,232.6,0.012,49.99,6151.22,855.36,74.0,1.203,0.07,3.39,0.0,0.001,0.001,0.029,8.905
2022-09-03T07:49:04.742747,1.503,0.189,-0.16,1.154,1.253,1.601,0.0,7140.73,2.01,233.6,234.1,232.3,0.05,49.97,6151.22,855.36,74.0,1.253,0.1,3.39,0.0,0.001,0.001,0.03,8.905
2022-09-03T07:50:08.242138,1.72,0.347,-0.08,1.293,,,,,,,,,,,,,,,,,,0.001,0.001,0.03,8.90625
2022-09-03T07:51:07.295541,,,,,1.359,1.601,0.0,7140.73,2.01,234.8,235.8,233.3,0.131,50.0,6151.24,855.36,74.0,1.361,0.15,3.39,0.0,0.001,0.001,0.03,8.90625
2022-09-03T07:52:03.678291,1.895,0.342,-0.153,1.4,1.407,1.601,0.0,7140.73,2.01,233.1,233.3,232.3,0.157,49.97,6151.24,855.36,74.0,1.419,0.15,3.39,0.0,0.001,0.001,0.029,8.9075
2022-09-03T07:53:04.941005,1.895,0.342,-0.153,1.4,1.477,1.601,0.0,7140.73,2.01,232.3,235.3,231.8,0.271,49.97,6151.24,855.36,74.0,1.477,0.15,3.39,0.0,0.001,0.001,0.029,8.9075
2022-09-03T07:54:03.377109,1.895,0.342,-0.153,1.4,1.505,1.601,0.0,7140.73,2.01,232.6,236.5,232.1,0.292,49.99,6151.25,855.36,74.0,1.505,0.21,3.39,0.0,0.001,0.001,0.03,8.9075
2022-09-03T07:55:02.585194,2.063,0.253,-0.294,1.516,1.536,1.601,0.0,7140.73,2.01,232.3,235.6,232.1,0.387,49.97,6151.25,855.36,74.0,1.536,0.21,3.39,0.0,0.001,0.001,0.029,8.90875
2022-09-03T07:56:03.808068,2.124,0.183,-0.38,1.561,1.569,1.601,0.0,7140.73,2.01,230.6,236.8,232.8,0.381,49.97,6151.25,855.36,74.0,1.569,0.21,3.39,0.0,0.001,0.001,0.03,8.90875
2022-09-03T07:57:05.780308,2.124,0.183,-0.38,1.561,1.596,1.601,0.0,7140.73,2.01,233.8,234.6,229.0,0.385,49.97,6151.27,855.36,74.0,1.601,0.28,3.39,0.0,0.001,0.001,0.029,8.91
2022-09-03T07:58:04.861134,2.179,0.182,-0.384,1.613,1.622,1.601,0.0,7140.73,2.01,234.3,235.6,229.8,0.386,49.97,6151.27,855.36,74.0,1.622,0.28,3.39,0.0,0.001,0.001,0.029,8.91
2022-09-03T07:59:04.183073,2.179,0.182,-0.384,1.613,1.644,1.601,0.0,7140.73,2.01,234.6,236.3,231.1,0.393,50.0,6151.27,855.36,74.0,1.644,0.28,3.39,0.0,0.001,0.001,0.029,8.91
2022-09-03T08:00:03.358106,2.179,0.182,-0.384,1.613,1.661,1.601,0.0,7140.73,2.01,234.6,235.8,229.5,0.404,50.02,6151.29,855.36,74.0,1.665,0.34,3.39,0.0,0.001,0.001,0.029,8.91125
2022-09-03T08:01:04.638106,2.277,0.192,-0.409,1.676,1.693,1.601,0.0,7140.73,2.01,236.8,234.3,227.3,0.416,50.02,6151.29,855.36,75.0,1.694,0.34,3.39,0.0,0.001,0.001,0.028,8.91125
2022-09-03T08:02:04.303173,2.277,0.192,-0.409,1.676,1.718,1.601,0.0,7140.73,2.01,234.8,235.8,228.8,0.37,50.02,6151.29,855.36,75.0,1.719,0.34,3.39,0.0,0.001,0.001,0.029,8.91125
2022-09-03T08:03:03.746445,2.345,0.244,-0.377,1.724,1.739,1.601,0.0,7140.73,2.01,234.1,235.5,227.1,0.381,50.02,6151.29,855.36,75.0,1.741,0.41,3.39,0.0,0.001,0.001,0.028,8.9125
2022-09-03T08:04:04.810570,2.345,0.244,-0.377,1.724,1.765,1.601,0.0,7140.73,2.01,235.0,235.3,228.5,0.4,50.0,6151.31,855.36,75.0,1.764,0.41,3.39,0.0,0.001,0.001,0.028,8.9125
2022-09-03T08:05:04.262548,2.433,0.334,-0.313,1.786,1.792,1.601,0.0,7140.73,2.01,236.1,238.8,233.8,0.313,50.02,6151.31,855.36,75.0,1.795,0.41,3.39,0.0,0.001,0.001,0.029,8.91375
2022-09-03T08:06:02.816580,2.433,0.334,-0.313,1.786,1.822,1.601,0.0,7140.73,2.01,236.3,238.6,234.3,0.315,50.0,6151.31,855.36,75.0,1.822,0.49,3.39,0.0,0.001,0.001,0.03,8.91375
2022-09-03T08:07:03.652799,2.512,0.246,-0.424,1.842,1.846,1.601,0.0,7140.73,2.01,232.3,235.5,230.3,0.427,50.02,6151.33,855.36,75.0,1.846,0.49,3.39,0.0,0.001,0.001,0.029,8.91375
2022-09-03T08:08:04.284214,2.512,0.246,-0.424,1.842,1.868,1.601,0.0,7140.73,2.01,233.5,235.1,230.6,0.331,50.0,6151.33,855.36,75.0,1.868,0.49,3.39,0.0,0.001,0.001,0.029,8.915
2022-09-03T08:09:06.527512,2.512,0.246,-0.424,1.842,1.891,1.601,0.0,7140.73,2.01,233.1,235.3,230.8,0.341,50.0,6151.33,855.36,75.0,1.891,0.57,3.39,0.0,0.001,0.001,0.029,8.915
2022-09-03T08:10:09.930305,2.582,0.345,-0.342,1.895,,,,,,,,,,,,,,,,,,0.001,0.001,0.029,8.91875
2022-09-03T08:11:08.677346,2.636,0.286,-0.415,1.935,1.938,1.601,0.0,7140.73,2.01,233.5,234.8,230.6,0.42,50.0,6151.35,855.36,75.0,1.938,0.66,3.39,0.0,0.001,0.001,0.029,8.91875
2022-09-03T08:12:04.071572,2.636,0.286,-0.415,1.935,1.955,1.601,0.0,7140.73,2.01,233.6,233.3,232.3,0.426,50.0,6151.35,855.36,75.0,1.96,0.66,3.39,0.0,0.001,0.001,0.029,8.91875
2022-09-03T08:13:05.182491,2.7,0.207,-0.51,1.983,1.989,1.601,0.0,7140.73,2.01,235.0,231.1,232.8,0.507,49.97,6151.37,855.36,76.0,1.991,0.66,3.39,0.0,0.001,0.001,0.03,8.92
2022-09-03T08:14:03.757053,2.7,0.207,-0.51,1.983,2.011,1.601,0.0,7140.73,2.01,234.8,230.8,233.1,0.533,49.99,6151.37,855.36,76.0,2.014,0.73,3.39,0.0,0.001,0.001,0.03,8.92
2022-09-03T08:15:04.482966,2.7,0.207,-0.51,1.983,2.032,1.601,0.0,7140.73,2.01,235.6,230.3,233.8,0.536,49.99,6151.39,855.36,76.0,2.039,0.73,3.39,0.0,0.002,0.001,0.03,8.92125
2022-09-03T08:16:04.524628,2.793,0.212,-0.535,2.046,2.071,1.601,0.0,7140.73,2.01,236.0,230.6,234.0,0.494,50.0,6151.39,855.36,76.0,2.067,0.73,3.39,0.0,0.002,0.001,0.03,8.92125
2022-09-03T08:17:04.573324,2.793,0.212,-0.535,2.046,2.1,1.601,0.0,7140.73,2.01,234.8,231.1,233.3,0.489,49.97,6151.39,855.36,76.0,2.1,0.81,3.39,0.0,0.001,0.001,0.03,8.92125
2022-09-03T08:18:03.436537,2.863,0.275,-0.483,2.105,2.122,1.601,0.0,7140.73,2.01,235.1,232.1,231.6,0.546,49.97,6151.41,855.36,76.0,2.122,0.81,3.39,0.0,0.001,0.001,0.03,8.9225
2022-09-03T08:19:04.260255,2.863,0.275,-0.483,2.105,2.145,1.601,0.0,7140.73,2.01,236.8,230.1,234.1,0.554,49.97,6151.41,855.36,76.0,2.145,0.81,3.39,0.0,0.001,0.001,0.03,8.9225
2022-09-03T08:20:02.823575,2.944,0.226,-0.556,2.162,2.206,1.601,0.0,7140.73,2.01,236.3,232.3,232.3,0.56,50.0,6151.43,855.36,76.0,2.206,0.9,3.39,0.0,0.002,0.001,0.029,8.92375
2022-09-03T08:21:05.406270,2.944,0.226,-0.556,2.162,2.211,1.601,0.0,7140.73,2.01,236.6,233.6,231.1,0.566,49.97,6151.43,855.36,76.0,2.211,0.9,3.39,0.0,0.001,0.001,0.029,8.92375
2022-09-03T08:22:03.757829,3.012,0.209,-0.573,2.23,2.234,1.601,0.0,7140.73,2.01,238.8,236.8,235.0,0.572,49.97,6151.45,855.36,76.0,2.233,0.9,3.39,0.0,0.001,0.001,0.03,8.92375
2022-09-03T08:23:03.605675,3.012,0.209,-0.573,2.23,2.26,1.601,0.0,7140.73,2.01,239.3,235.8,235.1,0.586,50.0,6151.45,855.36,77.0,2.259,1.0,3.39,0.0,0.001,0.001,0.03,8.925
2022-09-03T08:24:04.626866,3.012,0.209,-0.573,2.23,2.283,1.601,0.0,7140.73,2.01,239.8,237.8,235.3,0.589,50.0,6151.47,855.36,77.0,2.291,1.0,3.39,0.0,0.001,0.001,0.03,8.925
2022-09-03T08:25:03.900583,3.109,0.253,-0.568,2.288,2.308,1.601,0.0,7140.73,2.01,237.1,234.8,232.6,0.576,50.0,6151.47,855.36,77.0,2.308,1.0,3.39,0.0,0.001,0.001,0.029,8.92625
2022-09-03T08:26:04.790568,3.165,0.637,-0.202,2.326,2.332,1.601,0.0,7140.73,2.01,239.3,234.3,232.6,0.197,50.0,6151.47,855.36,77.0,2.332,1.1,3.39,0.0,0.001,0.001,0.029,8.92625
2022-09-03T08:27:04.185065,3.165,0.637,-0.202,2.326,2.363,1.601,0.0,7140.73,2.01,238.3,234.0,232.1,0.114,50.0,6151.49,855.36,77.0,2.363,1.1,3.39,0.0,0.001,0.001,0.029,8.92625
2022-09-03T08:28:03.839337,3.227,0.724,-0.128,2.375,2.383,1.601,0.0,7140.73,2.01,237.8,233.3,230.6,0.121,50.0,6151.49,855.36,77.0,2.383,1.1,3.39,0.0,0.002,0.001,0.029,8.9275
2022-09-03T08:29:04.856529,3.227,0.724,-0.128,2.375,2.413,1.601,0.0,7140.73,2.01,238.5,234.3,230.0,0.173,50.0,6151.49,855.36,77.0,2.413,1.22,3.39,0.0,0.002,0.001,0.029,8.9275
2022-09-03T08:30:04.774254,3.227,0.724,-0.128,2.375,2.438,1.601,0.0,7140.73,2.01,238.1,234.3,233.1,0.177,49.99,6151.49,855.36,77.0,2.436,1.22,3.39,0.0,0.002,0.001,0.03,8.92875
2022-09-03T08:31:04.695675,3.33,0.701,-0.185,2.444,2.463,1.601,0.0,7140.73,2.01,239.6,233.8,233.3,0.189,50.0,6151.5,855.36,77.0,2.463,1.22,3.39,0.0,0.001,0.001,0.03,8.92875
2022-09-03T08:32:03.890962,3.33,0.701,-0.185,2.444,2.485,1.601,0.0,7140.73,2.01,239.3,231.6,233.6,0.288,49.99,6151.5,855.36,78.0,2.478,1.32,3.39,0.0,0.001,0.001,0.03,8.92875
2022-09-03T08:33:05.179535,3.381,0.602,-0.292,2.487,2.505,1.601,0.0,7140.73,2.01,239.1,233.6,234.8,0.671,50.0,6151.5,855.36,78.0,2.504,1.32,3.39,0.0,0.002,0.001,0.03,8.93
2022-09-03T08:34:03.052284,3.381,0.602,-0.292,2.487,2.513,1.601,0.0,7140.73,2.01,237.0,232.3,233.8,0.684,49.97,6151.52,855.36,78.0,2.513,1.44,3.39,0.0,0.001,0.001,0.03,8.93
2022-09-03T08:35:08.416970,3.428,0.225,-0.683,2.52,,,,,,,,,,,,,,,,,,0.001,0.001,0.03,8.93125
2022-09-03T08:36:07.317549,,,,,2.56,1.601,0.0,7140.73,2.01,236.3,232.3,235.1,0.7,50.0,6151.54,855.36,78.0,2.561,1.44,3.39,0.0,0.001,0.001,0.03,8.93125
2022-09-03T08:37:04.493625,3.49,0.219,-0.702,2.569,2.585,1.601,0.0,7140.73,2.01,237.6,232.1,234.0,0.738,50.0,6151.54,855.36,78.0,2.585,1.54,3.39,0.0,0.001,0.001,0.03,8.93125
2022-09-03T08:38:03.833380,3.49,0.219,-0.702,2.569,2.618,1.601,0.0,7140.73,2.01,236.8,232.8,233.8,0.747,50.0,6151.56,855.36,78.0,2.618,1.54,3.39,0.0,0.001,0.001,0.03,8.9325
2022-09-03T08:39:03.538934,3.557,0.186,-0.751,2.62,2.643,1.601,0.0,7140.73,2.01,237.8,232.6,234.3,0.759,50.0,6151.58,855.36,78.0,2.643,1.54,3.39,0.0,0.002,0.001,0.03,8.9325
2022-09-03T08:40:03.872949,3.557,0.186,-0.751,2.62,2.67,1.601,0.0,7140.73,2.01,237.3,232.6,234.3,0.768,50.0,6151.58,855.36,78.0,2.671,1.64,3.39,0.0,0.001,0.001,0.03,8.93375
2022-09-03T08:41:06.617676,3.643,0.175,-0.777,2.691,2.687,1.601,0.0,7140.73,2.01,237.6,233.1,233.3,0.779,49.97,6151.6,855.36,79.0,2.699,1.64,3.39,0.0,0.001,0.001,0.03,8.93375
2022-09-03T08:42:04.529768,3.643,0.175,-0.777,2.691,2.714,1.601,0.0,7140.73,2.01,238.3,234.1,235.3,0.734,49.99,6151.62,855.36,79.0,2.714,1.64,3.39,0.0,0.001,0.001,0.03,8.93375
2022-09-03T08:43:03.270434,3.716,0.255,-0.744,2.717,2.73,1.601,0.0,7140.73,2.01,237.3,233.5,233.8,0.586,49.99,6151.62,855.36,79.0,2.73,1.75,3.39,0.0,0.002,0.001,0.029,8.935
2022-09-03T08:44:03.552321,3.716,0.255,-0.744,2.717,2.757,1.601,0.0,7140.73,2.01,237.6,234.1,233.8,0.631,49.97,6151.64,855.36,79.0,2.757,1.75,3.39,0.0,0.001,0.001,0.03,8.935
2022-09-03T08:45:08.476377,3.756,0.361,-0.634,2.761,,,,,,,,,,,,,,,,,,0.001,0.001,0.03,8.93625
2022-09-03T08:46:10.032159,,,,,2.81,1.601,0.0,7140.73,2.01,236.8,233.6,232.8,0.553,50.0,6151.66,855.36,79.0,2.804,1.89,3.39,0.0,0.001,0.001,0.03,8.93625
2022-09-03T08:47:02.762556,3.833,0.442,-0.571,2.82,2.814,1.601,0.0,7140.73,2.01,237.0,233.8,233.3,0.574,50.0,6151.66,855.36,79.0,2.815,1.89,3.39,0.0,0.002,0.002,0.029,8.93625
2022-09-03T08:48:04.030733,3.833,0.442,-0.571,2.82,2.843,1.601,0.0,7140.73,2.01,237.1,232.6,234.0,0.722,50.0,6151.68,855.36,79.0,2.843,1.89,3.39,0.0,0.001,0.001,0.03,8.9375
2022-09-03T08:49:03.260771,3.896,0.283,-0.748,2.865,2.872,1.601,0.0,7140.73,2.01,236.6,232.1,232.1,0.723,49.99,6151.68,855.36,80.0,2.872,2.01,3.39,0.0,0.001,0.001,0.029,8.93875
2022-09-03T08:50:08.314022,3.896,0.283,-0.748,2.865,,,,,,,,,,,,,,,,,,0.001,0.001,0.03,8.94
2022-09-03T08:51:08.229978,,,,,2.925,1.601,0.0,7140.73,2.01,241.1,235.8,235.5,0.755,50.0,6151.72,855.36,80.0,2.926,2.01,3.39,0.0,0.002,0.002,0.03,8.94125
2022-09-03T08:52:03.729972,3.958,2.202,0.0,1.756,2.909,1.601,1.13,7140.74,2.02,235.3,236.6,235.6,-0.137,50.0,6151.72,855.36,80.0,1.779,2.15,3.39,0.0,0.002,0.001,0.031,8.94125
2022-09-03T08:53:04.810958,3.958,2.202,0.0,1.756,2.967,1.601,0.0,7140.75,2.03,240.3,235.6,233.8,0.777,49.99,6151.72,855.36,80.0,2.973,2.21,3.39,0.0,0.002,0.001,0.03,8.9425
2022-09-03T08:54:05.370827,3.958,2.202,0.0,1.756,2.99,1.601,0.0,7140.75,2.03,238.8,236.3,235.1,0.866,49.99,6151.74,855.36,80.0,2.99,2.21,3.39,0.0,0.002,0.001,0.03,8.9425
2022-09-03T08:55:08.358999,4.082,0.296,-0.794,2.992,,,,,,,,,,,,,,,,,,0.001,0.001,0.03,8.94375
2022-09-03T08:56:08.071819,,,,,3.026,1.601,0.0,7140.75,2.03,240.3,236.1,235.6,0.774,50.0,6151.77,855.36,81.0,3.035,2.34,3.39,0.0,0.001,0.001,0.03,8.94375
2022-09-03T08:57:04.148236,4.115,0.341,-0.743,3.031,3.057,1.601,0.0,7140.75,2.03,242.0,237.3,234.8,0.899,50.0,6151.77,855.36,81.0,3.058,2.34,3.39,0.0,0.001,0.001,0.03,8.945
2022-09-03T08:58:03.905573,4.181,0.272,-0.834,3.075,3.086,1.601,0.0,7140.75,2.03,240.3,237.6,236.6,0.907,49.99,6151.79,855.36,81.0,3.086,2.34,3.39,0.0,0.001,0.001,0.03,8.945
2022-09-03T08:59:05.097273,4.181,0.272,-0.834,3.075,3.107,1.601,0.0,7140.75,2.03,242.3,235.6,236.8,0.916,50.0,6151.81,855.36,81.0,3.104,2.46,3.39,0.0,0.001,0.001,0.03,8.945
2022-09-03T09:00:09.503805,4.181,0.272,-0.834,3.075,,,,,,,,,,,,,,,,,,0.002,0.001,0.03,8.94625
2022-09-03T09:01:08.831397,,,,,3.146,1.601,0.0,7140.75,2.03,241.1,236.8,236.1,0.792,50.0,6151.83,855.36,81.0,3.158,2.46,3.39,0.0,0.001,0.001,0.03,8.94625
2022-09-03T09:02:04.669242,4.264,0.227,-0.896,3.141,3.178,1.601,0.0,7140.75,2.03,241.1,237.1,235.3,0.933,49.95,6151.85,855.36,82.0,3.181,2.6,3.39,0.0,0.001,0.001,0.03,8.9475
2022-09-03T09:03:03.334824,4.329,0.23,-0.911,3.188,3.194,1.601,0.0,7140.75,2.03,240.3,238.0,236.1,0.919,49.93,6151.87,855.36,82.0,3.194,2.6,3.39,0.0,0.001,0.001,0.03,8.9475
2022-09-03T09:04:03.220781,4.329,0.23,-0.911,3.188,3.227,1.601,0.0,7140.75,2.03,241.3,236.6,237.1,0.91,49.95,6151.89,855.36,82.0,3.227,2.6,3.39,0.0,0.002,0.001,0.03,8.9475
2022-09-03T09:05:03.137856,4.401,0.23,-0.922,3.249,3.249,1.601,0.0,7140.75,2.03,242.5,236.3,236.8,0.929,49.97,6151.89,855.36,82.0,3.25,2.76,3.39,0.0,0.001,0.001,0.03,8.94875
2022-09-03T09:06:04.763430,4.401,0.23,-0.922,3.249,3.281,1.601,0.0,7140.75,2.03,242.1,236.8,237.6,0.814,50.0,6151.91,855.36,82.0,3.276,2.76,3.39,0.0,0.002,0.001,0.03,8.94875
2022-09-03T09:07:03.935189,4.401,0.23,-0.922,3.249,3.307,1.601,0.0,7140.75,2.03,241.3,236.8,237.8,0.73,49.97,6151.93,855.36,82.0,3.303,2.76,3.39,0.0,0.002,0.001,0.031,8.95
2022-09-03T09:08:03.410528,4.49,0.456,-0.727,3.307,3.339,1.601,0.0,7140.75,2.03,242.6,234.3,237.5,0.866,50.0,6151.93,855.36,82.0,3.339,2.9,3.39,0.0,0.001,0.001,0.03,8.95
2022-09-03T09:09:03.249688,4.49,0.456,-0.727,3.307,3.364,1.601,0.0,7140.75,2.03,240.6,236.6,237.6,0.877,50.0,6151.95,855.36,83.0,3.364,2.9,3.39,0.0,0.001,0.001,0.03,8.95
2022-09-03T09:10:04.249902,4.569,0.325,-0.878,3.366,3.372,1.601,0.0,7140.75,2.03,241.6,236.3,237.1,0.746,50.0,6151.97,855.36,83.0,3.372,2.9,3.39,0.0,0.002,0.001,0.03,8.95125
2022-09-03T09:11:04.385187,4.633,0.232,-0.985,3.416,3.416,1.601,0.0,7140.75,2.03,240.6,239.3,235.3,0.853,49.99,6151.97,855.36,83.0,3.416,3.06,3.39,0.0,0.001,0.001,0.03,8.95125
2022-09-03T09:12:04.791082,4.633,0.232,-0.985,3.416,3.4,1.601,0.0,7140.75,2.03,241.6,238.8,234.8,0.958,50.0,6152.0,855.36,83.0,3.4,3.06,3.39,0.0,0.001,0.002,0.03,8.9525
2022-09-03T09:13:04.312250,4.633,0.232,-0.985,3.416,3.281,1.601,0.0,7140.75,2.03,240.1,238.6,235.8,0.13,50.02,6152.0,855.36,83.0,3.281,3.06,3.39,0.0,0.002,0.002,0.03,8.9525
2022-09-03T09:14:04.649105,4.6,0.361,-0.829,3.41,3.32,1.601,0.0,7140.75,2.03,241.0,236.8,235.6,0.215,50.0,6152.0,855.36,83.0,3.316,3.22,3.39,0.0,0.002,0.001,0.03,8.9525
2022-09-03T09:15:03.475949,4.6,0.361,-0.829,3.41,3.379,1.601,0.0,7140.75,2.03,240.6,239.1,234.8,0.233,49.97,6152.02,855.36,83.0,3.379,3.22,3.39,0.0,0.002,0.001,0.03,8.95375
2022-09-03T09:16:03.361486,4.563,0.955,-0.243,3.365,3.301,1.601,0.0,7140.75,2.03,240.8,238.3,235.1,0.176,49.99,6152.02,855.36,84.0,3.301,3.35,3.39,0.0,0.002,0.001,0.03,8.95375
2022-09-03T09:17:03.290158,4.563,0.955,-0.243,3.365,3.232,1.601,0.0,7140.75,2.03,241.6,238.3,233.0,0.052,50.02,6152.02,855.36,84.0,3.232,3.35,3.39,0.0,0.002,0.001,0.029,8.955
2022-09-03T09:18:02.566195,4.264,1.147,0.029,3.146,3.14,1.601,0.0,7140.75,2.03,242.1,237.1,233.1,0.158,50.0,6152.02,855.36,84.0,3.14,3.35,3.39,0.0,0.002,0.001,0.03,8.955
2022-09-03T09:19:04.689905,4.466,0.968,-0.197,3.301,3.283,1.601,0.0,7140.75,2.03,241.8,236.8,234.1,0.179,50.0,6152.02,855.36,84.0,3.283,3.48,3.39,0.0,0.002,0.001,0.03,8.955
2022-09-03T09:20:08.450168,3.911,1.109,0.078,2.88,,,,,,,,,,,,,,,,,,0.002,0.001,0.029,8.95625
2022-09-03T09:21:08.079954,,,,,3.326,1.601,0.0,7140.75,2.03,242.3,236.3,233.5,0.08,50.0,6152.02,855.36,84.0,3.328,3.48,3.39,0.0,0.001,0.002,0.029,8.95625
2022-09-03T09:22:03.434413,3.911,1.109,0.078,2.88,3.192,1.601,0.0,7140.75,2.03,243.3,237.6,234.6,0.029,50.0,6152.02,855.36,84.0,3.114,3.62,3.39,0.0,0.002,0.001,0.03,8.9575
2022-09-03T09:23:03.656466,4.326,1.08,-0.052,3.194,3.589,1.601,0.0,7140.75,2.03,240.8,236.6,230.0,0.213,50.0,6152.02,855.36,84.0,3.607,3.62,3.39,0.0,0.002,0.001,0.029,8.9575
2022-09-03T09:24:04.797141,4.326,1.08,-0.052,3.194,3.726,1.601,0.0,7140.75,2.03,239.8,236.5,232.0,0.3,50.0,6152.04,855.36,85.0,3.731,3.62,3.39,0.0,0.002,0.001,0.029,8.9575
2022-09-03T09:25:08.880370,5.026,1.119,-0.192,3.715,,,,,,,,,,,,,,,,,,0.002,0.001,0.029,8.96
2022-09-03T09:26:07.683394,,,,,3.711,1.601,0.0,7140.75,2.03,245.1,237.5,234.8,0.94,50.0,6152.04,855.36,85.0,3.712,3.78,3.39,0.0,0.002,0.002,0.029,8.96
2022-09-03T09:27:05.761629,5.084,1.067,-0.26,3.757,3.617,1.601,0.0,7140.75,2.03,245.8,238.0,236.5,0.948,50.0,6152.06,855.36,85.0,3.656,3.78,3.39,0.0,0.002,0.001,0.03,8.96125
2022-09-03T09:28:04.432830,5.084,1.067,-0.26,3.757,3.743,1.601,0.0,7140.75,2.03,242.6,234.8,233.3,0.852,50.02,6152.08,855.36,85.0,3.727,3.96,3.39,0.0,0.002,0.001,0.03,8.96125
2022-09-03T09:29:03.461498,5.084,1.067,-0.26,3.757,3.713,1.601,0.0,7140.75,2.03,240.8,234.8,233.0,0.759,50.0,6152.08,855.36,85.0,3.713,3.96,3.39,0.0,0.002,0.002,0.029,8.96125
2022-09-03T09:30:03.242064,5.073,0.49,-0.837,3.746,3.783,1.601,0.0,7140.75,2.03,241.8,236.8,231.8,1.103,50.0,6152.1,855.36,86.0,3.783,3.96,3.39,0.0,0.001,0.002,0.029,8.9625
2022-09-03T09:31:04.351149,5.073,0.49,-0.837,3.746,3.716,1.601,0.0,7140.75,2.03,240.3,237.1,231.3,0.368,49.99,6152.12,855.36,86.0,3.716,4.14,3.39,0.0,0.002,0.001,0.029,8.96375
2022-09-03T09:32:03.671891,5.08,0.336,-0.986,3.758,3.829,1.601,0.0,7140.75,2.03,241.1,234.3,232.8,0.411,49.99,6152.12,855.36,86.0,3.831,4.14,3.39,0.0,0.002,0.001,0.03,8.965
2022-09-03T09:33:04.137743,5.08,0.336,-0.986,3.758,3.824,1.601,0.0,7140.75,2.03,240.3,234.8,232.8,0.408,50.0,6152.12,855.36,86.0,3.818,4.14,3.39,0.0,0.002,0.001,0.029,8.965
2022-09-03T09:34:03.758724,5.207,0.936,-0.418,3.853,3.817,1.601,0.0,7140.75,2.03,240.1,234.1,232.6,0.404,49.97,6152.14,855.36,87.0,3.821,4.32,3.39,0.0,0.002,0.001,0.029,8.965
2022-09-03T09:35:03.884489,5.207,0.936,-0.418,3.853,3.969,1.601,0.0,7140.75,2.03,240.3,236.3,228.8,0.466,49.99,6152.14,855.36,87.0,3.974,4.32,3.39,0.0,0.001,0.001,0.028,8.96625
2022-09-03T09:36:05.206971,5.37,0.926,-0.47,3.974,3.902,1.601,0.0,7140.75,2.03,243.3,237.6,233.8,0.418,50.0,6152.14,855.36,87.0,3.903,4.32,3.39,0.0,0.002,0.001,0.029,8.96625
2022-09-03T09:37:04.165161,5.37,0.926,-0.47,3.974,3.852,1.601,0.0,7140.75,2.03,245.3,238.1,233.3,1.125,50.0,6152.16,855.36,87.0,3.853,4.44,3.39,0.0,0.001,0.001,0.03,8.9675
2022-09-03T09:38:04.395130,5.37,0.926,-0.47,3.974,3.753,1.601,0.0,7140.75,2.03,242.6,236.6,234.3,0.38,49.97,6152.16,855.36,87.0,3.752,4.44,3.39,0.0,0.002,0.001,0.03,8.9675
2022-09-03T09:39:03.890333,5.292,0.949,-0.431,3.912,3.701,1.601,0.0,7140.75,2.03,242.3,236.8,234.1,0.364,50.02,6152.16,855.36,88.0,3.701,4.62,3.39,0.0,0.002,0.001,0.029,8.9675
2022-09-03T09:40:03.434171,5.292,0.949,-0.431,3.912,3.61,1.601,0.0,7140.75,2.03,243.6,236.1,233.8,0.313,50.0,6152.18,855.36,88.0,3.61,4.62,3.39,0.0,0.002,0.001,0.029,8.96875
2022-09-03T09:41:03.677650,5.067,0.958,-0.355,3.754,3.522,1.601,0.0,7140.75,2.03,242.1,235.1,236.3,0.293,50.02,6152.18,855.36,88.0,3.522,4.62,3.39,0.0,0.002,0.001,0.03,8.96875
2022-09-03T09:42:07.391819,5.067,0.958,-0.355,3.754,,,,,,,,,,,,,,,,,,0.002,0.001,0.029,8.97
2022-09-03T09:43:06.166852,4.767,0.924,-0.306,3.537,3.273,1.601,0.0,7140.75,2.03,242.1,237.5,229.1,0.205,50.02,6152.2,855.36,88.0,3.237,4.79,3.39,0.0,0.002,0.002,0.029,8.97
2022-09-03T09:44:03.293234,4.767,0.924,-0.306,3.537,3.274,1.601,0.0,7140.75,2.03,240.3,234.6,233.8,0.128,50.0,6152.2,855.36,88.0,3.282,4.79,3.39,0.0,0.002,0.001,0.03,8.97
2022-09-03T09:45:02.831377,4.454,1.045,-0.113,3.296,3.061,1.601,0.0,7140.75,2.03,239.1,236.3,232.3,0.05,50.0,6152.2,855.36,88.0,3.039,4.95,3.39,0.0,0.002,0.001,0.029,8.97125
2022-09-03T09:46:03.936420,4.454,1.045,-0.113,3.296,3.313,1.601,0.0,7140.75,2.03,241.3,236.3,235.8,0.156,49.97,6152.2,855.36,89.0,3.339,4.95,3.39,0.0,0.002,0.001,0.03,8.97125
2022-09-03T09:47:03.409591,4.454,1.045,-0.113,3.296,3.466,1.601,0.0,7140.75,2.03,241.6,238.1,234.6,0.193,50.0,6152.2,855.36,89.0,3.471,4.95,3.39,0.0,0.002,0.001,0.03,8.9725
2022-09-03T09:48:03.429435,4.728,1.034,-0.2,3.494,3.386,1.601,0.0,7140.75,2.03,243.8,237.3,234.3,0.886,50.0,6152.2,855.36,89.0,3.386,5.1,3.39,0.0,0.002,0.002,0.03,8.9725
2022-09-03T09:49:03.380386,4.728,1.034,-0.2,3.494,3.047,1.601,0.0,7140.75,2.03,243.1,238.0,235.1,0.801,50.02,6152.22,855.36,89.0,3.047,5.1,3.39,0.0,0.001,0.001,0.03,8.9725
2022-09-03T09:50:08.372348,4.672,0.322,-0.906,3.444,,,,,,,,,,,,,,,,,,0.001,0.001,0.03,8.97375
2022-09-03T09:51:06.038351,4.672,0.322,-0.906,3.444,3.388,1.601,0.0,7140.75,2.03,242.8,236.8,235.6,1.05,50.0,6152.25,855.36,89.0,3.432,5.26,3.39,0.0,0.002,0.001,0.03,8.97375
2022-09-03T09:52:04.819175,5.045,0.19,-1.128,3.727,3.594,1.601,0.0,7140.75,2.03,240.5,236.1,234.6,1.055,50.0,6152.27,855.36,89.0,3.535,5.26,3.39,0.0,0.001,0.001,0.03,8.975
2022-09-03T09:53:03.752587,5.045,0.19,-1.128,3.727,3.469,1.601,0.0,7140.75,2.03,237.3,238.3,232.8,1.035,50.02,6152.29,855.36,90.0,3.469,5.26,3.39,0.0,0.001,0.001,0.03,8.975
2022-09-03T09:54:05.472875,4.852,0.193,-1.084,3.575,2.992,1.601,0.0,7140.75,2.03,237.1,237.3,231.6,0.864,50.02,6152.31,855.36,90.0,2.992,5.37,3.39,0.0,0.001,0.001,0.029,8.975
2022-09-03T09:55:03.756393,4.852,0.193,-1.084,3.575,3.45,1.601,0.0,7140.75,2.03,237.0,239.0,232.8,1.01,50.0,6152.33,855.36,90.0,3.432,5.37,3.39,0.0,0.001,0.001,0.029,8.97625
2022-09-03T09:56:04.716617,4.852,0.193,-1.084,3.575,3.258,1.601,0.0,7140.75,2.03,237.8,237.6,234.0,0.986,50.02,6152.33,855.36,90.0,3.258,5.37,3.39,0.0,0.001,0.001,0.03,8.97625
2022-09-03T09:57:04.002800,4.642,0.188,-1.02,3.434,3.71,1.601,0.0,7140.75,2.03,238.3,238.3,233.6,1.142,50.02,6152.35,855.36,90.0,3.758,5.52,3.39,0.0,0.002,0.001,0.03,8.9775
2022-09-03T09:58:03.455759,4.642,0.188,-1.02,3.434,4.048,1.601,0.0,7140.75,2.03,239.1,236.6,237.1,0.492,50.02,6152.37,855.36,90.0,4.044,5.52,3.39,0.0,0.002,0.001,0.03,8.9775
2022-09-03T09:59:03.434124,5.462,0.934,-0.484,4.044,4.136,1.601,0.0,7140.75,2.03,238.1,236.8,236.8,0.524,50.0,6152.37,855.36,91.0,4.136,5.52,3.39,0.0,0.001,0.001,0.03,8.9775
2022-09-03T10:00:03.770179,5.462,0.934,-0.484,4.044,3.967,1.601,0.0,7140.75,2.03,238.1,236.5,235.8,0.472,49.97,6152.39,855.36,91.0,3.967,5.7,3.39,0.0,0.002,0.001,0.03,8.97875
2022-09-03T10:01:03.691505,5.559,0.916,-0.522,4.121,4.003,1.601,0.0,7140.75,2.03,237.3,237.3,235.1,0.518,49.97,6152.39,855.36,91.0,4.003,5.7,3.39,0.0,0.002,0.001,0.03,8.98
2022-09-03T10:02:03.787915,5.559,0.916,-0.522,4.121,3.929,1.601,0.0,7140.75,2.03,239.5,238.8,237.0,0.5,49.95,6152.39,855.36,91.0,3.929,5.88,3.39,0.0,0.002,0.001,0.03,8.98125
2022-09-03T10:03:04.284175,5.416,0.885,-0.523,4.008,3.974,1.601,0.0,7140.75,2.03,237.6,237.8,238.0,0.418,49.97,6152.41,855.36,91.0,3.974,5.88,3.39,0.0,0.002,0.001,0.03,8.98125
2022-09-03T10:04:03.148627,5.416,0.885,-0.523,4.008,4.232,1.601,0.0,7140.75,2.03,239.1,237.8,236.8,0.491,49.99,6152.41,855.36,92.0,4.236,5.88,3.39,0.0,0.002,0.001,0.03,8.98125
2022-09-03T10:05:03.324298,5.416,0.885,-0.523,4.008,4.244,1.601,0.0,7140.75,2.03,243.6,237.5,235.3,1.194,49.95,6152.43,855.36,92.0,4.241,6.07,3.39,0.0,0.001,0.001,0.03,8.9825
2022-09-03T10:06:03.143870,5.696,0.983,-0.483,4.23,4.275,1.601,0.0,7140.75,2.03,240.8,237.6,234.8,1.277,49.97,6152.45,855.36,92.0,4.282,6.07,3.39,0.0,0.001,0.002,0.03,8.9825
2022-09-03T10:07:04.180489,5.696,0.983,-0.483,4.23,4.281,1.601,0.0,7140.75,2.03,242.1,236.8,235.8,1.283,49.97,6152.47,855.36,92.0,4.29,6.07,3.39,0.0,0.001,0.001,0.03,8.98375
2022-09-03T10:08:03.409286,5.793,0.22,-1.275,4.298,4.299,1.601,0.0,7140.75,2.03,242.6,236.6,235.6,1.283,49.97,6152.5,855.36,92.0,4.299,6.28,3.39,0.0,0.001,0.001,0.03,8.98375
2022-09-03T10:09:03.649666,5.793,0.22,-1.275,4.298,4.293,1.601,0.0,7140.75,2.03,242.3,237.1,234.5,1.36,49.97,6152.52,855.36,93.0,4.293,6.28,3.39,0.0,0.001,0.001,0.03,8.985
2022-09-03T10:10:03.698365,5.822,0.234,-1.281,4.307,4.294,1.601,0.0,7140.75,2.03,239.8,237.1,235.8,1.371,49.97,6152.54,855.36,93.0,4.294,6.28,3.39,0.0,0.001,0.001,0.03,8.985
2022-09-03T10:11:04.674033,5.822,0.234,-1.281,4.307,4.303,1.601,0.536,7140.75,2.03,242.5,239.3,233.3,1.942,49.97,6152.56,855.36,93.0,3.767,6.48,3.39,0.0,0.001,0.001,0.03,8.98625
2022-09-03T10:12:03.699857,5.791,0.131,-1.366,4.294,4.314,1.601,0.235,7140.76,2.04,240.8,239.6,233.1,1.649,49.97,6152.6,855.36,93.0,4.079,6.48,3.39,0.0,0.001,0.001,0.029,8.9875
2022-09-03T10:13:03.320032,5.791,0.131,-1.366,4.294,4.354,1.601,0.0,7140.76,2.04,238.8,238.8,234.8,1.388,49.97,6152.62,855.36,93.0,4.356,6.48,3.39,0.0,0.001,0.002,0.03,8.9875
2022-09-03T10:14:03.626980,5.791,0.131,-1.366,4.294,4.35,1.601,0.0,7140.76,2.04,241.1,239.6,234.8,1.384,49.99,6152.64,855.36,93.0,4.349,6.64,3.39,0.0,0.001,0.002,0.03,8.98875
2022-09-03T10:15:08.887344,5.842,0.119,-1.382,4.341,,,,,,,,,,,,,,,,,,0.001,0.001,0.03,8.98875
2022-09-03T10:16:09.169315,,,,,4.336,1.601,0.0,7140.76,2.04,241.6,239.1,235.3,1.385,49.97,6152.7,855.36,94.0,4.36,6.64,3.39,0.0,0.001,0.002,0.03,8.98875
2022-09-03T10:17:04.629390,5.868,0.125,-1.386,4.357,4.372,1.601,0.0,7140.76,2.04,241.6,238.8,237.5,1.39,50.0,6152.72,855.36,95.0,4.374,6.78,3.39,0.0,0.001,0.002,0.03,8.99
2022-09-03T10:18:06.125660,5.908,0.126,-1.395,4.387,4.389,1.601,0.0,7140.76,2.04,242.3,235.1,236.1,1.393,50.0,6152.74,855.36,95.0,4.387,6.78,3.39,0.0,0.001,0.001,0.03,8.99
2022-09-03T10:19:04.005970,5.92,0.129,-1.392,4.399,4.416,1.601,0.0,7140.76,2.04,241.8,238.0,237.6,1.397,50.0,6152.75,855.36,95.0,4.416,6.78,3.39,0.0,0.001,0.001,0.031,8.99125
2022-09-03T10:20:03.341687,5.932,0.129,-1.399,4.404,4.301,4.308,4.301,7140.78,2.06,243.6,240.1,237.5,5.691,50.0,6152.81,855.36,95.0,0.0,6.99,3.39,0.0,0.001,0.001,0.03,8.99125
2022-09-03T10:21:03.366672,5.812,0.151,-5.661,0.0,4.312,4.332,4.312,7140.85,2.13,245.0,239.6,237.6,5.69,50.02,6152.91,855.36,95.0,0.0,6.99,3.39,0.0,0.001,0.001,0.03,8.99125
2022-09-03T10:22:03.675857,5.79,0.143,-5.647,0.0,4.29,4.332,4.29,7140.93,2.21,244.1,238.6,237.0,5.542,50.02,6153.0,855.36,95.0,0.0,7.13,3.39,0.0,0.001,0.001,0.03,8.9925
2022-09-03T10:23:05.332677,5.759,0.27,-5.489,0.0,4.273,4.332,4.273,7141.0,2.28,243.8,237.3,238.6,5.562,50.0,6153.08,855.36,95.0,0.0,7.13,3.39,0.0,0.001,0.002,0.031,8.9925
2022-09-03T10:24:03.431537,5.859,0.23,-5.629,0.0,4.326,4.338,4.326,7141.07,2.35,243.3,236.6,238.8,5.627,50.0,6153.18,855.36,95.0,0.0,7.13,3.39,0.0,0.001,0.001,0.03,8.99375
2022-09-03T10:25:03.489053,5.891,0.243,-5.648,0.0,4.347,4.35,4.347,7141.14,2.42,243.8,237.5,238.6,5.641,49.99,6153.27,855.36,95.0,0.0,7.13,3.39,0.0,0.002,0.002,0.03,8.99375
2022-09-03T10:26:03.221206,5.866,0.242,-5.624,0.0,4.38,4.38,4.38,7141.21,2.49,244.8,238.8,239.5,5.688,50.0,6153.37,855.36,95.0,0.0,7.13,3.39,0.0,0.001,0.001,0.031,8.99375
2022-09-03T10:27:03.525155,5.951,0.24,-5.711,0.0,4.38,4.402,4.38,7141.29,2.57,244.8,238.8,238.3,5.795,50.02,6153.47,855.36,95.0,0.0,7.13,3.39,0.0,0.001,0.001,0.031,8.995
2022-09-03T10:28:03.737029,5.986,0.156,-5.83,0.0,4.421,4.43,4.421,7141.36,2.64,245.6,238.8,239.8,5.833,50.02,6153.56,855.36,95.0,0.0,7.13,3.39,0.0,0.001,0.002,0.031,8.995
2022-09-03T10:29:04.105686,5.986,0.14,-5.846,0.0,4.427,4.435,4.427,7141.44,2.72,245.3,238.5,239.6,5.843,50.02,6153.66,855.36,95.0,0.0,7.13,3.39,0.0,0.002,0.001,0.03,8.99625
2022-09-03T10:30:03.310303,6.012,0.149,-5.863,0.0,4.44,4.452,4.44,7141.51,2.79,245.3,238.6,238.6,5.857,50.02,6153.75,855.36,95.0,0.0,7.13,3.39,0.0,0.002,0.001,0.03,8.99625
2022-09-03T10:31:04.658366,6.014,0.152,-5.862,0.0,4.451,4.453,4.451,7141.58,2.86,246.6,238.3,239.3,5.858,49.99,6153.85,855.36,95.0,0.0,7.13,3.39,0.0,0.002,0.002,0.031,8.9975
2022-09-03T10:32:04.310638,6.004,0.133,-5.871,0.0,4.46,4.465,4.46,7141.66,2.94,247.3,240.3,238.3,5.877,50.0,6153.95,855.36,95.0,0.0,7.13,3.39,0.0,0.001,0.001,0.03,8.9975
2022-09-03T10:33:03.370017,6.053,0.167,-5.886,0.0,4.479,4.486,4.479,7141.73,3.01,246.6,240.3,238.8,5.908,50.0,6154.04,855.36,95.0,0.0,7.13,3.39,0.0,0.001,0.001,0.03,8.9975
2022-09-03T10:34:04.567130,4.202,0.914,-3.288,0.0,3.667,4.594,3.667,7141.8,3.08,244.8,237.3,238.1,5.639,49.99,6154.14,855.36,95.0,0.0,7.13,3.39,0.0,0.001,0.001,0.03,8.99875
2022-09-03T10:35:08.238300,6.151,0.128,-6.023,0.0,,,,,,,,,,,,,,,,,,0.002,0.001,0.03,8.99875
2022-09-03T10:36:08.343000,,,,,4.526,4.594,4.526,7141.95,3.23,246.5,239.5,237.1,5.955,49.97,6154.35,855.36,95.0,0.0,7.13,3.39,0.0,0.001,0.001,0.03,9.0
2022-09-03T10:37:02.929837,6.117,0.148,-5.969,0.0,4.521,4.594,4.521,7142.02,3.3,246.3,239.3,236.8,5.958,50.0,6154.43,855.36,95.0,0.0,7.13,3.39,0.0,0.001,0.002,0.03,9.0
2022-09-03T10:38:03.111737,6.101,0.147,-5.954,0.0,4.525,4.594,4.525,7142.1,3.38,247.3,238.8,236.8,5.961,50.0,6154.54,855.36,95.0,0.0,7.13,3.39,0.0,0.001,0.002,0.03,9.0
2022-09-03T10:39:04.552841,6.094,0.149,-5.945,0.0,4.522,4.594,4.522,7142.17,3.45,246.6,239.6,236.6,5.956,49.99,6154.64,855.36,95.0,0.0,7.13,3.39,0.0,0.001,0.002,0.03,9.00125
2022-09-03T10:40:08.688419,6.114,0.144,-5.97,0.0,,,,,,,,,,,,,,,,,,0.002,0.002,0.031,9.0025
2022-09-03T10:41:07.790453,,,,,4.534,4.594,4.534,7142.33,3.61,246.8,237.8,239.1,5.887,50.0,6154.83,855.36,95.0,0.0,7.13,3.39,0.0,0.001,0.001,0.03,9.00375
2022-09-03T10:42:03.664402,6.156,0.264,-5.892,0.0,4.561,4.594,4.561,7142.4,3.68,247.1,238.0,239.1,5.911,50.02,6154.93,855.36,95.0,0.0,7.13,3.39,0.0,0.001,0.002,0.03,9.00375
2022-09-03T10:43:05.740194,6.153,0.243,-5.91,0.0,4.564,4.594,4.564,7142.48,3.76,246.8,239.1,238.8,5.918,50.02,6155.02,855.36,95.0,0.0,7.13,3.39,0.0,0.002,0.002,0.031,9.00375
2022-09-03T10:44:04.659613,6.179,0.25,-5.929,0.0,4.58,4.594,4.58,7142.55,3.83,247.5,238.8,239.1,5.948,50.0,6155.12,855.36,95.0,0.0,7.13,3.39,0.0,0.001,0.001,0.031,9.005
2022-09-03T10:45:07.695969,6.204,0.249,-5.955,0.0,,,,,,,,,,,,,,,,,,0.002,0.001,0.03,9.005
2022-09-03T10:46:06.741261,6.216,0.165,-6.051,0.0,4.602,4.603,4.602,7142.71,3.98,248.1,239.1,238.1,6.053,49.99,6155.33,855.36,95.0,0.0,7.13,3.39,0.0,0.002,0.001,0.031,9.00625
2022-09-03T10:47:04.603193,6.21,0.151,-6.059,0.0,4.613,4.613,4.613,7142.79,4.06,248.5,236.8,238.1,6.073,50.0,6155.43,855.36,95.0,0.0,7.13,3.39,0.0,0.002,0.001,0.03,9.00625
2022-09-03T10:48:05.098280,6.243,0.151,-6.092,0.0,4.632,4.633,4.632,7142.86,4.14,247.3,237.3,238.3,6.106,49.97,6155.52,855.36,95.0,0.0,7.13,3.39,0.0,0.002,0.001,0.03,9.0075
2022-09-03T10:49:03.444181,6.277,0.159,-6.118,0.0,4.651,4.652,4.651,7142.94,4.22,247.6,237.6,238.1,6.13,50.0,6155.62,855.36,95.0,0.0,7.13,3.39,0.0,0.001,0.001,0.03,9.00875
2022-09-03T10:50:08.462688,6.275,0.152,-6.123,0.0,,,,,,,,,,,,,,,,,,0.002,0.002,0.03,9.00875
2022-09-03T10:51:06.031673,6.305,0.152,-6.153,0.0,4.675,4.675,4.675,7143.09,4.37,249.3,238.3,237.1,6.149,50.0,6155.83,855.36,95.0,0.0,7.13,3.39,0.0,0.001,0.002,0.03,9.01
2022-09-03T10:52:03.712551,6.313,0.147,-6.166,0.0,4.688,4.689,4.688,7143.17,4.45,248.8,238.6,238.6,6.173,50.0,6155.93,855.36,95.0,0.0,7.13,3.39,0.0,0.001,0.001,0.03,9.01
2022-09-03T10:53:03.965203,6.322,0.151,-6.171,0.0,4.698,4.699,4.698,7143.25,4.53,249.1,236.6,237.8,6.19,50.0,6156.04,855.36,95.0,0.0,7.13,3.39,0.0,0.002,0.001,0.031,9.01125
2022-09-03T10:54:02.634001,6.343,0.147,-6.196,0.0,4.712,4.713,4.712,7143.33,4.6,248.3,237.6,237.8,6.202,50.0,6156.14,855.36,95.0,0.0,7.13,3.39,0.0,0.001,0.001,0.03,9.01125
2022-09-03T10:55:07.892911,6.354,0.152,-6.202,0.0,,,,,,,,,,,,,,,,,,0.002,0.002,0.03,9.01125
2022-09-03T10:56:08.697577,,,,,4.735,4.738,4.735,7143.49,4.76,248.6,239.8,236.3,6.225,50.0,6156.35,855.36,95.0,0.0,7.13,3.39,0.0,0.001,0.001,0.03,9.0125
2022-09-03T10:57:04.256606,6.391,0.152,-6.239,0.0,4.745,4.746,4.745,7143.56,4.84,249.5,240.5,236.1,6.244,50.0,6156.45,855.36,95.0,0.0,7.13,3.39,0.0,0.001,0.002,0.03,9.0125
2022-09-03T10:58:03.380829,6.412,0.163,-6.249,0.0,4.752,4.754,4.752,7143.64,4.92,249.6,240.5,235.8,6.262,50.0,6156.56,855.36,95.0,0.0,7.13,3.39,0.0,0.002,0.002,0.03,9.01375
2022-09-03T10:59:04.170426,6.422,0.162,-6.26,0.0,4.548,4.764,4.548,7143.72,5.0,248.5,239.8,235.6,6.056,50.0,6156.66,855.36,95.0,0.0,7.13,3.39,0.0,0.001,0.001,0.03,9.01375
2022-09-03T11:00:08.332996,6.465,0.259,-6.206,0.0,,,,,,,,,,,,,,,,,,0.001,0.001,0.03,9.01375
2022-09-03T11:01:07.792077,,,,,4.831,4.832,4.831,7143.88,5.16,247.6,237.8,239.8,6.262,50.0,6156.87,855.36,95.0,0.0,7.13,3.39,0.0,0.001,0.002,0.031,9.015
2022-09-03T11:02:04.922250,6.549,0.248,-6.301,0.0,4.866,4.872,4.866,7143.96,5.24,247.6,236.8,238.6,6.31,49.97,6156.97,855.36,95.0,0.0,7.13,3.39,0.0,0.002,0.001,0.03,9.015
2022-09-03T11:03:04.211794,6.572,0.241,-6.331,0.0,4.896,4.896,4.896,7144.04,5.32,247.1,237.3,239.3,6.358,49.97,6157.08,855.36,95.0,0.0,7.13,3.39,0.0,0.001,0.001,0.031,9.01625
2022-09-03T11:04:03.010234,6.595,0.24,-6.355,0.0,4.924,4.924,4.924,7144.12,5.4,246.3,237.1,238.3,6.394,49.97,6157.18,855.36,95.0,0.0,7.13,3.39,0.0,0.002,0.001,0.031,9.01625
2022-09-03T11:05:07.541970,6.642,0.156,-6.486,0.0,,,,,,,,,,,,,,,,,,0.001,0.001,0.031,9.0175
2022-09-03T11:06:07.003218,,,,,4.949,4.951,4.949,7144.29,5.57,247.6,238.1,238.8,6.521,49.97,6157.41,855.36,95.0,0.0,7.13,3.39,0.0,0.001,0.001,0.031,9.0175
2022-09-03T11:07:03.364740,6.662,0.148,-6.514,0.0,4.967,4.97,4.967,7144.37,5.65,249.6,238.8,236.3,6.537,49.99,6157.5,855.36,95.0,0.0,7.13,3.39,0.0,0.001,0.001,0.03,9.0175
2022-09-03T11:08:04.806064,6.692,0.156,-6.536,0.0,4.977,4.983,4.977,7144.45,5.73,248.8,240.3,237.8,6.546,50.0,6157.62,855.36,95.0,0.0,7.13,3.39,0.0,0.001,0.001,0.03,9.01875
2022-09-03T11:09:04.665537,6.709,0.158,-6.551,0.0,4.959,4.984,4.959,7144.53,5.81,248.8,239.8,237.3,6.473,50.0,6157.72,855.36,95.0,0.0,7.13,3.39,0.0,0.001,0.001,0.03,9.01875
2022-09-03T11:10:08.004011,6.689,0.161,-6.528,0.0,,,,,,,,,,,,,,,,,,0.002,0.001,0.031,9.02
2022-09-03T11:11:05.563860,6.557,0.114,-6.443,0.0,4.794,4.984,4.794,7144.7,5.98,247.5,240.8,235.8,6.304,50.0,6157.95,855.36,95.0,0.0,7.13,3.39,0.0,0.002,0.002,0.03,9.02
2022-09-03T11:12:05.387520,6.38,0.174,-6.206,0.0,4.659,4.984,4.659,7144.78,6.06,246.8,240.6,236.8,6.15,50.0,6158.04,855.36,95.0,0.0,7.13,3.39,0.0,0.002,0.001,0.03,9.02
2022-09-03T11:13:03.121768,6.296,0.114,-6.182,0.0,4.915,4.984,4.915,7144.86,6.14,247.3,240.3,235.6,6.507,50.0,6158.16,855.36,95.0,0.0,7.13,3.39,0.0,0.001,0.001,0.03,9.02125
2022-09-03T11:14:03.778086,6.632,0.125,-6.507,0.0,4.89,4.984,4.89,7144.94,6.22,247.8,242.1,238.3,6.501,49.97,6158.25,855.36,95.0,0.0,7.13,3.39,0.0,0.002,0.002,0.031,9.02125
2022-09-03T11:15:08.241495,6.681,0.155,-6.526,0.0,,,,,,,,,,,,,,,,,,0.001,0.002,0.03,9.0225
2022-09-03T11:16:07.996223,,,,,4.966,4.984,4.966,7145.1,6.38,249.3,242.8,236.1,6.622,50.0,6158.49,855.36,95.0,0.0,7.13,3.39,0.0,0.001,0.001,0.03,9.0225
2022-09-03T11:17:02.916012,6.808,0.15,-6.658,0.0,5.08,5.109,5.08,7145.19,6.47,249.5,242.6,235.0,6.734,50.02,6158.58,855.36,95.0,0.0,7.13,3.39,0.0,0.001,0.001,0.03,9.0225
2022-09-03T11:18:05.175048,6.877,0.125,-6.752,0.0,5.171,5.172,5.171,7145.28,6.55,247.6,242.8,237.1,6.853,50.0,6158.7,855.36,95.0,0.0,7.13,3.39,0.0,0.001,0.001,0.03,9.02375
2022-09-03T11:19:03.736034,6.977,0.125,-6.852,0.0,5.09,5.242,5.09,7145.36,6.64,245.5,240.6,237.3,6.523,49.97,6158.81,855.36,95.0,0.0,7.13,3.39,0.0,0.001,0.001,0.03,9.025
2022-09-03T11:20:04.370602,6.865,0.17,-6.695,0.0,4.88,5.242,4.88,7145.44,6.72,246.3,240.8,237.8,6.158,49.99,6158.93,855.36,95.0,0.0,7.13,3.39,0.0,0.001,0.001,0.03,9.02625
2022-09-03T11:21:04.012605,6.346,0.248,-6.098,0.0,4.67,5.242,4.67,7145.52,6.8,246.5,239.6,236.8,6.098,49.99,6159.02,855.36,95.0,0.0,7.13,3.39,0.0,0.001,0.001,0.03,9.02625
2022-09-03T11:22:03.412609,6.303,0.221,-6.082,0.0,4.617,5.242,4.617,7145.6,6.88,246.1,240.1,236.8,6.204,49.99,6159.12,855.36,95.0,0.0,7.13,3.39,0.0,0.001,0.001,0.031,9.02625
2022-09-03T11:23:04.556672,6.244,0.164,-6.08,0.0,4.602,5.242,4.602,7145.68,6.96,246.6,241.0,237.8,5.932,49.97,6159.22,855.36,95.0,0.0,7.13,3.39,0.0,0.001,0.002,0.03,9.0275
2022-09-03T11:24:03.853709,6.304,0.163,-6.141,0.0,4.985,5.242,4.985,7145.76,7.03,247.6,240.5,237.1,6.416,49.97,6159.33,855.36,95.0,0.0,7.13,3.39,0.0,0.001,0.001,0.03,9.0275
2022-09-03T11:25:07.813224,6.415,0.141,-6.274,0.0,,,,,,,,,,,,,,,,,,0.002,0.002,0.03,9.02875
2022-09-03T11:26:07.727304,,,,,5.146,5.242,5.146,7145.92,7.2,250.3,239.8,237.6,6.81,49.97,6159.54,855.36,95.0,0.0,7.13,3.39,0.0,0.001,0.001,0.03,9.02875
2022-09-03T11:27:03.112460,7.072,0.115,-6.957,0.0,5.164,5.27,5.164,7146.0,7.28,250.3,239.3,238.5,6.797,49.99,6159.66,855.36,95.0,0.0,7.13,3.39,0.0,0.001,0.001,0.03,9.03125
2022-09-03T11:28:03.825274,6.942,0.168,-6.774,0.0,4.966,5.27,4.966,7146.09,7.36,250.1,237.1,238.6,6.591,50.0,6159.77,855.36,95.0,0.0,7.13,3.39,0.0,0.002,0.001,0.03,9.03125
2022-09-03T11:29:03.954290,6.839,0.129,-6.71,0.0,4.965,5.27,4.965,7146.17,7.45,249.8,238.6,237.6,6.546,50.0,6159.87,855.36,95.0,0.0,7.13,3.39,0.0,0.001,0.001,0.03,9.03125
2022-09-03T11:30:07.767446,6.455,0.236,-6.219,0.0,,,,,,,,,,,,,,,,,,0.002,0.002,0.031,9.0325
2022-09-03T11:31:07.811306,,,,,4.853,5.27,4.853,7146.33,7.61,249.6,237.1,240.1,5.564,50.0,6160.08,855.36,95.0,0.0,7.14,3.39,0.0,0.002,0.002,0.031,9.0325
2022-09-03T11:32:04.608352,6.462,0.836,-5.626,0.0,4.777,5.27,4.777,7146.4,7.68,248.6,238.3,240.1,5.381,50.0,6160.16,855.36,95.0,0.0,7.14,3.39,0.0,0.002,0.002,0.031,9.03375
2022-09-03T11:33:05.087921,6.347,1.0,-5.347,0.0,4.759,5.27,4.759,7146.48,7.76,250.0,238.6,239.6,5.411,50.0,6160.25,855.36,95.0,0.0,7.14,3.39,0.0,0.002,0.002,0.031,9.03375
2022-09-03T11:34:03.721822,6.463,0.946,-5.517,0.0,4.84,5.27,4.84,7146.56,7.84,250.6,238.5,238.3,5.677,49.97,6160.35,855.36,95.0,0.0,7.14,3.39,0.0,0.002,0.002,0.03,9.03375
2022-09-03T11:35:06.712298,6.717,0.851,-5.866,0.0,4.953,5.27,4.953,7146.65,7.92,250.0,238.8,239.8,5.77,49.97,6160.45,855.36,95.0,0.0,7.14,3.39,0.0,0.002,0.002,0.031,9.035
2022-09-03T11:36:05.519705,6.587,0.936,-5.651,0.0,4.818,5.27,4.818,7146.73,8.0,246.6,240.1,238.0,5.617,50.0,6160.54,855.36,95.0,0.0,7.14,3.39,0.0,0.001,0.002,0.03,9.035
2022-09-03T11:37:04.590789,6.616,0.846,-5.77,0.0,4.931,5.27,4.931,7146.81,8.09,246.5,240.3,238.3,5.807,49.97,6160.64,855.36,95.0,0.0,7.14,3.39,0.0,0.002,0.002,0.031,9.03625
2022-09-03T11:38:03.476034,6.532,1.029,-5.503,0.0,4.957,5.27,4.957,7146.89,8.17,246.8,239.3,238.8,5.682,50.0,6160.72,855.36,95.0,0.0,7.14,3.39,0.0,0.002,0.002,0.03,9.03625
2022-09-03T11:39:04.219677,6.634,0.94,-5.694,0.0,4.903,5.27,4.903,7146.97,8.25,248.6,238.3,239.3,5.697,50.0,6160.81,855.36,95.0,0.0,7.14,3.39,0.0,0.002,0.002,0.031,9.0375
2022-09-03T11:40:04.561635,6.715,0.941,-5.774,0.0,5.061,5.27,5.061,7147.06,8.34,248.8,238.8,237.6,5.824,50.0,6160.91,855.36,95.0,0.0,7.14,3.39,0.0,0.001,0.002,0.031,9.0375
2022-09-03T11:41:04.102446,6.488,0.921,-5.567,0.0,4.889,5.27,4.889,7147.14,8.42,248.3,238.1,238.1,5.626,49.97,6161.02,855.36,95.0,0.0,7.14,3.39,0.0,0.002,0.002,0.031,9.0375
2022-09-03T11:42:03.707832,6.689,0.938,-5.751,0.0,4.814,5.27,4.814,7147.22,8.5,249.3,239.6,239.3,5.666,50.0,6161.1,855.36,95.0,0.0,7.14,3.39,0.0,0.002,0.002,0.031,9.03875
2022-09-03T11:43:03.848829,6.785,0.849,-5.936,0.0,4.648,5.27,4.648,7147.3,8.58,248.3,237.1,238.3,5.271,50.0,6161.2,855.36,95.0,0.0,7.14,3.39,0.0,0.002,0.002,0.03,9.03875
2022-09-03T11:44:06.111750,4.47,0.676,-3.794,0.0,4.536,5.27,4.536,7147.37,8.65,248.1,237.8,239.8,5.433,49.99,6161.27,855.36,95.0,0.0,7.14,3.39,0.0,0.001,0.002,0.03,9.04
2022-09-03T11:45:02.672001,6.459,0.891,-5.568,0.0,4.852,5.27,4.852,7147.45,8.72,247.6,238.5,239.3,5.662,50.0,6161.37,855.36,95.0,0.0,7.14,3.39,0.0,0.002,0.002,0.031,9.04
2022-09-03T11:46:04.429487,6.672,0.971,-5.701,0.0,4.605,5.27,4.605,7147.53,8.81,247.1,237.1,239.8,5.428,50.0,6161.47,855.36,95.0,0.0,7.14,3.39,0.0,0.002,0.002,0.031,9.04
2022-09-03T11:47:03.001525,6.626,0.866,-5.76,0.0,4.973,5.27,4.973,7147.61,8.89,247.1,237.3,240.3,5.778,49.99,6161.56,855.36,95.0,0.0,7.14,3.39,0.0,0.002,0.002,0.031,9.04125
2022-09-03T11:48:03.772220,6.045,0.845,-5.2,0.0,4.312,5.27,4.312,7147.69,8.97,246.6,236.1,237.3,5.333,50.0,6161.64,855.36,95.0,0.0,7.14,3.39,0.0,0.001,0.002,0.031,9.04125
2022-09-03T11:49:05.308053,6.26,0.755,-5.505,0.0,4.489,5.27,4.489,7147.76,9.04,247.8,236.0,238.1,5.248,50.0,6161.75,855.36,95.0,0.0,7.14,3.39,0.0,0.002,0.002,0.031,9.0425
2022-09-03T11:50:08.321911,6.804,0.844,-5.96,0.0,,,,,,,,,,,,,,,,,,0.002,0.002,0.031,9.0425
2022-09-03T11:51:05.222502,6.49,0.703,-5.787,0.0,5.008,5.27,5.008,7147.93,9.21,248.8,238.6,240.1,5.908,49.99,6161.93,855.36,95.0,0.0,7.14,3.39,0.0,0.002,0.002,0.031,9.0425
2022-09-03T11:52:03.645366,6.862,0.918,-5.944,0.0,5.087,5.27,5.087,7148.01,9.29,247.3,239.8,241.3,6.076,50.02,6162.04,855.36,95.0,0.0,7.14,3.39,0.0,0.002,0.002,0.031,9.04375
2022-09-03T11:53:05.617001,7.147,0.927,-6.22,0.0,5.358,5.415,5.358,7148.1,9.38,247.1,238.3,240.8,6.329,50.0,6162.14,855.36,95.0,0.0,7.15,3.39,0.0,0.002,0.002,0.031,9.04375
2022-09-03T11:54:04.129179,7.172,0.91,-6.262,0.0,4.587,5.415,4.587,7148.19,9.46,247.6,238.6,241.8,6.035,50.0,6162.25,855.36,95.0,0.0,7.15,3.39,0.0,0.002,0.002,0.031,9.045
2022-09-03T11:55:07.703282,6.898,0.868,-6.03,0.0,,,,,,,,,,,,,,,,,,0.002,0.002,0.03,9.04625
2022-09-03T11:56:08.067160,,,,,4.065,5.415,4.065,7148.33,9.61,245.8,237.3,239.8,4.908,50.0,6162.41,855.36,95.0,0.0,7.15,3.39,0.0,0.002,0.002,0.031,9.0475
2022-09-03T11:57:03.075499,5.088,1.061,-4.027,0.0,3.65,5.415,3.65,7148.4,9.68,243.6,236.6,240.6,4.106,50.02,6162.47,855.36,95.0,0.0,7.15,3.39,0.0,0.002,0.002,0.031,9.0475
2022-09-03T11:58:03.681386,4.961,0.968,-3.993,0.0,3.775,5.415,3.775,7148.46,9.74,244.8,238.5,238.1,4.581,50.04,6162.56,855.36,95.0,0.0,7.15,3.39,0.0,0.001,0.001,0.031,9.0475
2022-09-03T11:59:04.914222,4.83,0.242,-4.588,0.0,3.484,5.415,3.484,7148.52,9.8,244.6,239.8,238.1,4.494,50.02,6162.64,855.36,95.0,0.0,7.15,3.39,0.0,0.001,0.001,0.03,9.04875
2022-09-03T12:00:08.222920,5.737,0.241,-5.496,0.0,,,,,,,,,,,,,,,,,,0.002,0.002,0.031,9.05
2022-09-03T12:01:08.495955,,,,,4.593,5.415,4.593,7148.66,9.94,245.8,241.6,238.1,5.573,50.0,6162.81,855.36,95.0,0.0,7.15,3.39,0.0,0.001,0.002,0.031,9.05125
2022-09-03T12:02:03.731894,5.478,0.275,-5.203,0.0,3.788,5.415,3.788,7148.73,10.01,245.6,240.8,238.1,4.918,50.0,6162.89,855.36,95.0,0.0,7.15,3.39,0.0,0.001,0.002,0.031,9.05125
2022-09-03T12:03:03.554553,6.473,0.136,-6.337,0.0,4.863,5.415,4.863,7148.81,10.09,248.8,242.1,239.6,6.413,50.0,6163.0,855.36,95.0,0.0,7.15,3.39,0.0,0.002,0.002,0.031,9.05125
2022-09-03T12:04:04.506550,5.48,0.426,-5.054,0.0,3.378,5.415,3.378,7148.87,10.15,243.3,238.8,239.6,4.538,50.0,6163.08,855.36,95.0,0.0,7.15,3.39,0.0,0.001,0.001,0.031,9.0525
2022-09-03T12:05:08.554862,4.642,0.112,-4.53,0.0,,,,,,,,,,,,,,,,,,0.001,0.002,0.031,9.0525
2022-09-03T12:06:07.402620,,,,,3.761,5.415,3.761,7148.98,10.26,245.1,238.3,240.3,5.141,50.0,6163.24,855.36,95.0,0.0,7.15,3.39,0.0,0.002,0.002,0.031,9.05375
2022-09-03T12:07:04.156982,5.718,0.13,-5.588,0.0,4.709,5.415,4.709,7149.05,10.33,247.8,238.8,241.8,6.467,50.0,6163.33,855.36,95.0,0.0,7.15,3.39,0.0,0.001,0.002,0.031,9.05375
2022-09-03T12:08:03.592186,6.391,0.076,-6.315,0.0,4.833,5.415,4.833,7149.13,10.41,247.1,240.1,242.5,6.349,50.0,6163.43,855.36,95.0,0.0,7.15,3.39,0.0,0.001,0.002,0.031,9.055
2022-09-03T12:09:04.496837,6.289,0.0,-6.289,0.0,4.76,5.415,4.76,7149.21,10.49,248.6,239.8,241.3,6.462,50.0,6163.52,855.36,95.0,0.0,7.15,3.39,0.0,0.001,0.001,0.031,9.055
2022-09-03T12:10:03.425579,7.093,0.176,-6.917,0.0,5.006,5.415,5.006,7149.29,10.57,248.8,240.8,240.8,6.626,50.0,6163.64,855.36,95.0,0.0,7.15,3.39,0.0,0.001,0.002,0.031,9.055
2022-09-03T12:11:03.476479,7.04,0.176,-6.864,0.0,4.881,5.415,4.881,7149.38,10.66,248.3,241.6,240.3,6.708,50.0,6163.75,855.36,95.0,0.0,7.15,3.39,0.0,0.001,0.002,0.031,9.05625
2022-09-03T12:12:03.086949,7.415,1.68,-5.735,0.0,5.515,5.531,5.515,7149.47,10.75,252.3,242.8,237.6,5.747,50.04,6163.85,855.36,95.0,0.0,7.15,3.39,0.0,0.002,0.001,0.031,9.05625
2022-09-03T12:13:04.302469,7.4,1.706,-5.694,0.0,5.456,5.573,5.456,7149.56,10.84,252.1,243.8,237.3,5.653,50.02,6163.95,855.36,95.0,0.0,7.15,3.39,0.0,0.002,0.001,0.031,9.0575
2022-09-03T12:14:04.103532,7.469,1.691,-5.778,0.0,5.571,5.579,5.571,7149.65,10.93,252.3,244.3,237.3,5.781,50.0,6164.04,855.36,95.0,0.0,7.15,3.39,0.0,0.002,0.001,0.031,9.0575
2022-09-03T12:15:07.805099,7.497,1.682,-5.815,0.0,,,,,,,,,,,,,,,,,,0.002,0.001,0.03,9.05875
2022-09-03T12:16:08.125656,,,,,5.541,5.6,5.541,7149.84,11.12,248.8,247.1,236.6,5.638,49.99,6164.25,855.36,95.0,0.0,7.15,3.39,0.0,0.002,0.002,0.03,9.05875
2022-09-03T12:17:04.598748,7.416,1.827,-5.589,0.0,5.523,5.6,5.523,7149.93,11.21,250.1,247.8,237.8,5.586,50.0,6164.33,855.36,95.0,0.0,7.15,3.39,0.0,0.002,0.001,0.03,9.05875
2022-09-03T12:18:03.480045,7.378,1.823,-5.555,0.0,5.506,5.6,5.506,7150.02,11.3,249.6,247.6,237.3,5.586,50.0,6164.43,855.36,95.0,0.0,7.15,3.39,0.0,0.002,0.001,0.031,9.06
2022-09-03T12:19:03.322564,7.403,1.824,-5.579,0.0,5.508,5.6,5.508,7150.11,11.39,249.6,246.6,237.8,5.558,50.0,6164.52,855.36,95.0,0.0,7.15,3.39,0.0,0.002,0.001,0.031,9.06
2022-09-03T12:20:07.739789,7.269,1.832,-5.437,0.0,,,,,,,,,,,,,,,,,,0.002,0.001,0.031,9.06125
2022-09-03T12:21:06.102546,7.193,1.719,-5.474,0.0,5.379,5.6,5.379,7150.29,11.57,248.5,246.6,237.8,5.511,50.02,6164.7,855.36,95.0,0.0,7.15,3.39,0.0,0.002,0.001,0.031,9.06125
2022-09-03T12:22:04.478637,7.314,1.753,-5.561,0.0,5.416,5.6,5.416,7150.38,11.66,249.8,246.5,238.6,5.503,50.0,6164.79,855.36,95.0,0.0,7.15,3.39,0.0,0.002,0.001,0.031,9.06125
2022-09-03T12:23:03.804328,7.162,1.761,-5.401,0.0,5.346,5.6,5.346,7150.48,11.76,247.6,243.3,235.5,5.414,49.97,6164.89,855.36,95.0,0.0,7.15,3.39,0.0,0.002,0.001,0.03,9.0625
2022-09-03T12:24:04.172474,7.113,2.752,-4.361,0.0,5.311,5.6,5.311,7150.56,11.84,246.6,244.1,232.0,4.318,50.0,6164.97,855.36,95.0,0.0,7.15,3.39,0.0,0.002,0.001,0.03,9.0625
2022-09-03T12:25:07.676024,7.064,2.785,-4.279,0.0,,,,,,,,,,,,,,,,,,0.002,0.001,0.03,9.06375
2022-09-03T12:26:07.585832,,,,,5.149,5.6,5.149,7150.74,12.02,249.5,243.6,236.3,5.078,49.97,6165.12,855.36,95.0,0.0,7.15,3.39,0.0,0.002,0.001,0.03,9.06375
2022-09-03T12:27:03.856008,6.903,1.894,-5.009,0.0,5.171,5.6,5.171,7150.82,12.1,252.1,243.3,236.6,5.077,49.99,6165.2,855.36,95.0,0.0,7.15,3.39,0.0,0.002,0.001,0.03,9.06375
2022-09-03T12:28:04.519397,6.914,1.877,-5.037,0.0,5.015,5.6,5.015,7150.9,12.18,253.3,242.8,237.1,4.907,50.0,6165.29,855.36,95.0,0.0,7.15,3.39,0.0,0.002,0.001,0.03,9.06625
2022-09-03T12:29:05.129955,6.726,1.841,-4.885,0.0,5.019,5.6,5.019,7150.99,12.27,251.8,241.1,236.6,4.944,50.0,6165.37,855.36,95.0,0.0,7.15,3.39,0.0,0.002,0.001,0.03,9.06625
2022-09-03T12:30:02.777163,6.787,1.86,-4.927,0.0,5.042,5.6,5.042,7151.07,12.35,250.5,241.8,236.0,4.917,49.97,6165.45,855.36,95.0,0.0,7.15,3.39,0.0,0.002,0.001,0.03,9.0675
2022-09-03T12:31:04.550604,6.956,1.844,-5.112,0.0,5.281,5.6,5.281,7151.16,12.44,252.6,242.3,236.8,5.233,49.95,6165.54,855.36,95.0,0.0,7.15,3.39,0.0,0.002,0.001,0.031,9.0675
2022-09-03T12:32:03.388016,7.166,1.863,-5.303,0.0,5.39,5.6,5.39,7151.25,12.53,251.5,241.8,235.8,5.334,49.97,6165.62,855.36,95.0,0.0,7.15,3.39,0.0,0.002,0.001,0.03,9.0675
2022-09-03T12:33:04.872773,7.303,1.893,-5.41,0.0,5.426,5.6,5.426,7151.33,12.61,252.6,241.6,236.6,5.37,49.97,6165.7,855.36,95.0,0.0,7.15,3.39,0.0,0.002,0.001,0.03,9.06875
2022-09-03T12:34:04.047300,7.148,1.858,-5.29,0.0,4.938,5.6,4.938,7151.42,12.7,252.1,242.5,235.3,5.035,49.97,6165.79,855.36,95.0,0.0,7.15,3.39,0.0,0.002,0.001,0.03,9.06875
2022-09-03T12:35:03.110652,6.95,3.692,-3.258,0.0,3.721,5.6,3.721,7151.5,12.78,245.8,242.8,233.6,3.843,49.97,6165.85,855.36,95.0,0.0,7.15,3.39,0.0,0.002,0.001,0.03,9.07
2022-09-03T12:36:03.936414,5.248,1.376,-3.872,0.0,5.124,5.6,5.124,7151.57,12.85,245.5,241.8,234.3,4.154,49.97,6165.93,855.36,95.0,0.0,7.15,3.39,0.0,0.002,0.001,0.03,9.07
2022-09-03T12:37:05.631423,7.057,2.268,-4.789,0.0,4.528,5.6,4.528,7151.66,12.93,245.8,243.3,234.6,4.028,50.0,6166.0,855.36,95.0,0.0,7.15,3.39,0.0,0.002,0.001,0.03,9.07125
2022-09-03T12:38:02.990223,6.142,3.455,-2.687,0.0,4.787,5.6,4.787,7151.73,13.01,243.6,243.8,235.1,3.753,50.0,6166.06,855.36,95.0,0.0,7.15,3.39,0.0,0.002,0.001,0.03,9.07125
2022-09-03T12:39:03.276142,5.706,1.774,-3.932,0.0,5.23,5.6,5.23,7151.8,13.08,245.6,244.8,235.5,5.198,49.97,6166.12,855.36,95.0,0.0,7.15,3.39,0.0,0.002,0.001,0.03,9.07125
2022-09-03T12:40:02.759895,6.494,1.846,-4.648,0.0,5.308,5.6,5.308,7151.89,13.17,244.3,241.6,241.5,6.982,50.0,6166.22,855.36,95.0,0.0,7.15,3.39,0.0,0.001,0.001,0.031,9.0725
2022-09-03T12:41:04.931407,4.798,0.282,-4.516,0.0,3.803,5.6,3.803,7151.96,13.24,241.6,239.6,238.0,5.025,50.0,6166.29,855.36,95.0,0.0,7.15,3.39,0.0,0.001,0.002,0.03,9.07375
2022-09-03T12:42:03.110266,5.476,0.294,-5.182,0.0,4.889,5.6,4.889,7152.02,13.3,244.6,240.3,240.5,6.747,50.02,6166.39,855.36,95.0,0.0,7.15,3.39,0.0,0.002,0.002,0.031,9.075
2022-09-03T12:43:02.618845,5.614,0.316,-5.298,0.0,5.021,5.6,5.021,7152.1,13.38,243.6,241.6,242.0,6.075,50.02,6166.49,855.36,95.0,0.0,7.15,3.39,0.0,0.002,0.001,0.031,9.075
2022-09-03T12:44:03.710251,7.719,0.387,-7.332,0.0,5.394,5.834,5.394,7152.19,13.47,246.1,241.8,241.1,6.964,50.0,6166.6,855.36,95.0,0.0,7.15,3.39,0.0,0.001,0.001,0.031,9.075
2022-09-03T12:45:08.962678,7.157,0.371,-6.786,0.0,,,,,,,,,,,,,,,,,,0.002,0.001,0.031,9.07625
2022-09-03T12:46:08.141539,,,,,5.902,5.996,5.902,7152.38,13.66,248.8,241.1,243.3,7.671,49.99,6166.85,855.36,95.0,0.0,7.15,3.39,0.0,0.002,0.001,0.031,9.07625
2022-09-03T12:47:04.633241,7.8,0.547,-7.253,0.0,3.409,6.001,3.409,7152.47,13.75,246.1,240.8,242.3,4.73,49.99,6166.97,855.36,95.0,0.0,7.15,3.39,0.0,0.001,0.002,0.031,9.0775
2022-09-03T12:48:03.645221,5.511,0.017,-5.494,0.0,6.185,6.186,6.185,7152.54,13.82,249.6,240.3,242.3,7.428,50.0,6167.06,855.36,95.0,0.0,7.15,3.39,0.0,0.001,0.002,0.031,9.0775
2022-09-03T12:49:04.543801,5.176,0.284,-4.892,0.0,2.725,6.186,2.725,7152.61,13.89,240.0,239.8,238.1,3.502,50.0,6167.16,855.36,95.0,0.0,7.15,3.39,0.0,0.001,0.002,0.031,9.07875
2022-09-03T12:50:09.785149,3.857,0.057,-3.8,0.0,,,,,,,,,,,,,,,,,,0.002,0.001,0.031,9.07875
2022-09-03T12:51:06.055761,4.069,0.042,-4.027,0.0,2.773,6.186,2.773,7152.71,13.99,240.6,241.5,238.3,3.763,49.99,6167.29,855.36,95.0,0.0,7.15,3.39,0.0,0.001,0.001,0.03,9.07875
2022-09-03T12:52:03.211797,4.428,0.162,-4.266,0.0,4.054,6.186,4.054,7152.76,14.04,244.8,240.8,238.1,5.196,50.0,6167.35,855.36,95.0,0.0,7.15,3.39,0.0,0.001,0.002,0.031,9.08
2022-09-03T12:53:03.561775,5.062,0.228,-4.834,0.0,3.058,6.186,3.058,7152.82,14.1,243.6,239.0,238.1,4.097,49.99,6167.43,855.36,95.0,0.0,7.15,3.39,0.0,0.001,0.001,0.031,9.08
2022-09-03T12:54:05.389590,4.505,0.221,-4.284,0.0,2.636,6.186,2.636,7152.88,14.15,242.3,237.1,239.1,3.396,50.0,6167.5,855.36,95.0,0.0,7.15,3.39,0.0,0.002,0.001,0.031,9.08125
2022-09-03T12:55:08.207311,3.885,0.237,-3.648,0.0,,,,,,,,,,,,,,,,,,0.002,0.002,0.03,9.08125
2022-09-03T12:56:05.335158,4.146,0.211,-3.935,0.0,3.375,6.186,3.375,7152.97,14.25,247.6,240.3,241.6,4.619,50.02,6167.62,855.36,95.0,0.0,7.15,3.39,0.0,0.001,0.002,0.031,9.08125
2022-09-03T12:57:04.262830,5.35,0.373,-4.977,0.0,4.54,6.186,4.54,7153.04,14.32,250.1,242.3,241.8,5.926,50.0,6167.72,855.36,95.0,0.0,7.15,3.39,0.0,0.002,0.002,0.031,9.0825
2022-09-03T12:58:02.648149,6.95,0.253,-6.697,0.0,5.477,6.186,5.477,7153.13,14.41,252.3,243.5,242.3,7.309,50.0,6167.83,855.36,95.0,0.0,7.15,3.39,0.0,0.001,0.002,0.031,9.0825
2022-09-03T12:59:04.108088,7.565,0.275,-7.29,0.0,5.897,6.186,5.897,7153.23,14.51,252.8,243.6,242.1,7.717,49.99,6167.95,855.36,95.0,0.0,7.15,3.39,0.0,0.001,0.002,0.031,9.08375
2022-09-03T13:00:03.268969,7.938,0.216,-7.722,0.0,5.765,6.186,5.765,7153.32,14.6,252.3,243.0,241.8,7.531,49.97,6168.08,855.36,95.0,0.0,7.15,3.39,0.0,0.001,0.001,0.032,9.08375
2022-09-03T13:01:05.001399,7.63,0.296,-7.334,0.0,5.622,6.186,5.622,7153.42,14.7,250.8,243.5,241.8,7.172,49.97,6168.2,855.36,95.0,0.0,7.15,3.39,0.0,0.001,0.002,0.031,9.085
2022-09-03T13:02:03.621923,7.275,0.634,-6.641,0.0,5.37,6.186,5.37,7153.51,14.79,250.3,241.8,240.1,6.453,49.97,6168.31,855.36,95.0,0.0,7.15,3.39,0.0,0.002,0.002,0.031,9.085
2022-09-03T13:03:03.563270,6.89,0.534,-6.356,0.0,4.729,6.186,4.729,7153.59,14.87,244.8,242.3,240.1,5.837,49.97,6168.41,855.36,95.0,0.0,7.15,3.39,0.0,0.001,0.002,0.031,9.08625
2022-09-03T13:04:03.833232,7.36,0.752,-6.608,0.0,5.48,6.186,5.48,7153.68,14.96,247.3,243.1,240.8,6.656,49.97,6168.52,855.36,95.0,0.0,7.15,3.39,0.0,0.001,0.002,0.031,9.0875
2022-09-03T13:05:08.916026,7.272,0.777,-6.495,0.0,,,,,,,,,,,,,,,,,,0.002,0.002,0.031,9.0875
2022-09-03T13:06:09.532129,,,,,5.47,6.186,5.47,7153.86,15.14,248.8,245.0,241.3,6.675,49.99,6168.75,855.36,95.0,0.0,7.16,3.39,0.0,0.002,0.002,0.031,9.08875
2022-09-03T13:07:04.018145,7.321,0.72,-6.601,0.0,5.454,6.186,5.454,7153.95,15.23,246.8,244.3,240.5,6.605,50.0,6168.85,855.36,95.0,0.0,7.16,3.39,0.0,0.002,0.001,0.031,9.08875
2022-09-03T13:08:02.981802,4.788,1.194,-3.594,0.0,2.104,6.186,2.104,7154.03,15.31,240.8,241.8,238.1,1.921,50.0,6168.93,855.36,95.0,0.0,7.16,3.39,0.0,0.001,0.002,0.031,9.09
2022-09-03T13:09:03.609761,2.876,0.534,-2.342,0.0,2.657,6.186,2.657,7154.07,15.34,241.6,242.3,240.3,3.6,50.0,6168.97,855.36,95.0,0.0,7.16,3.39,0.0,0.002,0.002,0.031,9.09
2022-09-03T13:10:05.315466,6.063,0.086,-5.977,0.0,4.585,6.186,4.585,7154.13,15.41,244.3,242.1,241.8,5.436,50.0,6169.06,855.36,95.0,0.0,7.16,3.39,0.0,0.002,0.001,0.032,9.09
2022-09-03T13:11:04.545527,5.47,0.346,-5.124,0.0,3.915,6.186,3.915,7154.2,15.48,244.1,242.3,240.3,4.848,50.0,6169.16,855.36,95.0,0.0,7.16,3.39,0.0,0.002,0.002,0.031,9.09125
2022-09-03T13:12:05.310189,6.669,0.31,-6.359,0.0,4.81,6.186,4.81,7154.29,15.57,243.3,242.3,240.6,6.062,50.02,6169.25,855.36,95.0,0.0,7.16,3.39,0.0,0.001,0.002,0.031,9.09125
2022-09-03T13:13:05.380310,6.936,0.541,-6.395,0.0,5.013,6.186,5.013,7154.36,15.64,242.8,243.1,241.3,5.67,50.02,6169.35,855.36,95.0,0.0,7.16,3.39,0.0,0.002,0.002,0.031,9.0925
2022-09-03T13:14:04.740634,6.782,0.291,-6.491,0.0,5.372,6.186,5.372,7154.45,15.72,246.6,244.1,243.1,6.801,50.02,6169.47,855.36,95.0,0.0,7.16,3.39,0.0,0.002,0.001,0.032,9.0925
2022-09-03T13:15:07.965904,6.828,0.886,-5.942,0.0,,,,,,,,,,,,,,,,,,0.002,0.002,0.031,9.09375
2022-09-03T13:16:07.293727,,,,,4.934,6.186,4.934,7154.6,15.87,247.8,241.8,242.6,6.171,50.02,6169.66,855.36,95.0,0.0,7.17,3.39,0.0,0.001,0.002,0.032,9.09375
2022-09-03T13:17:03.607833,7.197,0.511,-6.686,0.0,5.292,6.186,5.292,7154.68,15.96,248.8,243.0,242.6,6.606,50.02,6169.75,855.36,95.0,0.0,7.17,3.39,0.0,0.002,0.002,0.031,9.09375
2022-09-03T13:18:05.117206,5.858,0.546,-5.312,0.0,5.108,6.186,5.108,7154.76,16.04,248.8,243.3,240.1,6.51,50.02,6169.85,855.36,95.0,0.0,7.17,3.39,0.0,0.002,0.002,0.031,9.09625
2022-09-03T13:19:03.917081,5.847,0.488,-5.359,0.0,4.033,6.186,4.033,7154.83,16.11,245.8,240.8,238.8,4.512,50.02,6169.95,855.36,95.0,0.0,7.17,3.39,0.0,0.001,0.002,0.031,9.09625
2022-09-03T13:20:03.248438,4.405,0.181,-4.224,0.0,3.426,6.186,3.426,7154.89,16.17,245.3,241.1,239.6,4.402,50.0,6170.02,855.36,95.0,0.0,7.17,3.39,0.0,0.001,0.002,0.031,9.0975
2022-09-03T13:21:04.090213,5.837,0.436,-5.401,0.0,4.308,6.186,4.308,7154.96,16.24,245.8,240.1,239.6,5.367,50.0,6170.1,855.36,95.0,0.0,7.17,3.39,0.0,0.002,0.002,0.031,9.0975
2022-09-03T13:22:04.513456,7.409,0.578,-6.831,0.0,5.292,6.186,5.292,7155.04,16.32,248.8,241.1,238.8,6.526,50.02,6170.22,855.36,95.0,0.0,7.17,3.39,0.0,0.002,0.002,0.031,9.0975
2022-09-03T13:23:03.903363,7.311,0.226,-7.085,0.0,5.535,6.186,5.535,7155.13,16.4,250.6,241.3,240.3,7.099,50.02,6170.33,855.36,95.0,0.0,7.17,3.39,0.0,0.002,0.002,0.031,9.09875
2022-09-03T13:24:04.373178,7.959,0.357,-7.602,0.0,5.613,6.186,5.613,7155.22,16.5,249.5,244.8,241.1,7.203,50.02,6170.45,855.36,95.0,0.0,7.17,3.39,0.0,0.002,0.002,0.031,9.09875
2022-09-03T13:25:03.551016,7.543,0.345,-7.198,0.0,5.604,6.186,5.604,7155.31,16.59,245.8,247.1,239.8,7.192,50.02,6170.56,855.36,95.0,0.0,7.17,3.39,0.0,0.002,0.002,0.031,9.1
2022-09-03T13:26:03.902270,7.165,0.533,-6.632,0.0,5.333,6.186,5.333,7155.41,16.69,244.3,245.6,240.1,6.676,50.02,6170.68,855.36,95.0,0.0,7.17,3.39,0.0,0.002,0.002,0.031,9.1
2022-09-03T13:27:03.996069,7.007,0.508,-6.499,0.0,4.982,6.186,4.982,7155.5,16.78,244.6,242.3,239.8,6.334,50.0,6170.79,855.36,95.0,0.0,7.17,3.39,0.0,0.002,0.002,0.031,9.10125
2022-09-03T13:28:03.523312,6.684,0.603,-6.081,0.0,4.9,6.186,4.9,7155.58,16.86,243.1,240.6,238.6,5.915,50.02,6170.89,855.36,95.0,0.0,7.17,3.39,0.0,0.001,0.001,0.031,9.10125
2022-09-03T13:29:04.140573,6.722,0.448,-6.274,0.0,5.046,6.186,5.046,7155.66,16.93,243.1,241.8,239.3,6.291,50.0,6170.99,855.36,95.0,0.0,7.17,3.39,0.0,0.002,0.001,0.031,9.10125
2022-09-03T13:30:03.309579,6.727,0.623,-6.104,0.0,4.5,6.186,4.5,7155.74,17.02,241.6,241.3,238.3,5.3,50.02,6171.08,855.36,95.0,0.0,7.17,3.39,0.0,0.001,0.001,0.031,9.1025
2022-09-03T13:31:03.826095,5.589,0.598,-4.991,0.0,4.157,6.186,4.157,7155.81,17.09,239.8,241.1,238.1,4.929,50.02,6171.18,855.36,95.0,0.0,7.17,3.39,0.0,0.001,0.002,0.031,9.1025
2022-09-03T13:32:04.256537,6.027,0.411,-5.616,0.0,4.671,6.186,4.671,7155.87,17.15,243.8,244.3,240.8,5.928,50.0,6171.25,855.36,95.0,0.0,7.17,3.39,0.0,0.002,0.002,0.031,9.10375
2022-09-03T13:33:03.313356,7.064,0.711,-6.353,0.0,5.494,6.186,5.494,7155.96,17.23,244.3,243.6,242.3,6.765,49.99,6171.35,855.36,95.0,0.0,7.17,3.39,0.0,0.002,0.002,0.032,9.10375
2022-09-03T13:34:04.384615,7.87,0.694,-7.176,0.0,5.85,6.186,5.85,7156.05,17.33,246.0,243.3,242.0,6.947,49.97,6171.47,855.36,95.0,0.0,7.17,3.39,0.0,0.002,0.002,0.032,9.10375
2022-09-03T13:35:08.121731,4.026,0.711,-3.315,0.0,,,,,,,,,,,,,,,,,,0.001,0.002,0.031,9.105
2022-09-03T13:36:07.587336,,,,,3.762,6.186,3.762,7156.18,17.46,243.8,237.0,238.8,4.79,49.99,6171.62,855.36,95.0,0.0,7.17,3.39,0.0,0.001,0.002,0.031,9.105
2022-09-03T13:37:06.432247,3.188,0.474,-2.714,0.0,2.338,6.186,2.338,7156.23,17.51,239.1,237.6,237.1,2.791,50.0,6171.68,855.36,95.0,0.0,7.17,3.39,0.0,0.001,0.002,0.03,9.10625
2022-09-03T13:38:04.977881,3.931,0.553,-3.378,0.0,2.862,6.186,2.862,7156.28,17.56,240.6,237.1,237.8,3.396,50.0,6171.74,855.36,95.0,0.0,7.17,3.39,0.0,0.002,0.001,0.03,9.10625
2022-09-03T13:39:03.449812,3.088,0.507,-2.581,0.0,2.625,6.186,2.625,7156.32,17.6,238.8,237.5,238.1,3.013,49.97,6171.79,855.36,95.0,0.0,7.17,3.39,0.0,0.001,0.002,0.03,9.1075
2022-09-03T13:40:08.472595,3.876,0.583,-3.293,0.0,,,,,,,,,,,,,,,,,,0.001,0.001,0.03,9.10875
2022-09-03T13:41:08.010082,,,,,3.268,6.186,3.268,7156.42,17.69,244.8,238.5,239.0,4.136,50.0,6171.91,855.36,95.0,0.0,7.17,3.39,0.0,0.002,0.002,0.031,9.10875
2022-09-03T13:42:04.660880,5.321,0.586,-4.735,0.0,3.806,6.186,3.806,7156.47,17.75,248.0,239.3,236.3,4.969,50.0,6171.97,855.36,95.0,0.0,7.17,3.39,0.0,0.002,0.002,0.03,9.11
2022-09-03T13:43:04.186040,6.331,0.718,-5.613,0.0,3.349,6.186,3.349,7156.55,17.83,244.0,237.3,237.3,4.19,49.99,6172.06,855.36,95.0,0.0,7.17,3.39,0.0,0.001,0.002,0.031,9.11
2022-09-03T13:44:03.838409,4.55,0.35,-4.2,0.0,3.082,6.186,3.082,7156.6,17.88,244.8,237.1,237.3,3.896,50.0,6172.14,855.36,95.0,0.0,7.17,3.39,0.0,0.001,0.002,0.03,9.11125
2022-09-03T13:45:08.010541,4.355,0.37,-3.985,0.0,,,,,,,,,,,,,,,,,,0.002,0.002,0.03,9.11125
2022-09-03T13:46:07.241956,,,,,3.917,6.186,3.917,7156.71,17.99,246.8,238.8,238.8,4.744,50.0,6172.27,855.36,95.0,0.0,7.17,3.39,0.0,0.001,0.002,0.031,9.11125
2022-09-03T13:47:03.841099,4.965,0.441,-4.524,0.0,5.996,6.186,5.996,7156.78,18.06,252.8,239.8,240.8,7.705,50.0,6172.35,855.36,95.0,0.0,7.17,3.39,0.0,0.002,0.002,0.031,9.1125
2022-09-03T13:48:03.576706,6.605,0.0,-6.605,0.0,5.447,6.186,5.447,7156.87,18.15,251.1,239.1,239.6,6.833,50.0,6172.47,855.36,95.0,0.0,7.17,3.39,0.0,0.001,0.002,0.031,9.1125
2022-09-03T13:49:04.017684,7.543,0.481,-7.062,0.0,4.412,6.186,4.412,7156.95,18.23,246.3,238.5,237.8,5.008,50.0,6172.58,855.36,95.0,0.0,7.17,3.39,0.0,0.001,0.002,0.03,9.11375
2022-09-03T13:50:03.481508,4.876,0.376,-4.5,0.0,3.736,6.186,3.736,7157.02,18.3,246.6,238.3,239.0,4.691,49.97,6172.66,855.36,95.0,0.0,7.17,3.39,0.0,0.002,0.002,0.031,9.11375
2022-09-03T13:51:04.502667,4.758,0.41,-4.348,0.0,3.318,6.186,3.318,7157.08,18.36,244.8,236.3,236.3,4.004,50.0,6172.72,855.36,95.0,0.0,7.17,3.39,0.0,0.001,0.002,0.03,9.115
2022-09-03T13:52:04.277586,4.545,0.512,-4.033,0.0,3.154,6.186,3.154,7157.13,18.41,243.6,237.1,238.1,3.929,50.0,6172.79,855.36,95.0,0.0,7.17,3.39,0.0,0.002,0.001,0.031,9.115
2022-09-03T13:53:03.374285,4.223,0.482,-3.741,0.0,3.585,6.186,3.585,7157.19,18.47,244.6,238.0,238.8,4.578,50.02,6172.87,855.36,95.0,0.0,7.17,3.39,0.0,0.002,0.002,0.031,9.11625
2022-09-03T13:54:03.856411,5.409,0.569,-4.84,0.0,4.669,6.186,4.669,7157.26,18.54,248.8,238.3,240.3,5.772,50.0,6172.95,855.36,95.0,0.0,7.17,3.39,0.0,0.002,0.002,0.031,9.1175
2022-09-03T13:55:08.917620,5.896,0.577,-5.319,0.0,,,,,,,,,,,,,,,,,,0.002,0.002,0.031,9.1175
2022-09-03T13:56:09.725263,,,,,3.565,6.186,3.565,7157.39,18.67,246.1,238.1,237.5,4.456,50.0,6173.12,855.36,95.0,0.0,7.17,3.39,0.0,0.002,0.002,0.031,9.11875
2022-09-03T13:57:03.645544,4.709,0.411,-4.298,0.0,3.466,6.186,3.466,7157.45,18.73,244.3,238.3,238.6,4.253,50.02,6173.2,855.36,95.0,0.0,7.17,3.39,0.0,0.002,0.002,0.031,9.11875
2022-09-03T13:58:04.261929,4.225,0.402,-3.823,0.0,3.137,6.186,3.137,7157.5,18.78,244.6,237.8,239.6,3.969,50.02,6173.25,855.36,95.0,0.0,7.17,3.39,0.0,0.001,0.002,0.031,9.11875
2022-09-03T13:59:08.603632,4.811,0.314,-4.497,0.0,,,,,,,,,,,,,,,,,,0.002,0.002,0.031,9.12
2022-09-03T14:00:04.835853,,,,,,,,,,,,,,,,,,,,,,0.002,0.001,0.031,9.12
2022-09-03T14:01:11.153013,,,,,,,,,,,,,,,,,,,,,,0.002,0.002,0.031,9.12125
2022-09-03T14:02:07.996487,4.917,0.234,-4.683,0.0,4.282,6.186,4.282,7157.74,19.02,247.8,237.3,240.3,5.162,49.97,6173.56,855.36,95.0,0.0,7.18,3.39,0.0,0.002,0.002,0.031,9.12125
2022-09-03T14:03:05.378999,6.473,0.439,-6.034,0.0,,,,,,,,,,,,,,,,,,0.002,0.001,0.031,9.1225
2022-09-03T14:04:05.887248,6.654,0.421,-6.233,0.0,4.584,6.186,4.584,7157.9,19.18,248.1,237.8,239.8,5.664,50.02,6173.75,855.36,95.0,0.0,7.18,3.39,0.0,0.002,0.002,0.031,9.1225
2022-09-03T14:05:07.874222,5.313,0.512,-4.801,0.0,,,,,,,,,,,,,,,,,,0.001,0.002,0.03,9.1225
2022-09-03T14:06:07.911025,,,,,3.498,6.186,3.498,7158.02,19.3,244.3,237.8,238.6,4.009,50.0,6173.91,855.36,95.0,0.0,7.18,3.39,0.0,0.002,0.001,0.031,9.12375
2022-09-03T14:07:04.390278,4.938,0.568,-4.37,0.0,3.997,6.186,3.997,7158.09,19.36,246.6,238.3,237.3,4.977,50.02,6173.99,855.36,95.0,0.0,7.18,3.39,0.0,0.002,0.001,0.03,9.12375
2022-09-03T14:08:04.756830,3.701,0.567,-3.134,0.0,2.625,6.186,2.625,7158.14,19.42,242.3,237.1,236.8,3.085,49.99,6174.06,855.36,95.0,0.0,7.18,3.39,0.0,0.002,0.002,0.031,9.125
2022-09-03T14:09:03.866993,3.733,0.624,-3.109,0.0,2.813,6.186,2.813,7158.19,19.47,242.1,236.8,236.6,3.263,50.0,6174.1,855.36,95.0,0.0,7.18,3.39,0.0,0.001,0.002,0.03,9.125
2022-09-03T14:10:07.912562,4.561,0.515,-4.046,0.0,,,,,,,,,,,,,,,,,,0.002,0.001,0.03,9.125
2022-09-03T14:11:08.562746,,,,,3.245,6.186,3.245,7158.3,19.58,244.6,236.1,236.1,3.578,49.97,6174.25,855.36,95.0,0.0,7.18,3.39,0.0,0.001,0.002,0.03,9.12625
2022-09-03T14:12:03.842755,4.406,0.576,-3.83,0.0,3.279,6.186,3.279,7158.35,19.63,243.6,236.3,236.8,3.91,50.0,6174.29,855.36,95.0,0.0,7.18,3.39,0.0,0.002,0.001,0.03,9.12625
2022-09-03T14:13:04.401252,4.739,0.615,-4.124,0.0,3.646,6.186,3.646,7158.41,19.69,246.3,235.6,237.3,4.36,50.0,6174.37,855.36,95.0,0.0,7.18,3.39,0.0,0.002,0.001,0.03,9.1275
2022-09-03T14:14:04.308497,4.171,0.445,-3.726,0.0,3.164,6.186,3.164,7158.47,19.75,245.1,237.6,237.1,3.273,50.02,6174.43,855.36,95.0,0.0,7.18,3.39,0.0,0.168,0.124,0.165,9.12875
2022-09-03T14:15:03.743399,3.676,2.002,-1.674,0.0,2.741,6.186,2.741,7158.51,19.79,243.1,237.3,235.3,1.677,50.0,6174.47,855.36,95.0,0.0,7.18,3.39,0.0,0.614,0.529,0.563,9.1475
2022-09-03T14:16:05.278351,3.631,2.118,-1.513,0.0,2.98,6.186,2.98,7158.56,19.84,244.6,238.6,235.1,2.193,50.0,6174.5,855.36,95.0,0.0,7.18,3.39,0.0,0.456,0.39,0.495,9.17375
2022-09-03T14:17:03.834603,4.6,1.71,-2.89,0.0,3.647,6.186,3.647,7158.61,19.89,247.1,240.3,236.8,3.46,50.0,6174.54,855.36,95.0,0.0,7.18,3.39,0.0,0.422,0.354,0.51,9.19375
2022-09-03T14:18:04.167293,5.082,1.624,-3.458,0.0,3.451,6.186,3.451,7158.67,19.95,246.8,240.8,237.1,2.935,49.99,6174.6,855.36,95.0,0.0,7.18,3.39,0.0,0.414,0.355,0.497,9.215
2022-09-03T14:19:03.448320,5.038,1.667,-3.371,0.0,3.851,6.186,3.851,7158.73,20.01,249.1,239.6,239.3,3.544,50.0,6174.66,855.36,95.0,0.0,7.18,3.39,0.0,0.432,0.348,0.52,9.2375
2022-09-03T14:20:08.799333,5.982,1.893,-4.089,0.0,,,,,,,,,,,,,,,,,,0.496,0.405,0.554,9.2625
2022-09-03T14:21:08.486680,,,,,4.722,6.186,4.722,7158.88,20.16,250.3,239.1,239.3,4.335,49.99,6174.79,855.36,95.0,0.0,7.18,3.39,0.0,0.537,0.433,0.604,9.28625
2022-09-03T14:22:04.235770,6.349,2.073,-4.276,0.0,3.824,6.186,3.824,7158.95,20.23,246.8,237.6,237.1,2.857,50.0,6174.85,855.36,95.0,0.0,7.18,3.39,0.0,0.616,0.509,0.675,9.31375
2022-09-03T14:23:03.604615,4.141,2.435,-1.706,0.0,3.526,6.186,3.526,7159.01,20.29,244.8,236.3,237.5,2.289,50.0,6174.89,855.36,95.0,0.0,7.18,3.39,0.0,0.656,0.53,0.726,9.34375
2022-09-03T14:24:03.494386,4.642,2.348,-2.294,0.0,2.649,6.186,2.649,7159.06,20.34,242.1,234.6,235.3,0.901,50.0,6174.91,855.36,95.0,0.0,7.18,3.39,0.0,0.768,0.65,0.828,9.38
2022-09-03T14:25:06.975371,3.69,2.721,-0.969,0.0,2.283,6.186,2.283,7159.1,20.38,240.0,238.6,234.6,0.52,49.99,6174.93,855.36,95.0,0.0,7.18,3.39,0.0,0.722,0.673,0.849,9.41875
2022-09-03T14:26:03.664595,4.212,2.766,-1.446,0.0,3.067,6.186,3.067,7159.15,20.43,242.5,239.6,236.8,1.524,50.0,6174.95,855.36,95.0,0.0,7.18,3.39,0.0,0.765,0.702,0.882,9.45625
2022-09-03T14:27:04.822814,4.241,2.71,-1.531,0.0,2.621,6.186,2.621,7159.2,20.48,241.5,239.1,236.3,0.755,50.0,6174.97,855.36,95.0,0.0,7.18,3.39,0.0,0.788,0.734,0.914,9.495
2022-09-03T14:28:05.420433,3.698,2.807,-0.891,0.0,2.755,6.186,2.755,7159.25,20.52,238.6,240.1,237.3,0.815,49.97,6174.99,855.36,95.0,0.0,7.18,3.39,0.0,0.81,0.774,0.963,9.5375
2022-09-03T14:29:03.414888,4.176,2.952,-1.224,0.0,3.061,6.186,3.061,7159.29,20.57,239.5,239.1,235.8,1.192,49.95,6175.0,855.36,95.0,0.0,7.18,3.39,0.0,0.815,0.766,0.963,9.5775
2022-09-03T14:30:09.405649,3.6,3.043,-0.557,0.0,,,,,,,,,,,,,,,,,,0.82,0.751,0.954,9.62375
2022-09-03T14:31:08.141463,,,,,2.134,6.186,2.134,7159.38,20.66,237.8,236.0,237.6,0.017,49.97,6175.02,855.36,95.0,0.0,7.18,3.39,0.0,0.821,0.75,0.95,9.66625
2022-09-03T14:32:03.802777,3.541,2.939,-0.602,0.0,2.497,6.186,2.497,7159.42,20.7,240.8,237.0,237.8,0.49,50.0,6175.02,855.36,95.0,0.0,7.18,3.39,0.0,0.814,0.741,0.944,9.70375
2022-09-03T14:33:03.185660,3.453,2.897,-0.556,0.0,2.579,6.186,2.579,7159.46,20.74,239.8,237.8,235.8,0.551,50.0,6175.04,855.36,95.0,0.0,7.19,3.39,0.0,0.809,0.745,0.929,9.74625
2022-09-03T14:34:03.721144,2.966,2.851,-0.115,0.0,2.169,6.186,2.169,7159.5,20.78,239.3,236.6,234.8,0.195,50.0,6175.04,855.36,95.0,0.0,7.19,3.39,0.0,0.81,0.745,0.923,9.7875
2022-09-03T14:35:07.907408,3.383,2.832,-0.551,0.0,,,,,,,,,,,,,,,,,,0.815,0.744,0.925,9.8325
2022-09-03T14:36:06.063018,3.55,2.763,-0.787,0.0,3.013,6.186,3.013,7159.59,20.87,240.6,236.6,235.1,1.049,49.97,6175.08,855.36,95.0,0.0,7.19,3.39,0.0,0.814,0.751,0.934,9.87375
2022-09-03T14:37:02.827053,3.446,2.834,-0.612,0.0,3.008,6.186,3.008,7159.63,20.91,242.6,238.1,236.3,1.326,50.0,6175.08,855.36,95.0,0.0,7.19,3.39,0.0,0.822,0.75,0.936,9.91125
2022-09-03T14:38:03.860600,3.875,2.581,-1.294,0.0,3.075,6.186,3.075,7159.68,20.96,242.6,237.1,235.8,1.47,50.0,6175.1,855.36,95.0,0.0,7.19,3.39,0.0,0.836,0.757,0.924,9.95375
2022-09-03T14:39:03.707156,4.196,2.764,-1.432,0.0,2.887,6.186,2.887,7159.73,21.01,242.3,237.1,236.8,1.174,50.0,6175.12,855.36,95.0,0.0,7.19,3.39,0.0,0.835,0.756,0.941,9.995
2022-09-03T14:40:08.017412,4.015,2.776,-1.239,0.0,,,,,,,,,,,,,,,,,,0.824,0.775,0.949,10.04125
2022-09-03T14:41:06.931493,3.916,2.774,-1.142,0.0,2.887,6.186,2.887,7159.83,21.11,241.3,238.1,236.6,1.104,49.97,6175.16,855.36,95.0,0.0,7.19,3.39,0.0,0.836,0.772,0.96,10.0825
2022-09-03T14:42:04.451462,3.925,2.822,-1.103,0.0,2.94,6.186,2.94,7159.88,21.16,243.3,238.3,237.1,1.225,50.0,6175.18,855.36,95.0,0.0,7.19,3.39,0.0,0.85,0.779,0.957,10.12375
2022-09-03T14:43:04.595566,4.111,2.969,-1.142,0.0,3.015,6.186,3.015,7159.93,21.21,243.8,238.1,235.1,1.105,50.0,6175.2,855.36,95.0,0.0,7.19,3.39,0.0,0.853,0.797,0.954,10.1675
2022-09-03T14:44:05.367280,4.114,2.994,-1.12,0.0,3.078,6.186,3.078,7159.98,21.26,245.1,239.8,237.1,3.899,50.0,6175.24,855.36,95.0,0.0,7.19,3.39,0.0,0.027,0.004,0.037,10.20125
2022-09-03T14:45:05.863930,4.18,0.296,-3.884,0.0,3.145,6.186,3.145,7160.03,21.31,245.8,239.5,237.3,3.802,50.0,6175.29,855.36,95.0,0.0,7.19,3.39,0.0,0.002,0.001,0.031,10.20125
2022-09-03T14:46:04.911618,4.277,0.251,-4.026,0.0,3.175,6.186,3.175,7160.08,21.36,247.1,239.6,238.6,3.758,50.0,6175.37,855.36,95.0,0.0,7.19,3.39,0.0,0.002,0.001,0.031,10.2025
2022-09-03T14:47:05.061043,4.395,0.378,-4.017,0.0,3.338,6.186,3.338,7160.13,21.41,247.8,240.1,239.3,4.128,50.0,6175.43,855.36,95.0,0.0,7.19,3.39,0.0,0.002,0.001,0.031,10.2025
2022-09-03T14:48:03.411490,4.517,0.415,-4.102,0.0,3.289,6.186,3.289,7160.19,21.47,244.1,237.3,235.3,4.146,50.02,6175.5,855.36,95.0,0.0,7.19,3.39,0.0,0.001,0.001,0.03,10.20375
2022-09-03T14:49:04.197621,4.639,0.329,-4.31,0.0,3.491,6.186,3.491,7160.25,21.53,243.1,238.8,237.0,4.459,50.02,6175.58,855.36,95.0,0.0,7.19,3.39,0.0,0.001,0.001,0.03,10.20375
2022-09-03T14:50:03.332846,4.884,0.382,-4.502,0.0,3.656,6.186,3.656,7160.31,21.59,241.1,239.1,235.8,4.615,50.02,6175.64,855.36,95.0,0.0,7.19,3.39,0.0,0.001,0.001,0.03,10.20375
2022-09-03T14:51:03.754659,5.012,0.388,-4.624,0.0,3.549,6.186,3.549,7160.37,21.65,245.3,238.8,239.8,4.441,50.02,6175.72,855.36,95.0,0.0,7.19,3.39,0.0,0.001,0.001,0.031,10.205
2022-09-03T14:52:04.744388,4.744,0.196,-4.548,0.0,3.515,6.186,3.515,7160.43,21.71,245.6,238.3,239.3,4.543,50.0,6175.81,855.36,95.0,0.0,7.19,3.39,0.0,0.001,0.001,0.031,10.205
2022-09-03T14:53:03.708972,4.892,0.232,-4.66,0.0,3.73,6.186,3.73,7160.49,21.77,246.6,238.0,240.1,4.859,50.0,6175.87,855.36,95.0,0.0,7.19,3.39,0.0,0.002,0.001,0.031,10.2075
2022-09-03T14:54:03.796385,5.209,0.212,-4.997,0.0,3.911,6.186,3.911,7160.55,21.83,247.8,240.1,241.5,5.123,50.0,6175.97,855.36,95.0,0.0,7.19,3.39,0.0,0.001,0.001,0.031,10.2075
2022-09-03T14:55:05.790269,5.627,0.251,-5.376,0.0,4.194,6.186,4.194,7160.62,21.9,244.0,235.5,236.8,5.442,50.0,6176.06,855.36,95.0,0.0,7.19,3.39,0.0,0.002,0.001,0.03,10.2075
2022-09-03T14:56:04.027471,5.847,0.245,-5.602,0.0,4.424,6.186,4.424,7160.69,21.97,248.5,239.0,240.3,5.724,50.0,6176.14,855.36,95.0,0.0,7.19,3.39,0.0,0.002,0.001,0.031,10.20875
2022-09-03T14:57:05.920684,6.02,0.273,-5.747,0.0,4.457,6.186,4.457,7160.76,22.04,252.3,239.3,238.1,5.866,50.02,6176.24,855.36,95.0,0.0,7.19,3.39,0.0,0.002,0.001,0.03,10.20875
2022-09-03T14:58:04.872902,6.001,0.212,-5.789,0.0,4.465,6.186,4.465,7160.84,22.12,251.8,240.3,238.1,5.837,50.0,6176.33,855.36,95.0,0.0,7.19,3.39,0.0,0.002,0.001,0.03,10.21
2022-09-03T14:59:04.288500,5.992,0.214,-5.778,0.0,4.381,6.186,4.381,7160.91,22.19,244.3,241.3,238.6,3.498,50.0,6176.43,855.36,95.0,0.0,7.19,3.39,0.0,0.002,0.001,0.031,10.21
2022-09-03T15:00:08.403725,5.992,0.214,-5.778,0.0,,,,,,,,,,,,,,,,,,0.002,0.001,0.03,10.21125
2022-09-03T15:01:08.453647,,,,,4.217,6.186,4.217,7161.06,22.34,246.8,240.1,238.5,5.405,50.02,6176.58,855.36,95.0,0.0,7.19,3.39,0.0,0.002,0.001,0.031,10.21125
2022-09-03T15:02:03.811037,5.585,0.301,-5.284,0.0,4.022,6.186,4.022,7161.13,22.4,246.8,238.6,238.1,5.185,50.04,6176.66,855.36,95.0,0.0,7.19,3.39,0.0,0.002,0.001,0.03,10.21125
2022-09-03T15:03:04.006754,5.405,0.241,-5.164,0.0,3.63,6.186,3.63,7161.19,22.47,245.3,238.1,240.8,4.673,50.04,6176.75,855.36,95.0,0.0,7.19,3.39,0.0,0.001,0.001,0.031,10.2125
2022-09-03T15:04:04.095559,4.745,0.233,-4.512,0.0,3.421,6.186,3.421,7161.25,22.53,243.3,236.3,239.1,4.402,50.04,6176.83,855.36,95.0,0.0,7.19,3.39,0.0,0.002,0.001,0.031,10.2125
2022-09-03T15:05:08.340239,4.247,0.254,-3.993,0.0,,,,,,,,,,,,,,,,,,0.001,0.001,0.031,10.21375
2022-09-03T15:06:07.450853,,,,,2.952,6.186,2.952,7161.35,22.63,241.6,239.3,240.3,3.707,50.0,6176.95,855.36,95.0,0.0,7.19,3.39,0.0,0.001,0.001,0.031,10.215
2022-09-03T15:07:03.293945,4.541,0.207,-4.334,0.0,3.477,6.186,3.477,7161.4,22.68,242.8,239.1,240.1,4.464,50.02,6177.02,855.36,95.0,0.0,7.19,3.39,0.0,0.002,0.001,0.031,10.215
2022-09-03T15:08:04.496268,4.982,0.332,-4.65,0.0,3.686,6.186,3.686,7161.46,22.74,242.3,237.3,239.3,4.533,50.0,6177.1,855.36,95.0,0.0,7.19,3.39,0.0,0.001,0.001,0.031,10.21625
2022-09-03T15:09:04.017501,4.678,0.228,-4.45,0.0,3.66,6.186,3.66,7161.52,22.8,245.3,239.8,242.6,4.643,49.99,6177.18,855.36,95.0,0.0,7.19,3.39,0.0,0.002,0.001,0.032,10.21625
2022-09-03T15:10:03.628724,5.708,0.3,-5.408,0.0,4.259,6.186,4.259,7161.59,22.87,246.6,239.1,239.1,5.441,49.99,6177.25,855.36,95.0,0.0,7.19,3.39,0.0,0.002,0.001,0.031,10.2175
2022-09-03T15:11:03.600711,5.195,0.155,-5.04,0.0,2.877,6.186,2.877,7161.65,22.93,245.3,235.3,235.6,3.764,49.97,6177.33,855.36,95.0,0.0,7.19,3.39,0.0,0.001,0.002,0.03,10.2175
2022-09-03T15:12:03.724645,4.347,0.135,-4.212,0.0,4.179,6.186,4.179,7161.71,22.99,249.3,237.1,238.1,5.423,49.97,6177.41,855.36,95.0,0.0,7.19,3.39,0.0,0.002,0.001,0.031,10.2175
2022-09-03T15:13:04.112235,5.673,0.211,-5.462,0.0,4.209,6.186,4.209,7161.78,23.06,246.3,237.3,237.5,5.485,49.97,6177.5,855.36,95.0,0.0,7.19,3.39,0.0,0.002,0.002,0.03,10.21875
2022-09-03T15:14:03.357279,5.711,0.206,-5.505,0.0,4.209,6.186,4.209,7161.85,23.13,248.8,237.1,237.3,5.47,49.97,6177.6,855.36,95.0,0.0,7.19,3.39,0.0,0.002,0.001,0.03,10.21875
2022-09-03T15:15:08.630590,5.761,0.212,-5.549,0.0,,,,,,,,,,,,,,,,,,0.001,0.001,0.03,10.22
2022-09-03T15:16:06.006189,5.678,0.2,-5.478,0.0,4.202,6.186,4.202,7161.99,23.27,248.8,237.1,236.8,5.48,50.0,6177.79,855.36,95.0,0.0,7.19,3.39,0.0,0.002,0.002,0.03,10.22
2022-09-03T15:17:04.591386,5.662,0.224,-5.438,0.0,4.155,6.186,4.155,7162.06,23.34,249.1,236.8,236.6,5.339,50.0,6177.87,855.36,95.0,0.0,7.19,3.39,0.0,0.001,0.001,0.03,10.22125
2022-09-03T15:18:03.717612,5.602,0.205,-5.397,0.0,4.111,6.186,4.111,7162.13,23.41,248.6,238.3,239.8,5.433,49.99,6177.97,855.36,95.0,0.0,7.19,3.39,0.0,0.001,0.002,0.031,10.22125
2022-09-03T15:19:03.682526,5.555,0.223,-5.332,0.0,4.105,6.186,4.105,7162.2,23.48,244.3,238.8,238.8,5.402,49.99,6178.06,855.36,95.0,0.0,7.19,3.39,0.0,0.001,0.001,0.031,10.22125
2022-09-03T15:20:08.253147,5.529,0.231,-5.298,0.0,,,,,,,,,,,,,,,,,,0.001,0.001,0.031,10.2225
2022-09-03T15:21:07.258910,,,,,4.078,6.186,4.078,7162.34,23.62,243.6,239.6,239.1,5.325,49.97,6178.24,855.36,95.0,0.0,7.19,3.39,0.0,0.002,0.001,0.031,10.2225
2022-09-03T15:22:05.018963,5.504,0.191,-5.313,0.0,4.07,6.186,4.07,7162.4,23.68,244.8,239.8,238.8,5.354,49.97,6178.33,855.36,95.0,0.0,7.19,3.39,0.0,0.001,0.001,0.031,10.22375
2022-09-03T15:23:03.235527,5.497,0.222,-5.275,0.0,4.06,6.186,4.06,7162.47,23.75,246.8,239.8,238.3,5.341,49.99,6178.41,855.36,95.0,0.0,7.19,3.39,0.0,0.002,0.001,0.031,10.22375
2022-09-03T15:24:03.875555,5.492,0.235,-5.257,0.0,4.005,6.186,4.005,7162.54,23.82,245.6,239.1,238.0,5.288,49.99,6178.5,855.36,95.0,0.0,7.19,3.39,0.0,0.002,0.001,0.03,10.22375
2022-09-03T15:25:08.397676,5.405,0.335,-5.07,0.0,,,,,,,,,,,,,,,,,,0.001,0.001,0.031,10.225
2022-09-03T15:26:08.060093,,,,,3.735,6.186,3.735,7162.67,23.95,244.6,239.8,237.8,4.719,49.99,6178.66,855.36,95.0,0.0,7.19,3.39,0.0,0.002,0.001,0.03,10.225
2022-09-03T15:27:03.630527,5.138,0.323,-4.815,0.0,3.719,6.186,3.719,7162.73,24.01,244.8,239.3,238.6,4.795,49.99,6178.75,855.36,95.0,0.0,7.19,3.39,0.0,0.002,0.001,0.03,10.225
2022-09-03T15:28:04.740609,5.304,0.296,-5.008,0.0,3.917,6.186,3.917,7162.8,24.08,244.8,240.3,238.3,5.061,50.0,6178.83,855.36,95.0,0.0,7.2,3.39,0.0,0.002,0.001,0.031,10.22625
2022-09-03T15:29:04.268178,5.303,0.31,-4.993,0.0,3.912,6.186,3.912,7162.86,24.14,244.8,239.8,237.8,4.966,50.0,6178.91,855.36,95.0,0.0,7.2,3.39,0.0,0.001,0.001,0.03,10.22625
2022-09-03T15:30:07.933783,5.291,0.295,-4.996,0.0,,,,,,,,,,,,,,,,,,0.002,0.001,0.03,10.2275
2022-09-03T15:31:08.712198,,,,,3.847,6.186,3.847,7162.99,24.27,248.6,237.1,238.6,4.956,50.0,6179.08,855.36,95.0,0.0,7.2,3.39,0.0,0.001,0.001,0.03,10.2275
2022-09-03T15:32:03.758878,5.158,0.243,-4.915,0.0,3.817,6.186,3.817,7163.05,24.33,247.5,235.3,240.3,4.879,50.02,6179.16,855.36,95.0,0.0,7.2,3.39,0.0,0.002,0.001,0.031,10.2275
2022-09-03T15:33:03.735587,5.16,0.254,-4.906,0.0,3.81,6.186,3.81,7163.12,24.4,247.5,237.1,239.3,4.915,50.0,6179.24,855.36,95.0,0.0,7.2,3.39,0.0,0.002,0.001,0.031,10.22875
2022-09-03T15:34:03.528297,5.154,0.266,-4.888,0.0,3.817,6.186,3.817,7163.18,24.46,247.1,237.3,239.6,4.911,49.99,6179.33,855.36,95.0,0.0,7.2,3.39,0.0,0.001,0.001,0.031,10.22875
2022-09-03T15:35:03.226763,5.161,0.269,-4.892,0.0,3.81,6.186,3.81,7163.25,24.53,248.1,233.3,240.3,4.878,50.0,6179.41,855.36,95.0,0.0,7.2,3.39,0.0,0.002,0.001,0.031,10.23
2022-09-03T15:36:03.009800,5.154,0.276,-4.878,0.0,3.773,6.186,3.773,7163.31,24.59,248.3,235.3,239.8,4.873,50.0,6179.49,855.36,95.0,0.0,7.2,3.39,0.0,0.001,0.001,0.031,10.23
2022-09-03T15:37:04.826585,5.115,0.278,-4.837,0.0,3.788,6.186,3.788,7163.37,24.65,247.6,234.8,238.1,4.787,50.0,6179.56,855.36,95.0,0.0,7.2,3.39,0.0,0.002,0.001,0.03,10.23
2022-09-03T15:38:03.493600,5.153,0.319,-4.834,0.0,3.799,6.186,3.799,7163.44,24.72,246.6,236.0,238.8,4.828,49.99,6179.64,855.36,95.0,0.0,7.2,3.39,0.0,0.001,0.001,0.031,10.23125
2022-09-03T15:39:03.701591,5.146,0.32,-4.826,0.0,3.805,6.186,3.805,7163.5,24.78,244.3,233.6,239.8,4.871,49.99,6179.72,855.36,95.0,0.0,7.2,3.39,0.0,0.002,0.001,0.031,10.23125
2022-09-03T15:40:08.936640,5.129,0.264,-4.865,0.0,,,,,,,,,,,,,,,,,,0.001,0.001,0.031,10.2325
2022-09-03T15:41:08.296272,,,,,3.823,6.186,3.823,7163.63,24.91,240.0,237.8,241.1,4.841,49.97,6179.89,855.36,95.0,0.0,7.2,3.39,0.0,0.002,0.001,0.031,10.2325
2022-09-03T15:42:04.184301,5.165,0.295,-4.87,0.0,3.824,6.186,3.824,7163.69,24.97,240.8,238.8,237.0,4.867,49.99,6179.97,855.36,95.0,0.0,7.2,3.39,0.0,0.001,0.001,0.03,10.23375
2022-09-03T15:43:04.112394,5.157,0.307,-4.85,0.0,3.81,6.186,3.81,7163.75,25.03,241.8,238.1,236.6,4.86,50.0,6180.06,855.36,95.0,0.0,7.2,3.39,0.0,0.001,0.002,0.03,10.23375
2022-09-03T15:44:03.749388,5.147,0.403,-4.744,0.0,3.794,6.186,3.794,7163.82,25.1,243.6,238.1,237.6,4.724,50.0,6180.12,855.36,95.0,0.0,7.2,3.39,0.0,0.002,0.002,0.03,10.23375
2022-09-03T15:45:08.174603,5.113,0.379,-4.734,0.0,,,,,,,,,,,,,,,,,,0.002,0.001,0.031,10.235
2022-09-03T15:46:08.315331,,,,,3.767,6.186,3.767,7163.94,25.22,241.8,238.3,237.6,4.71,50.0,6180.29,855.36,95.0,0.0,7.2,3.39,0.0,0.002,0.002,0.031,10.235
2022-09-03T15:47:04.944259,5.088,0.411,-4.677,0.0,3.758,6.186,3.758,7164.01,25.29,242.5,238.1,238.6,4.688,49.99,6180.37,855.36,95.0,0.0,7.2,3.39,0.0,0.002,0.002,0.031,10.23625
2022-09-03T15:48:03.018972,5.075,0.381,-4.694,0.0,2.975,6.186,2.975,7164.06,25.34,239.3,237.8,240.5,4.238,49.99,6180.43,855.36,95.0,0.0,7.2,3.39,0.0,0.001,0.002,0.031,10.23625
2022-09-03T15:49:02.809725,1.886,0.409,-1.477,0.0,1.068,6.186,1.068,7164.1,25.38,238.8,235.3,241.3,1.187,50.0,6180.49,855.36,95.0,0.0,7.2,3.39,0.0,0.001,0.001,0.031,10.23625
2022-09-03T15:50:08.506503,4.976,0.302,-4.674,0.0,,,,,,,,,,,,,,,,,,0.002,0.001,0.03,10.2375
2022-09-03T15:51:08.153564,,,,,1.124,6.186,1.124,7164.17,25.45,239.3,235.8,239.6,1.469,49.99,6180.56,855.36,95.0,0.0,7.2,3.39,0.0,0.001,0.001,0.031,10.2375
2022-09-03T15:52:04.239596,2.045,0.418,-1.627,0.0,1.128,6.186,1.128,7164.2,25.48,240.3,236.6,239.3,1.237,50.0,6180.6,855.36,95.0,0.0,7.2,3.39,0.0,0.002,0.001,0.031,10.23875
2022-09-03T15:53:05.091090,1.776,0.278,-1.498,0.0,1.402,6.186,1.402,7164.22,25.5,240.6,233.8,241.3,1.817,49.99,6180.62,855.36,95.0,0.0,7.2,3.39,0.0,0.001,0.001,0.031,10.23875
2022-09-03T15:54:03.998087,2.731,0.317,-2.414,0.0,3.302,6.186,3.302,7164.25,25.53,244.8,234.1,240.3,4.203,50.0,6180.66,855.36,95.0,0.0,7.2,3.39,0.0,0.002,0.002,0.031,10.23875
2022-09-03T15:55:03.435674,4.587,0.22,-4.367,0.0,3.353,6.186,3.353,7164.31,25.59,244.8,232.6,241.8,4.269,50.0,6180.74,855.36,95.0,0.0,7.2,3.39,0.0,0.002,0.001,0.031,10.24
2022-09-03T15:56:02.792649,3.763,0.566,-3.197,0.0,1.702,6.186,1.702,7164.36,25.64,238.8,232.5,235.8,2.442,50.02,6180.81,855.36,95.0,0.0,7.2,3.39,0.0,0.001,0.001,0.03,10.24
2022-09-03T15:57:03.697322,2.01,0.216,-1.794,0.0,1.874,6.186,1.874,7164.39,25.67,236.1,234.6,236.0,1.685,49.97,6180.85,855.36,95.0,0.0,7.2,3.39,0.0,0.001,0.001,0.03,10.24125
2022-09-03T15:58:04.275802,1.372,0.212,-1.16,0.0,0.937,6.186,0.937,7164.41,25.69,237.1,233.1,236.1,1.13,50.0,6180.87,855.36,95.0,0.0,7.2,3.39,0.0,0.001,0.001,0.03,10.24125
2022-09-03T15:59:03.569600,1.957,0.166,-1.791,0.0,1.731,6.186,1.731,7164.44,25.72,236.6,232.3,234.1,2.278,50.0,6180.89,855.36,95.0,0.0,7.21,3.39,0.0,0.001,0.001,0.03,10.2425
2022-09-03T16:00:08.644615,1.682,0.315,-1.367,0.0,,,,,,,,,,,,,,,,,,0.002,0.001,0.03,10.2425