date,t_hs,t_hs_set,water_pressure,t_dhw,t_dhw_set,t_return,flow_rate,status_pump,runtime_comp,runtime_pump,posmix,qboh,qch,qwp,qdhw,tvbh2,tliq2,tr2,mode,pump,ehs,bpv,t_vbh,t_r1,v1,total_energy,t_ext,t_hc_set,t_hc,duration
2023-01-03 01:04:06.344527,29.0,0.0,1.238,45.0,48.0,20.5,0,0,1702,2787,0,13,8420,11229,2843,29.9,14.0,20.5,0,0,0,100,29.9,20.5,0,3006,10.0,42.0,29.9,0:00:03.256060
2023-01-03 01:04:35.378967,29.0,0.0,1.238,45.0,48.0,20.5,0,0,1702,2787,0,13,8420,11229,2843,29.9,14.0,20.5,0,0,0,100,29.9,20.5,0,3006,10.0,42.0,29.9,0:00:02.005240
2023-01-03 01:05:05.405277,29.0,0.0,1.237,45.0,48.0,20.5,0,0,1702,2787,0,13,8420,11229,2843,30.2,14.0,20.5,0,0,0,100,30.2,20.5,0,3006,10.0,42.0,30.2,0:00:01.998125
2023-01-03 01:05:35.431540,29.0,0.0,1.238,45.0,48.0,20.5,0,0,1702,2787,0,13,8420,11229,2843,29.7,14.0,20.5,0,0,0,100,29.7,20.5,0,3006,10.0,42.0,29.6,0:00:01.996005
2023-01-03 01:06:05.457817,29.0,0.0,1.24,45.0,48.0,20.5,0,0,1702,2787,0,13,8420,11229,2843,30.1,14.0,20.5,0,0,0,100,30.1,20.5,0,3006,10.0,42.0,30.1,0:00:01.996370
2023-01-03 01:06:35.612054,29.0,0.0,1.236,45.0,48.0,20.5,0,0,1702,2787,0,13,8420,11229,2843,30.2,14.0,20.5,0,0,0,100,30.1,20.5,0,3006,10.0,42.0,30.1,0:00:02.125434
2023-01-03 01:07:05.814373,29.0,0.0,1.236,45.0,48.0,20.5,0,0,1702,2787,0,13,8420,11229,2843,29.8,14.0,20.5,0,0,0,100,29.8,20.5,0,3006,10.0,42.0,29.8,0:00:02.172381
2023-01-03 01:07:36.032534,29.0,0.0,1.237,45.0,48.0,20.5,0,0,1702,2787,0,13,8420,11229,2843,30.1,14.0,20.5,0,0,0,100,30.0,20.5,0,3006,10.0,42.0,30.0,0:00:02.187732
2023-01-03 01:08:08.890161,None,None,None,None,None,None,None,0,1702,2787,0,13,8420,11229,2843,29.9,14.0,20.5,0,0,0,100,30.0,20.5,0,3006,10.0,42.0,30.0,0:00:04.828759
2023-01-03 01:08:38.804448,29.0,0.0,1.239,45.0,48.0,20.5,0,0,1702,2787,0,13,8420,11229,2843,29.8,14.0,20.5,0,0,0,100,29.8,20.5,0,3006,10.0,42.0,30.0,0:00:03.886130
2023-01-03 01:09:09.694555,29.0,0.0,1.237,45.0,48.0,20.5,0,0,1702,2787,0,13,8420,11229,2843,30.6,14.0,20.5,0,0,0,100,30.6,20.5,0,3006,10.0,42.0,30.7,0:00:03.860883
2023-01-03 01:09:40.584607,29.0,0.0,1.237,45.0,48.0,20.5,0,0,1702,2787,0,13,8420,11229,2843,30.3,14.0,20.5,0,0,0,100,30.2,20.5,0,3006,10.0,42.0,30.2,0:00:03.860957
2023-01-03 01:10:11.474575,28.9,0.0,1.243,45.0,48.0,20.5,0,0,1702,2787,0,13,8420,11229,2843,29.8,14.0,20.5,0,0,0,100,29.8,20.5,0,3006,10.0,42.0,29.8,0:00:03.861133
2023-01-03 01:10:42.396659,28.9,0.0,1.238,45.0,48.0,20.5,0,0,1702,2787,0,13,8420,11229,2843,29.9,14.0,20.5,0,0,0,100,29.9,20.5,0,3006,10.0,42.0,29.9,0:00:03.893869
2023-01-03 01:11:13.590635,29.0,0.0,1.237,45.0,48.0,20.5,0,0,1702,2787,0,13,8420,11229,2843,30.2,14.0,20.5,0,0,0,100,30.2,20.5,0,3006,10.0,42.0,30.3,0:00:04.164989
2023-01-03 01:11:45.456322,29.0,0.0,1.239,45.0,48.0,20.5,0,0,1702,2787,0,13,8420,11229,2843,30.0,14.0,20.5,0,0,0,100,30.0,20.5,0,3006,10.0,42.0,30.0,0:00:05.837692
2023-01-03 01:12:17.578265,29.0,0.0,1.24,45.0,48.0,20.5,0,0,1702,2787,0,13,8420,11229,2843,29.7,14.0,20.5,0,0,0,100,29.7,20.5,0,3006,10.0,42.0,29.7,0:00:07.094812
2023-01-03 01:12:47.492522,29.0,0.0,1.238,45.0,48.0,20.5,0,0,1702,2787,0,13,8420,11229,2843,29.8,14.0,20.5,0,0,0,100,29.9,20.5,0,3006,10.0,42.0,30.0,0:00:06.889253
2023-01-03 01:13:18.430675,29.0,0.0,1.239,45.0,48.0,20.5,0,0,1702,2787,0,13,8420,11229,2843,29.8,14.0,20.5,0,0,0,100,29.8,20.5,0,3006,10.0,42.0,29.7,0:00:06.912182
2023-01-03 01:13:49.368557,29.0,0.0,1.238,45.0,48.0,20.5,0,0,1702,2787,0,13,8420,11229,2843,29.7,14.0,20.5,0,0,0,100,29.7,20.5,0,3006,10.0,42.0,29.7,0:00:06.911451
2023-01-03 01:14:20.722456,29.0,0.0,1.237,45.0,48.0,20.5,0,0,1702,2787,0,13,8420,11229,2843,29.6,14.0,20.5,0,0,0,100,29.6,20.5,0,3006,10.0,42.0,29.6,0:00:07.328680
2023-01-03 01:14:51.004555,29.0,0.0,1.238,45.0,48.0,20.5,0,0,1702,2787,0,13,8420,11229,2843,29.8,14.0,20.5,0,0,0,100,29.8,20.5,0,3006,10.0,42.0,29.8,0:00:07.257132
2023-01-03 01:15:21.446666,29.0,0.0,1.238,45.0,48.0,20.5,0,0,1702,2787,0,13,8420,11229,2843,29.7,14.0,20.5,0,0,0,100,29.9,20.5,0,3006,10.0,42.0,30.0,0:00:07.418158
2023-01-03 01:15:51.776914,29.0,0.0,1.237,45.0,48.0,20.5,0,0,1702,2787,0,13,8420,11229,2843,29.7,14.0,20.5,0,0,0,100,29.8,20.5,0,3006,10.0,42.0,29.9,0:00:07.305389
2023-01-03 01:16:22.714906,29.0,0.0,1.238,45.0,48.0,20.5,0,0,1702,2787,0,13,8420,11229,2843,29.6,14.0,20.5,0,0,0,100,29.7,20.5,0,3006,10.0,42.0,29.6,0:00:07.912931
2023-01-03 01:16:52.933090,29.0,0.0,1.24,45.0,48.0,20.5,0,0,1702,2787,0,13,8420,11229,2843,29.6,14.0,20.5,0,0,0,100,29.6,20.5,0,3006,10.0,42.0,29.6,0:00:07.193249
2023-01-03 01:17:23.150762,29.0,0.0,1.237,45.0,48.0,20.5,0,0,1702,2787,0,13,8420,11229,2843,29.7,14.0,20.5,0,0,0,100,29.6,20.5,0,3006,10.0,42.0,29.6,0:00:07.193417
2023-01-03 01:17:53.448754,29.0,0.0,1.237,45.0,48.0,20.5,0,0,1702,2787,0,13,8420,11229,2843,29.2,14.0,20.5,0,0,0,100,29.2,20.5,0,3006,10.0,42.0,29.2,0:00:07.273095
2023-01-03 01:18:23.698790,28.9,0.0,1.238,45.0,48.0,20.5,0,0,1702,2787,0,13,8420,11229,2843,29.4,14.0,20.5,0,0,0,100,29.5,20.5,0,3006,10.0,42.0,29.5,0:00:07.225071
2023-01-03 01:18:53.948921,28.9,0.0,1.241,45.0,48.0,20.5,0,0,1702,2787,0,13,8420,11229,2843,29.4,14.0,20.5,0,0,0,100,29.4,20.5,0,3006,10.0,42.0,29.4,0:00:07.225123
2023-01-03 01:19:24.151101,28.9,0.0,1.238,45.0,48.0,20.5,0,0,1702,2787,0,13,8420,11229,2843,29.5,14.0,20.5,0,0,0,100,29.5,20.5,0,3006,10.0,42.0,29.5,0:00:07.177217
2023-01-03 01:19:54.465268,28.9,0.0,1.236,45.0,48.0,20.5,0,0,1702,2787,0,13,8420,11229,2843,29.7,14.0,20.5,0,0,0,100,29.7,20.5,0,3006,10.0,42.0,29.7,0:00:07.289220
2023-01-03 01:20:24.747443,28.9,0.0,1.239,45.0,48.0,20.5,0,0,1702,2787,0,13,8420,11229,2843,29.8,14.0,20.5,0,0,0,100,29.8,20.5,0,3006,10.0,42.0,29.8,0:00:07.257252
2023-01-03 01:20:54.933647,28.9,0.0,1.236,45.0,48.0,20.5,0,0,1702,2787,0,13,8420,11229,2843,29.5,14.0,20.5,0,0,0,100,29.5,20.5,0,3006,10.0,42.0,29.5,0:00:07.161328
2023-01-03 01:21:25.215745,28.9,0.0,1.237,45.0,48.0,20.5,0,0,1702,2787,0,13,8420,11229,2843,30.1,14.0,20.5,0,0,0,100,30.1,20.5,0,3006,10.0,42.0,30.1,0:00:07.258248
2023-01-03 01:21:55.465920,28.9,0.0,1.236,45.0,48.0,20.5,0,0,1702,2787,0,13,8420,11229,2843,29.8,14.0,20.5,0,0,0,100,29.8,20.5,0,3006,10.0,42.0,29.8,0:00:07.225111
2023-01-03 01:22:25.699909,28.9,0.0,1.238,45.0,48.0,20.5,0,0,1702,2787,0,13,8420,11229,2843,29.9,14.0,20.5,0,0,0,100,29.8,20.5,0,3006,10.0,42.0,29.7,0:00:07.208974
2023-01-03 01:22:55.933945,28.9,0.0,1.236,45.0,48.0,20.5,0,0,1702,2787,0,13,8420,11229,2843,29.9,14.0,20.5,0,0,0,100,29.9,20.5,0,3006,10.0,42.0,29.8,0:00:07.209756
2023-01-03 01:23:26.056141,28.9,0.0,1.24,45.0,48.0,20.5,0,0,1702,2787,0,13,8420,11229,2843,29.6,14.0,20.5,0,0,0,100,29.6,20.5,0,3006,10.0,42.0,29.6,0:00:07.097356
2023-01-03 01:23:56.226334,28.8,0.0,1.236,45.0,48.0,20.5,0,0,1702,2787,0,13,8420,11229,2843,29.5,14.0,20.5,0,0,0,100,29.6,20.5,0,3006,10.0,42.0,29.6,0:00:07.145216
2023-01-03 01:24:26.460443,28.8,0.0,1.236,45.0,48.0,20.5,0,0,1702,2787,0,13,8420,11229,2843,30.1,14.0,20.5,0,0,0,100,30.0,20.5,0,3006,10.0,42.0,30.0,0:00:07.209132
2023-01-03 01:24:56.742667,28.8,0.0,1.238,45.0,48.0,20.5,0,0,1702,2787,0,13,8420,11229,2843,30.0,14.0,20.5,0,0,0,100,29.9,20.5,0,3006,10.0,42.0,29.8,0:00:07.257832
2023-01-03 01:25:26.944856,28.8,0.0,1.236,45.0,48.0,20.5,0,0,1702,2787,0,13,8420,11229,2843,29.8,14.0,20.5,0,0,0,100,29.8,20.5,0,3006,10.0,42.0,29.7,0:00:07.177897
2023-01-03 01:25:57.227043,28.8,0.0,1.237,45.0,48.0,20.5,0,0,1702,2787,0,13,8420,11229,2843,29.7,14.0,20.5,0,0,0,100,29.6,20.5,0,3006,10.0,42.0,29.6,0:00:07.257210
2023-01-03 01:26:27.445189,28.8,0.0,1.238,45.0,48.0,20.5,0,0,1702,2787,0,13,8420,11229,2843,29.5,14.0,20.5,0,0,0,100,29.5,20.5,0,3006,10.0,42.0,29.6,0:00:07.193219
2023-01-03 01:26:57.775368,28.8,0.0,1.237,45.0,48.0,20.5,0,0,1702,2787,0,13,8420,11229,2843,29.6,14.0,20.5,0,0,0,100,29.7,20.5,0,3006,10.0,42.0,29.7,0:00:07.305177
2023-01-03 01:27:28.169356,28.8,0.0,1.238,45.0,48.0,20.5,0,0,1702,2787,0,13,8420,11229,2843,30.0,14.0,20.5,0,0,0,100,30.0,20.5,0,3006,10.0,42.0,30.0,0:00:07.369020
2023-01-03 01:27:58.499321,28.7,0.0,1.238,45.0,48.0,20.5,0,0,1702,2787,0,13,8420,11229,2843,29.9,14.0,20.5,0,0,0,100,29.9,20.5,0,3006,10.0,42.0,29.8,0:00:07.305065
2023-01-03 01:28:28.733469,28.7,0.0,1.237,45.0,48.0,20.5,0,0,1702,2787,0,13,8420,11229,2843,30.0,14.0,20.5,0,0,0,100,30.0,20.5,0,3006,10.0,42.0,30.0,0:00:07.209410
2023-01-03 01:28:58.967620,28.8,0.0,1.236,45.0,48.0,20.5,0,0,1702,2787,0,13,8420,11229,2843,29.8,14.0,20.5,0,0,0,100,29.8,20.5,0,3006,10.0,42.0,29.8,0:00:07.209126
2023-01-03 01:29:29.185875,28.7,0.0,1.236,45.0,48.0,20.5,0,0,1702,2787,0,13,8420,11229,2843,29.8,14.0,20.5,0,0,0,100,29.9,20.5,0,3006,10.0,42.0,29.8,0:00:07.193360
2023-01-03 01:29:59.452006,28.8,0.0,1.237,45.0,48.0,20.5,0,0,1702,2787,0,13,8420,11229,2843,30.9,14.0,20.5,0,0,0,100,30.9,20.5,0,3006,10.0,42.0,30.9,0:00:07.241107
2023-01-03 01:30:29.718210,28.8,0.0,1.241,45.0,48.0,20.5,0,0,1702,2787,0,13,8420,11229,2843,30.3,14.0,20.5,0,0,0,100,30.3,20.5,0,3006,9.9,42.0,30.2,0:00:07.241337
2023-01-03 01:30:59.952435,28.7,0.0,1.236,45.0,48.0,20.5,0,0,1702,2787,0,13,8420,11229,2843,30.4,14.0,20.5,0,0,0,100,30.4,20.5,0,3006,9.9,42.0,30.3,0:00:07.209198
2023-01-03 01:31:30.202712,28.7,0.0,1.237,45.0,48.0,20.5,0,0,1702,2787,0,13,8420,11229,2843,29.9,14.0,20.5,0,0,0,100,29.8,20.5,0,3006,9.9,42.0,29.8,0:00:07.225964
2023-01-03 01:32:00.452828,28.7,0.0,1.238,45.0,48.0,20.5,0,0,1702,2787,0,13,8420,11229,2843,29.7,14.0,20.5,0,0,0,100,29.8,20.5,0,3006,9.9,42.0,29.9,0:00:07.225514
2023-01-03 01:32:30.719054,28.7,0.0,1.236,45.0,48.0,20.5,0,0,1702,2787,0,13,8420,11229,2843,30.6,14.0,20.5,0,0,0,100,30.6,20.5,0,3006,9.9,42.0,30.5,0:00:07.241102
2023-01-03 01:33:00.921164,28.8,0.0,1.238,45.0,48.0,20.5,0,0,1702,2787,0,13,8420,11229,2843,30.5,14.0,20.5,0,0,0,100,30.5,20.5,0,3006,9.9,42.0,30.4,0:00:07.176846
2023-01-03 01:33:31.219285,28.7,0.0,1.237,45.0,48.0,20.5,0,0,1702,2787,0,13,8420,11229,2843,29.7,14.0,20.5,0,0,0,100,29.7,20.5,0,3006,9.9,42.0,29.9,0:00:07.274059
2023-01-03 01:34:01.501463,28.7,0.0,1.238,45.0,48.0,20.5,0,0,1702,2787,0,13,8420,11229,2843,30.3,14.0,20.5,0,0,0,100,30.3,20.5,0,3006,9.9,42.0,30.3,0:00:07.257312
2023-01-03 01:34:31.719630,28.8,0.0,1.237,45.0,48.0,20.5,0,0,1702,2787,0,13,8420,11229,2843,29.9,14.0,20.5,0,0,0,100,29.9,20.5,0,3006,9.9,42.0,29.9,0:00:07.195135
2023-01-03 01:35:01.937849,28.8,0.0,1.236,45.0,48.0,20.5,0,0,1702,2787,0,13,8420,11229,2843,29.9,14.0,20.5,0,0,0,100,30.0,20.5,0,3006,9.9,42.0,30.0,0:00:07.194862
2023-01-03 01:35:32.155986,28.7,0.0,1.238,45.0,48.0,20.5,0,0,1702,2787,0,13,8420,11229,2843,30.3,14.0,20.5,0,0,0,100,30.3,20.5,0,3006,10.0,42.0,30.3,0:00:07.193227
2023-01-03 01:36:02.534196,28.7,0.0,1.237,45.0,48.0,20.5,0,0,1702,2787,0,13,8420,11229,2843,30.2,14.0,20.5,0,0,0,100,30.2,20.5,0,3006,10.0,42.0,30.2,0:00:07.353248
2023-01-03 01:36:32.720293,28.8,0.0,1.235,45.0,48.0,20.5,0,0,1702,2787,0,13,8420,11229,2843,30.1,14.0,20.5,0,0,0,100,30.1,20.5,0,3006,10.0,42.0,30.0,0:00:07.162535
2023-01-03 01:37:02.922432,28.8,0.0,1.238,45.0,48.0,20.5,0,0,1702,2787,0,13,8420,11229,2843,29.7,14.0,20.5,0,0,0,100,29.8,20.5,0,3006,10.0,42.0,29.8,0:00:07.177187
2023-01-03 01:37:33.156553,28.8,0.0,1.238,45.0,48.0,20.5,0,0,1702,2787,0,13,8420,11229,2843,29.7,14.0,20.5,0,0,0,100,29.8,20.5,0,3006,10.0,42.0,29.7,0:00:07.209665
2023-01-03 01:38:03.391158,28.8,0.0,1.237,45.0,48.0,20.5,0,0,1702,2787,0,13,8420,11229,2843,30.2,14.0,20.5,0,0,0,100,30.2,20.5,None,None,None,None,None,0:00:07.210213
2023-01-03 01:38:33.752889,28.8,0.0,1.238,45.0,48.0,20.5,0,0,1702,2787,0,13,8420,11229,2843,30.0,14.0,20.5,0,0,0,100,30.0,20.5,0,3006,10.0,42.0,30.2,0:00:07.337137
2023-01-03 01:39:03.955000,28.8,0.0,1.235,45.0,48.0,20.5,0,0,1702,2787,0,13,8420,11229,2843,30.1,14.0,20.5,0,0,0,100,30.1,20.5,0,3006,10.0,42.0,30.0,0:00:07.177593
2023-01-03 01:39:34.173021,28.8,0.0,1.238,45.0,48.0,20.5,0,0,1702,2787,0,13,8420,11229,2843,29.7,14.0,20.5,0,0,0,100,29.8,20.5,0,3006,10.0,42.0,29.7,0:00:07.193856
2023-01-03 01:40:04.471288,28.8,0.0,1.237,45.0,48.0,20.5,0,0,1702,2787,0,13,8420,11229,2843,30.1,14.0,20.5,0,0,0,100,30.1,20.5,0,3006,10.0,42.0,30.1,0:00:07.273389
2023-01-03 01:40:34.737406,28.8,0.0,1.239,45.0,48.0,20.5,0,0,1702,2787,0,13,8420,11229,2843,30.8,14.0,20.5,0,0,0,100,30.8,20.5,0,3006,10.0,42.0,30.8,0:00:07.241767
2023-01-03 01:41:04.955664,28.8,0.0,1.236,45.0,48.0,20.5,0,0,1702,2787,0,13,8420,11229,2843,30.5,14.0,20.5,0,0,0,100,30.5,20.5,0,3006,10.0,42.0,30.5,0:00:07.193390
2023-01-03 01:41:35.157750,28.8,0.0,1.237,45.0,48.0,20.5,0,0,1702,2787,0,13,8420,11229,2843,30.3,14.0,20.5,0,0,0,100,30.3,20.5,0,3006,10.0,42.0,30.3,0:00:07.177843
2023-01-03 01:42:05.487853,28.8,0.0,1.237,45.0,48.0,20.5,0,0,1702,2787,0,13,8420,11229,2843,29.8,14.0,20.5,0,0,0,100,29.8,20.5,0,3006,10.0,42.0,29.9,0:00:07.305839
2023-01-03 01:42:35.689840,28.9,0.0,1.236,45.0,48.0,20.5,0,0,1702,2787,0,13,8420,11229,2843,29.8,14.0,20.5,0,0,0,100,29.8,20.5,0,3006,10.0,42.0,29.7,0:00:07.176966
2023-01-03 01:43:05.956091,28.9,0.0,1.237,45.0,48.0,20.5,0,0,1702,2787,0,13,8420,11229,2843,30.4,14.0,20.5,0,0,0,100,30.4,20.5,0,3006,10.0,42.0,30.4,0:00:07.242267
2023-01-03 01:43:36.189867,28.9,0.0,1.238,45.0,48.0,20.5,0,0,1702,2787,0,13,8420,11229,2843,30.1,14.0,20.5,0,0,0,100,30.1,20.5,0,3006,10.0,42.0,30.0,0:00:07.208786
2023-01-03 01:44:06.455827,28.9,0.0,1.236,45.0,48.0,20.5,0,0,1702,2787,0,13,8420,11229,2843,30.5,14.0,20.5,0,0,0,100,30.5,20.5,0,3006,10.0,42.0,30.5,0:00:07.241474
2023-01-03 01:44:36.689955,28.9,0.0,1.238,45.0,48.0,20.5,0,0,1702,2787,0,13,8420,11229,2843,30.0,14.0,20.5,0,0,0,100,30.0,20.5,0,3006,10.0,42.0,30.0,0:00:07.209274
2023-01-03 01:45:07.675977,28.9,0.0,1.238,45.0,48.0,20.5,0,0,1702,2787,0,13,8420,11229,2843,30.5,14.0,20.5,0,0,0,100,30.5,20.5,0,3006,10.0,42.0,30.4,0:00:07.961860
2023-01-03 01:45:37.734136,28.9,0.0,1.235,45.0,48.0,20.5,0,0,1702,2787,0,13,8420,11229,2843,30.1,14.0,20.5,0,0,0,100,30.0,20.5,0,3006,10.0,42.0,30.0,0:00:07.034243
2023-01-03 01:46:07.952257,28.9,0.0,1.237,44.9,48.0,20.5,0,0,1702,2787,0,13,8420,11229,2843,30.0,14.0,20.5,0,0,0,100,30.0,20.5,0,3006,10.0,42.0,30.0,0:00:07.193423
2023-01-03 01:46:38.170327,28.9,0.0,1.237,44.9,48.0,20.5,0,0,1702,2787,0,13,8420,11229,2843,29.7,14.0,20.5,0,0,0,100,29.6,20.5,0,3006,10.0,42.0,29.6,0:00:07.193667
2023-01-03 01:47:08.211901,28.9,0.0,1.237,44.9,48.0,20.5,0,0,1702,2787,0,13,8420,11229,2843,29.6,14.0,20.5,0,0,0,100,29.5,20.5,0,3006,10.0,42.0,29.5,0:00:07.017370
2023-01-03 01:47:38.270011,28.9,0.0,1.236,44.9,48.0,20.5,0,0,1702,2787,0,13,8420,11229,2843,29.5,14.0,20.5,0,0,0,100,29.5,20.5,0,3006,10.0,42.0,29.5,0:00:07.034091
2023-01-03 01:48:08.536506,28.9,0.0,1.235,None,None,None,None,None,None,None,None,None,None,None,None,None,None,None,None,0,0,100,29.6,20.5,0,3006,10.0,42.0,29.5,0:00:07.241486
2023-01-03 01:48:38.706285,28.9,0.0,1.237,44.9,48.0,20.5,0,0,1702,2787,0,13,8420,11229,2843,29.7,14.0,20.5,0,0,0,100,29.7,20.5,0,3006,10.0,42.0,29.7,0:00:07.145355
2023-01-03 01:49:08.988423,28.9,0.0,1.237,44.9,48.0,20.5,0,0,1702,2787,0,13,8420,11229,2843,30.1,14.0,20.5,0,0,0,100,30.0,20.5,0,3006,10.0,42.0,29.9,0:00:07.257349
2023-01-03 01:49:39.206535,28.9,0.0,1.238,44.9,48.0,20.5,0,0,1702,2787,0,13,8420,11229,2843,30.1,14.0,20.5,0,0,0,100,30.1,20.5,0,3006,10.0,42.0,30.1,0:00:07.193771
2023-01-03 01:50:09.520761,28.9,0.0,1.238,44.9,48.0,20.5,0,0,1702,2787,0,13,8420,11229,2843,30.2,14.0,20.5,0,0,0,100,30.1,20.5,0,3006,10.0,42.0,30.0,0:00:07.289343
2023-01-03 01:50:39.706689,28.9,0.0,1.237,44.9,48.0,20.5,0,0,1702,2787,0,13,8420,11229,2843,30.0,14.0,20.5,0,0,0,100,30.0,20.5,0,3006,10.0,42.0,30.1,0:00:07.160987
2023-01-03 01:51:09.924594,28.9,0.0,1.238,44.9,48.0,20.5,0,0,1702,2787,0,13,8420,11229,2843,29.7,14.0,20.5,0,0,0,100,29.7,20.5,0,3006,10.0,42.0,29.8,0:00:07.193120
2023-01-03 01:51:40.158767,28.9,0.0,1.237,44.9,48.0,20.5,0,0,1702,2787,0,13,8420,11229,2843,29.6,14.0,20.5,0,0,0,100,29.6,20.5,0,3006,10.0,42.0,29.6,0:00:07.209372
2023-01-03 01:52:10.728890,28.9,0.0,1.238,44.9,48.0,20.5,0,0,1702,2787,0,13,8420,11229,2843,30.4,14.0,20.5,0,0,0,100,30.4,20.5,0,3006,10.0,42.0,30.4,0:00:07.545160
2023-01-03 01:52:40.947129,28.9,0.0,1.238,44.9,48.0,20.5,0,0,1702,2787,0,13,8420,11229,2843,29.9,14.0,20.5,0,0,0,100,29.9,20.5,0,3006,10.0,42.0,29.9,0:00:07.193407
2023-01-03 01:53:11.197267,28.9,0.0,1.238,44.9,48.0,20.5,0,0,1702,2787,0,13,8420,11229,2843,30.2,14.0,20.5,0,0,0,100,30.2,20.5,0,3006,10.0,42.0,30.1,0:00:07.225268
2023-01-03 01:53:41.319422,28.9,0.0,1.238,44.9,48.0,20.5,0,0,1702,2787,0,13,8420,11229,2843,30.0,14.0,20.5,0,0,0,100,30.1,20.5,0,3006,10.0,42.0,30.0,0:00:07.097180
2023-01-03 01:54:11.745495,28.9,0.0,1.235,44.9,48.0,20.5,0,0,1702,2787,0,13,8420,11229,2843,29.9,14.0,20.5,0,0,0,100,29.9,20.5,0,3006,10.0,42.0,29.8,0:00:07.416971
2023-01-03 01:54:41.963672,28.9,0.0,1.238,44.9,48.0,20.5,0,0,1702,2787,0,13,8420,11229,2843,29.9,14.0,20.5,0,0,0,100,29.8,20.5,0,3006,10.0,42.0,29.7,0:00:07.193817
2023-01-03 01:55:12.181191,28.9,0.0,1.237,44.9,48.0,20.5,0,0,1702,2787,0,13,8420,11229,2843,29.8,14.0,20.5,0,0,0,100,29.8,20.5,0,3006,10.0,42.0,29.7,0:00:07.193442
2023-01-03 01:55:42.207345,28.9,0.0,1.237,44.9,48.0,20.5,0,0,1702,2787,0,13,8420,11229,2843,29.6,14.0,20.5,0,0,0,100,29.6,20.5,0,3006,10.0,42.0,29.6,0:00:07.001382
2023-01-03 01:56:12.473455,28.9,0.0,1.236,44.9,48.0,20.5,0,0,1702,2787,0,13,8420,11229,2843,29.6,14.0,20.5,0,0,0,100,29.6,20.5,0,3006,10.0,42.0,29.6,0:00:07.241796
2023-01-03 01:56:42.691612,28.9,0.0,1.237,44.9,48.0,20.5,0,0,1702,2787,0,13,8420,11229,2843,29.7,14.0,20.5,0,0,0,100,29.7,20.5,0,3006,10.0,42.0,29.8,0:00:07.193158
2023-01-03 01:57:12.973688,28.9,0.0,1.237,44.9,48.0,20.5,0,0,1702,2787,0,13,8420,11229,2843,29.8,14.0,20.5,0,0,0,100,29.9,20.5,0,3006,10.0,42.0,30.0,0:00:07.257217
2023-01-03 01:57:43.191921,28.9,0.0,1.238,44.9,48.0,20.5,0,0,1702,2787,0,13,8420,11229,2843,29.5,14.0,20.5,0,0,0,100,29.5,20.5,0,3006,10.0,42.0,29.5,0:00:07.191370
2023-01-03 01:58:13.537729,28.9,0.0,1.237,44.9,48.0,20.5,0,0,1702,2787,0,13,8420,11229,2843,29.5,14.0,20.5,0,0,0,100,29.5,20.5,0,3006,10.0,42.0,29.6,0:00:07.320908
2023-01-03 01:58:43.739751,28.9,0.0,1.238,44.9,48.0,20.5,0,0,1702,2787,0,13,8420,11229,2843,29.5,14.0,20.5,0,0,0,100,29.5,20.5,0,3006,10.0,42.0,29.7,0:00:07.177024
2023-01-03 01:59:13.973918,28.9,0.0,1.237,44.9,48.0,20.5,0,0,1702,2787,0,13,8420,11229,2843,29.6,14.0,20.5,0,0,0,100,29.6,20.5,0,3006,10.0,42.0,29.5,0:00:07.209129
2023-01-03 01:59:44.175973,28.9,0.0,1.237,44.9,48.0,20.5,0,0,1702,2787,0,13,8420,11229,2843,29.5,14.0,20.5,0,0,0,100,29.5,20.5,0,3006,10.0,42.0,29.5,0:00:07.177176
2023-01-03 02:00:14.474211,28.9,0.0,1.238,44.9,48.0,20.5,0,0,1702,2787,0,13,8420,11229,2843,29.8,14.0,20.5,0,0,0,100,29.8,20.5,0,3006,10.0,42.0,29.8,0:00:07.273344
2023-01-03 02:00:44.708401,28.9,0.0,1.238,44.9,48.0,20.5,0,0,1702,2787,0,13,8420,11229,2843,29.5,14.0,20.5,0,0,0,100,29.5,20.5,0,3006,10.0,42.0,29.5,0:00:07.210647
2023-01-03 02:01:14.958477,28.9,0.0,1.236,44.9,48.0,20.5,0,0,1702,2787,0,13,8420,11229,2843,29.9,13.5,20.5,0,0,0,100,29.9,20.5,0,3006,10.0,42.0,30.0,0:00:07.225161
2023-01-03 02:01:45.160670,28.9,0.0,1.238,44.9,48.0,20.5,0,0,1702,2787,0,13,8420,11229,2843,29.6,14.0,20.5,0,0,0,100,29.6,20.5,0,3006,10.0,42.0,29.5,0:00:07.177229
2023-01-03 02:02:15.490612,28.9,0.0,1.236,44.9,48.0,20.5,0,0,1702,2787,0,13,8420,11229,2843,30.0,14.0,20.5,0,0,0,100,30.0,20.5,0,3006,10.0,42.0,29.9,0:00:07.305810
2023-01-03 02:02:45.708652,28.8,0.0,1.237,44.9,48.0,20.5,0,0,1702,2787,0,13,8420,11229,2843,29.8,14.0,20.5,0,0,0,100,29.8,20.5,0,3006,10.0,42.0,29.8,0:00:07.193103
2023-01-03 02:03:15.910914,28.8,0.0,1.237,44.9,48.0,20.5,0,0,1702,2787,0,13,8420,11229,2843,29.3,14.0,20.5,0,0,0,100,29.3,20.5,0,3006,10.0,42.0,29.3,0:00:07.177856
2023-01-03 02:03:46.193101,28.8,0.0,1.235,44.9,48.0,20.5,0,0,1702,2787,0,13,8420,11229,2843,29.4,14.0,20.5,0,0,0,100,29.3,20.5,0,3006,10.0,42.0,29.3,0:00:07.257277
2023-01-03 02:04:16.475316,28.8,0.0,1.238,44.9,48.0,20.5,0,0,1702,2787,0,13,8420,11229,2843,29.4,14.0,20.5,0,0,0,100,29.4,20.5,0,3006,10.0,42.0,29.4,0:00:07.257392
2023-01-03 02:04:46.693719,28.8,0.0,1.237,44.9,48.0,20.5,0,0,1702,2787,0,13,8420,11229,2843,29.5,14.0,20.5,0,0,0,100,29.5,20.5,0,3006,10.0,42.0,29.5,0:00:07.194918
2023-01-03 02:05:17.151442,28.8,0.0,1.24,44.9,48.0,20.5,0,0,1702,2787,0,13,8420,11229,2843,29.5,14.0,20.5,0,0,0,100,29.5,20.5,0,3006,10.0,42.0,29.4,0:00:07.437897
2023-01-03 02:05:47.257622,28.8,0.0,1.238,44.9,48.0,20.5,0,0,1702,2787,0,13,8420,11229,2843,29.1,14.0,20.5,0,0,0,100,29.1,20.5,0,3006,10.0,42.0,29.2,0:00:07.081346
2023-01-03 02:06:17.587720,28.8,0.0,1.235,44.9,48.0,20.5,0,0,1702,2787,0,13,8420,11229,2843,29.4,14.0,20.5,0,0,0,100,29.4,20.5,0,3006,10.0,42.0,29.4,0:00:07.305195
2023-01-03 02:06:47.981786,28.8,0.0,1.237,44.9,48.0,20.5,0,0,1702,2787,0,13,8420,11229,2843,29.6,13.5,20.5,0,0,0,100,29.5,20.5,0,3006,10.0,42.0,29.5,0:00:07.369794
2023-01-03 02:07:18.343938,28.8,0.0,1.236,44.9,48.0,20.5,0,0,1702,2787,0,13,8420,11229,2843,29.6,14.0,20.5,0,0,0,100,29.6,20.5,0,3006,10.0,42.0,29.5,0:00:07.337173
2023-01-03 02:07:48.450152,28.8,0.0,1.237,44.9,48.0,20.5,0,0,1702,2787,0,13,8420,11229,2843,29.8,13.5,20.5,0,0,0,100,29.8,20.5,0,3006,10.0,42.0,29.9,0:00:07.081287
2023-01-03 02:08:18.876241,28.8,0.0,1.238,44.9,48.0,20.5,0,0,1702,2787,0,13,8420,11229,2843,29.8,14.0,20.5,0,0,0,100,29.7,20.5,0,3006,10.0,42.0,29.7,0:00:07.402111
2023-01-03 02:08:49.190358,28.8,0.0,1.237,44.9,48.0,20.5,0,0,1702,2787,0,13,8420,11229,2843,29.8,13.5,20.5,0,0,0,100,29.8,20.5,0,3006,10.0,42.0,29.8,0:00:07.289147
2023-01-03 02:09:19.232452,28.7,0.0,1.237,44.9,48.0,20.5,0,0,1702,2787,0,13,8420,11229,2843,29.9,14.0,20.5,0,0,0,100,30.0,20.5,0,3006,10.0,42.0,30.1,0:00:07.017922
2023-01-03 02:09:49.242649,28.8,0.0,1.236,44.9,48.0,20.5,0,0,1702,2787,0,13,8420,11229,2843,30.1,13.6,20.5,0,0,0,100,30.0,20.5,0,3006,10.0,42.0,30.0,0:00:06.985380
2023-01-03 02:10:19.508736,28.7,0.0,1.237,44.9,48.0,20.5,0,0,1702,2787,0,13,8420,11229,2843,29.9,13.5,20.5,0,0,0,100,29.9,20.5,0,3006,10.0,42.0,29.8,0:00:07.241001
2023-01-03 02:10:49.758687,28.7,0.0,1.242,44.9,48.0,20.5,0,0,1702,2787,0,13,8420,11229,2843,29.8,13.5,20.5,0,0,0,100,29.8,20.5,0,3006,10.0,42.0,29.7,0:00:07.224960
2023-01-03 02:11:20.008756,28.7,0.0,1.236,44.9,48.0,20.5,0,0,1702,2787,0,13,8420,11229,2843,29.5,14.0,20.5,0,0,0,100,29.4,20.5,0,3006,10.0,42.0,29.4,0:00:07.225217
2023-01-03 02:11:50.162835,28.7,0.0,1.236,44.9,48.0,20.5,0,0,1702,2787,0,13,8420,11229,2843,29.6,13.5,20.5,0,0,0,100,29.6,20.5,0,3006,10.0,42.0,29.6,0:00:07.129388
2023-01-03 02:12:21.116907,28.7,0.0,1.238,44.9,48.0,20.5,0,0,1702,2787,0,13,8420,11229,2843,29.6,14.0,20.5,0,0,0,100,29.5,20.5,0,3006,10.0,42.0,29.5,0:00:07.930962
2023-01-03 02:12:51.238815,28.7,0.0,1.237,44.9,48.0,20.5,0,0,1702,2787,0,13,8420,11229,2843,29.8,13.5,20.5,0,0,0,100,29.8,20.5,0,3006,10.0,42.0,29.8,0:00:07.097842
2023-01-03 02:13:21.408853,28.7,0.0,1.237,44.9,48.0,20.5,0,0,1702,2787,0,13,8420,11229,2843,29.8,13.8,20.5,0,0,0,100,29.8,20.5,0,3006,10.0,42.0,29.7,0:00:07.144967
2023-01-03 02:13:51.466987,28.7,0.0,1.24,44.9,48.0,20.5,0,0,1702,2787,0,13,8420,11229,2843,29.4,13.5,20.5,0,0,0,100,29.4,20.5,0,3006,10.0,42.0,29.3,0:00:07.033313
2023-01-03 02:14:21.893127,28.7,0.0,1.236,44.9,48.0,20.5,0,0,1702,2787,0,13,8420,11229,2843,29.5,13.5,20.5,0,0,0,100,29.5,20.5,0,3006,10.0,42.0,29.5,0:00:07.401131
2023-01-03 02:14:52.175359,28.6,0.0,1.236,44.9,48.0,20.5,0,0,1702,2787,0,13,8420,11229,2843,29.6,13.5,20.5,0,0,0,100,29.6,20.5,0,3006,10.0,42.0,29.7,0:00:07.258054
2023-01-03 02:15:22.377033,28.7,0.0,1.238,44.9,48.0,20.5,0,0,1702,2787,0,13,8420,11229,2843,29.7,13.5,20.5,0,0,0,100,29.7,20.5,0,3006,10.0,42.0,29.6,0:00:07.177775
2023-01-03 02:15:52.418815,28.6,0.0,1.237,44.9,48.0,20.5,0,0,1702,2787,0,13,8420,11229,2843,29.6,13.5,20.5,0,0,0,100,29.6,20.5,0,3006,10.0,42.0,29.5,0:00:07.017324
2023-01-03 02:16:22.972996,28.6,0.0,1.235,44.9,48.0,20.5,0,0,1702,2787,0,13,8420,11229,2843,29.7,13.5,20.5,0,0,0,100,29.7,20.5,0,3006,10.0,42.0,29.9,0:00:07.529354
2023-01-03 02:16:53.207166,28.6,0.0,1.237,44.9,48.0,20.5,0,0,1702,2787,0,13,8420,11229,2843,29.7,13.5,20.5,0,0,0,100,29.7,20.5,0,3006,10.0,42.0,29.7,0:00:07.209411
2023-01-03 02:17:23.265442,28.6,0.0,1.236,44.9,48.0,20.5,0,0,1702,2787,0,13,8420,11229,2843,29.9,13.5,20.5,0,0,0,100,29.9,20.5,0,3006,10.0,42.0,29.9,0:00:07.033973
2023-01-03 02:17:53.371707,28.6,0.0,1.237,44.9,48.0,20.5,0,0,1702,2787,0,13,8420,11229,2843,29.8,13.5,20.5,0,0,0,100,29.8,20.5,0,3006,10.0,42.0,29.8,0:00:07.081042
2023-01-03 02:18:23.701152,28.6,0.0,1.235,44.9,48.0,20.5,0,0,1702,2787,0,13,8420,11229,2843,29.5,13.5,20.5,0,0,0,100,29.5,20.5,0,3006,10.0,42.0,29.5,0:00:07.317491
2023-01-03 02:18:53.983426,28.6,0.0,1.236,44.9,48.0,20.5,0,0,1702,2787,0,13,8420,11229,2843,29.8,13.5,20.5,0,0,0,100,29.7,20.5,0,3006,10.0,42.0,29.7,0:00:07.257827
2023-01-03 02:19:24.489337,28.6,0.0,1.237,44.9,48.0,20.5,0,0,1702,2787,0,13,8420,11229,2843,29.9,14.0,20.5,0,0,0,100,29.9,20.5,0,3006,10.0,42.0,29.8,0:00:07.480946
2023-01-03 02:19:54.531553,28.6,0.0,1.237,44.9,48.0,20.5,0,0,1702,2787,0,13,8420,11229,2843,30.2,13.5,20.5,0,0,0,100,30.2,20.5,0,3006,10.0,42.0,30.2,0:00:07.017376
2023-01-03 02:20:24.717774,28.6,0.0,1.236,44.9,48.0,20.5,0,0,1702,2787,0,13,8420,11229,2843,29.8,13.5,20.5,0,0,0,100,29.8,20.5,0,3006,10.0,42.0,29.7,0:00:07.162196
2023-01-03 02:20:54.951849,28.6,0.0,1.237,44.9,48.0,20.5,0,0,1702,2787,0,13,8420,11229,2843,29.5,13.5,20.5,0,0,0,100,29.5,20.5,0,3006,10.0,42.0,29.5,0:00:07.209800
2023-01-03 02:21:25.170105,28.6,0.0,1.235,44.9,48.0,20.5,0,0,1702,2787,0,13,8420,11229,2843,30.0,13.5,20.5,0,0,0,100,30.0,20.5,0,3006,10.0,42.0,30.1,0:00:07.194105
2023-01-03 02:21:55.244348,28.6,0.0,1.236,44.9,48.0,20.5,0,0,1702,2787,0,13,8420,11229,2843,29.7,13.5,20.5,0,0,0,100,29.8,20.5,0,3006,10.0,42.0,29.8,0:00:07.049238
2023-01-03 02:22:25.478397,28.6,0.0,1.236,44.9,48.0,20.5,0,0,1702,2787,0,13,8420,11229,2843,30.0,13.5,20.5,0,0,0,100,30.0,20.5,0,3006,10.0,42.0,30.0,0:00:07.209083
2023-01-03 02:22:55.712384,28.6,0.0,1.236,44.9,48.0,20.5,0,0,1702,2787,0,13,8420,11229,2843,30.1,13.5,20.5,0,0,0,100,30.0,20.5,0,3006,10.0,42.0,30.0,0:00:07.209074
2023-01-03 02:23:25.946555,28.6,0.0,1.236,44.9,48.0,20.5,0,0,1702,2787,0,13,8420,11229,2843,29.8,13.5,20.5,0,0,0,100,29.8,20.5,0,3006,10.0,42.0,29.7,0:00:07.209464
2023-01-03 02:23:56.196699,28.6,0.0,1.244,44.9,48.0,20.5,0,0,1702,2787,0,13,8420,11229,2843,30.4,13.5,20.5,0,0,0,100,30.5,20.5,0,3006,10.0,42.0,30.5,0:00:07.225734
2023-01-03 02:24:26.510803,28.6,0.0,1.237,44.9,48.0,20.5,0,0,1702,2787,0,13,8420,11229,2843,30.0,13.5,20.5,0,0,0,100,30.0,20.5,0,3006,10.0,42.0,30.0,0:00:07.289080
2023-01-03 02:24:56.664932,28.6,0.0,1.238,44.9,48.0,20.5,0,0,1702,2787,0,13,8420,11229,2843,30.3,13.5,20.5,0,0,0,100,30.3,20.5,0,3006,10.0,42.0,30.3,0:00:07.129762
2023-01-03 02:25:26.947076,28.7,0.0,1.235,44.9,48.0,20.5,0,0,1702,2787,0,13,8420,11229,2843,29.9,13.5,20.5,0,0,0,100,29.9,20.5,0,3006,9.9,42.0,29.8,0:00:07.257222
2023-01-03 02:25:57.165073,28.6,0.0,1.236,44.9,48.0,20.5,0,0,1702,2787,0,13,8420,11229,2843,29.9,13.5,20.5,0,0,0,100,29.8,20.5,0,3006,9.9,42.0,29.8,0:00:07.193102
2023-01-03 02:26:27.447270,28.7,0.0,1.236,44.9,48.0,20.5,0,0,1702,2787,0,13,8420,11229,2843,30.0,13.5,20.5,0,0,0,100,30.0,20.5,0,3006,9.9,42.0,30.0,0:00:07.257368
2023-01-03 02:26:57.729265,28.6,0.0,1.236,44.9,48.0,20.5,0,0,1702,2787,0,13,8420,11229,2843,30.1,13.5,20.5,0,0,0,100,30.1,20.5,0,3006,9.9,42.0,30.2,0:00:07.257042
2023-01-03 02:27:27.963428,28.6,0.0,1.236,44.8,48.0,20.5,0,0,1702,2787,0,13,8420,11229,2843,30.0,14.0,20.5,0,0,0,100,29.9,20.5,0,3006,9.9,42.0,29.9,0:00:07.209341
2023-01-03 02:27:58.213878,28.6,0.0,1.237,44.9,48.0,20.5,0,0,1702,2787,0,13,8420,11229,2843,29.7,13.5,20.5,0,0,0,100,29.7,20.5,0,3006,9.9,42.0,29.7,0:00:07.225431
2023-01-03 02:28:28.479785,28.6,0.0,1.238,44.8,48.0,20.5,0,0,1702,2787,0,13,8420,11229,2843,29.8,13.5,20.5,0,0,0,100,29.8,20.5,0,3006,9.9,42.0,29.7,0:00:07.240960
2023-01-03 02:28:58.713973,28.7,0.0,1.238,44.8,48.0,20.5,0,0,1702,2787,0,13,8420,11229,2843,29.9,13.5,20.5,0,0,0,100,29.9,20.5,0,3006,9.9,42.0,29.8,0:00:07.209253
2023-01-03 02:29:28.964114,28.7,0.0,1.235,44.8,48.0,20.5,0,0,1702,2787,0,13,8420,11229,2843,29.7,13.5,20.5,0,0,0,100,29.7,20.5,0,3006,9.9,42.0,29.6,0:00:07.225134
2023-01-03 02:29:59.150338,28.7,0.0,1.238,44.8,48.0,20.5,0,0,1702,2787,0,13,8420,11229,2843,29.9,13.5,20.5,0,0,0,100,29.9,20.5,0,3006,9.9,42.0,29.9,0:00:07.161331
2023-01-03 02:30:29.496377,28.7,0.0,1.235,44.8,48.0,20.5,0,0,1702,2787,0,13,8420,11229,2843,30.1,13.5,20.5,0,0,0,100,30.1,20.5,0,3006,9.9,42.0,30.1,0:00:07.321866
2023-01-03 02:30:59.714432,28.7,0.0,1.236,44.8,48.0,20.5,0,0,1702,2787,0,13,8420,11229,2843,29.9,13.5,20.5,0,0,0,100,29.9,20.5,0,3006,9.9,42.0,29.8,0:00:07.193281
2023-01-03 02:31:29.964479,28.7,0.0,1.236,44.8,48.0,20.5,0,0,1702,2787,0,13,8420,11229,2843,29.7,13.5,20.5,0,0,0,100,29.8,20.5,0,3006,9.9,42.0,29.9,0:00:07.224991
2023-01-03 02:32:00.150557,28.7,0.0,1.238,44.8,48.0,20.5,0,0,1702,2787,0,13,8420,11229,2843,29.7,13.5,20.5,0,0,0,100,29.7,20.5,0,3006,9.9,42.0,29.7,0:00:07.161216
2023-01-03 02:32:30.496593,28.7,0.0,1.236,44.8,48.0,20.5,0,0,1702,2787,0,13,8420,11229,2843,30.3,13.5,20.5,0,0,0,100,30.2,20.5,0,3006,9.9,42.0,30.2,0:00:07.321764
2023-01-03 02:33:00.698804,28.7,0.0,1.237,44.8,48.0,20.5,0,0,1702,2787,0,13,8420,11229,2843,30.2,13.5,20.5,0,0,0,100,30.2,20.5,0,3006,9.9,42.0,30.0,0:00:07.177204
2023-01-03 02:33:30.948510,28.7,0.0,1.236,44.8,48.0,20.5,0,0,1702,2787,0,13,8420,11229,2843,29.8,13.5,20.5,0,0,0,100,29.8,20.5,0,3006,9.9,42.0,29.8,0:00:07.224750
2023-01-03 02:34:01.246252,28.8,0.0,1.236,44.8,48.0,20.5,0,0,1702,2787,0,13,8420,11229,2843,29.6,13.5,20.5,0,0,0,100,29.6,20.5,0,3006,9.9,42.0,29.6,0:00:07.273195
2023-01-03 02:34:31.496382,28.7,0.0,1.237,44.8,48.0,20.5,0,0,1702,2787,0,13,8420,11229,2843,30.3,13.5,20.5,0,0,0,100,30.3,20.5,0,3006,9.9,42.0,30.3,0:00:07.225686
2023-01-03 02:35:01.746603,28.7,0.0,1.236,44.8,48.0,20.5,0,0,1702,2787,0,13,8420,11229,2843,30.2,13.5,20.5,0,0,0,100,30.2,20.5,0,3006,9.9,42.0,30.1,0:00:07.225283
2023-01-03 02:35:31.964636,28.7,0.0,1.236,44.8,48.0,20.5,0,0,1702,2787,0,13,8420,11229,2843,30.4,13.5,20.5,0,0,0,100,30.3,20.5,0,3006,9.9,42.0,30.2,0:00:07.194127
2023-01-03 02:36:02.150810,28.8,0.0,1.236,44.8,48.0,20.5,0,0,1702,2787,0,13,8420,11229,2843,29.7,13.5,20.5,0,0,0,100,29.7,20.5,0,3006,9.9,42.0,29.7,0:00:07.161295
2023-01-03 02:36:32.448942,28.8,0.0,1.235,44.8,48.0,20.5,0,0,1702,2787,0,13,8420,11229,2843,29.9,13.5,20.5,0,0,0,100,29.9,20.5,0,3006,9.9,42.0,29.8,0:00:07.273276
2023-01-03 02:37:02.747203,28.8,0.0,1.236,44.8,48.0,20.5,0,0,1702,2787,0,13,8420,11229,2843,29.9,13.5,20.5,0,0,0,100,29.9,20.5,0,3006,9.9,42.0,29.8,0:00:07.273466
2023-01-03 02:37:32.965390,28.8,0.0,1.237,44.8,48.0,20.5,0,0,1702,2787,0,13,8420,11229,2843,29.8,13.5,20.5,0,0,0,100,29.9,20.5,0,3006,9.9,42.0,29.9,0:00:07.193215
2023-01-03 02:38:03.120853,28.8,0.0,1.237,44.8,48.0,20.5,0,0,1702,2787,0,13,8420,11229,2843,29.7,13.5,20.5,0,0,0,100,29.7,20.5,0,None,None,None,None,0:00:07.130598
2023-01-03 02:38:33.465750,28.8,0.0,1.236,44.8,48.0,20.5,0,0,1702,2787,0,13,8420,11229,2843,29.9,13.5,20.5,0,0,0,100,29.9,20.5,0,3006,9.9,42.0,29.9,0:00:07.320182
2023-01-03 02:39:03.795752,28.8,0.0,1.237,44.8,48.0,20.5,0,0,1702,2787,0,13,8420,11229,2843,29.8,13.5,20.5,0,0,0,100,29.8,20.5,0,3006,9.9,42.0,29.9,0:00:07.305039
2023-01-03 02:39:34.189804,28.8,0.0,1.237,44.8,48.0,20.5,0,0,1702,2787,0,13,8420,11229,2843,30.0,13.5,20.5,0,0,0,100,30.0,20.5,0,3006,9.9,42.0,30.0,0:00:07.369953
2023-01-03 02:40:04.248023,28.8,0.0,1.237,44.8,48.0,20.5,0,0,1702,2787,0,13,8420,11229,2843,29.7,13.5,20.5,0,0,0,100,29.7,20.5,0,3006,10.0,42.0,29.7,0:00:07.033527
2023-01-03 02:40:34.482208,28.8,0.0,1.237,44.8,48.0,20.5,0,0,1702,2787,0,13,8420,11229,2843,29.7,13.5,20.5,0,0,0,100,29.7,20.5,0,3006,10.0,42.0,29.7,0:00:07.209319
2023-01-03 02:41:05.660225,28.8,0.0,1.236,44.8,48.0,20.5,0,0,1702,2787,0,13,8420,11229,2843,29.7,13.5,20.5,0,0,0,100,29.7,20.5,0,3006,10.0,42.0,29.7,0:00:08.154484
2023-01-03 02:41:34.934635,28.8,0.0,1.236,44.8,48.0,20.5,0,0,1702,2787,0,13,8420,11229,2843,29.6,13.5,20.5,0,0,0,100,29.7,20.5,0,3006,10.0,42.0,29.9,0:00:07.251413
2023-01-03 02:42:05.232878,28.8,0.0,1.235,44.8,48.0,20.5,0,0,1702,2787,0,13,8420,11229,2843,30.0,13.5,20.5,0,0,0,100,29.8,20.5,0,3006,10.0,42.0,29.8,0:00:07.273298
2023-01-03 02:42:35.482892,28.8,0.0,1.235,44.8,48.0,20.5,0,0,1702,2787,0,13,8420,11229,2843,29.7,13.5,20.5,0,0,0,100,29.7,20.5,0,3006,10.0,42.0,29.7,0:00:07.225022
2023-01-03 02:43:05.684977,28.8,0.0,1.238,44.8,48.0,20.5,0,0,1702,2787,0,13,8420,11229,2843,30.1,13.5,20.5,0,0,0,100,30.0,20.5,0,3006,10.0,42.0,30.0,0:00:07.177060
2023-01-03 02:43:35.983173,28.8,0.0,1.237,44.8,48.0,20.5,0,0,1702,2787,0,13,8420,11229,2843,29.7,13.5,20.5,0,0,0,100,29.7,20.5,0,3006,10.0,42.0,29.7,0:00:07.273708
2023-01-03 02:44:06.201413,28.8,0.0,1.237,44.8,48.0,20.5,0,0,1702,2787,0,13,8420,11229,2843,29.5,13.5,20.5,0,0,0,100,29.5,20.5,0,3006,10.0,42.0,29.5,0:00:07.193642
2023-01-03 02:44:36.499547,28.8,0.0,1.237,44.8,48.0,20.5,0,0,1702,2787,0,13,8420,11229,2843,29.3,13.5,20.5,0,0,0,100,29.4,20.5,0,3006,10.0,42.0,29.4,0:00:07.274600
2023-01-03 02:45:06.717906,28.8,0.0,1.237,44.8,48.0,20.5,0,0,1702,2787,0,13,8420,11229,2843,29.8,13.5,20.5,0,0,0,100,29.9,20.5,0,3006,10.0,42.0,29.9,0:00:07.194125
2023-01-03 02:45:36.936015,28.8,0.0,1.236,44.8,48.0,20.5,0,0,1702,2787,0,13,8420,11229,2843,29.8,13.5,20.5,0,0,0,100,29.7,20.5,0,3006,10.0,42.0,29.8,0:00:07.194588
2023-01-03 02:46:07.138233,28.8,0.0,1.237,44.8,48.0,20.5,0,0,1702,2787,0,13,8420,11229,2843,29.9,13.5,20.5,0,0,0,100,29.8,20.5,0,3006,10.0,42.0,29.8,0:00:07.178505
2023-01-03 02:46:37.500309,28.8,0.0,1.235,44.8,48.0,20.5,0,0,1702,2787,0,13,8420,11229,2843,29.9,13.5,20.5,0,0,0,100,29.9,20.5,0,3006,10.0,42.0,29.8,0:00:07.337795
2023-01-03 02:47:07.734420,28.8,0.0,1.238,44.8,48.0,20.5,0,0,1702,2787,0,13,8420,11229,2843,30.3,13.5,20.5,0,0,0,100,30.3,20.5,0,3006,10.0,42.0,30.2,0:00:07.209459
2023-01-03 02:47:37.968713,28.8,0.0,1.236,44.8,48.0,20.5,0,0,1702,2787,0,13,8420,11229,2843,29.8,13.5,20.5,0,0,0,100,29.7,20.5,0,3006,10.0,42.0,29.7,0:00:07.210348
2023-01-03 02:48:08.299282,28.8,0.0,1.237,44.8,None,None,None,None,None,None,None,None,None,None,None,None,None,None,None,None,0,100,29.7,20.5,0,3006,10.0,42.0,None,0:00:07.305842
2023-01-03 02:48:38.500979,28.8,0.0,1.235,44.8,48.0,20.5,0,0,1702,2787,0,13,8420,11229,2843,29.5,13.5,20.5,0,0,0,100,29.5,20.5,0,3006,10.0,42.0,29.5,0:00:07.177078
2023-01-03 02:49:08.719327,28.8,0.0,1.236,44.8,48.0,20.5,0,0,1702,2787,0,13,8420,11229,2843,29.9,13.5,20.5,0,0,0,100,29.9,20.5,0,3006,10.0,42.0,29.8,0:00:07.193794
2023-01-03 02:49:38.937519,28.8,0.0,1.236,44.8,48.0,20.5,0,0,1702,2787,0,13,8420,11229,2843,29.5,13.5,20.5,0,0,0,100,29.5,20.5,0,3006,10.0,42.0,29.6,0:00:07.193808
2023-01-03 02:50:09.203681,28.8,0.0,1.235,44.8,48.0,20.5,0,0,1702,2787,0,13,8420,11229,2843,29.5,13.5,20.5,0,0,0,100,29.5,20.5,0,3006,10.0,42.0,29.5,0:00:07.242015
2023-01-03 02:50:39.501885,28.8,0.0,1.237,44.8,48.0,20.5,0,0,1702,2787,0,13,8420,11229,2843,30.0,13.5,20.5,0,0,0,100,30.0,20.5,0,3006,10.0,42.0,29.9,0:00:07.275194
2023-01-03 02:51:09.720091,28.8,0.0,1.237,44.8,48.0,20.5,0,0,1702,2787,0,13,8420,11229,2843,29.7,13.5,20.5,0,0,0,100,29.6,20.5,0,3006,10.0,42.0,29.6,0:00:07.193117
2023-01-03 02:51:39.938324,28.8,0.0,1.239,44.8,48.0,20.5,0,0,1702,2787,0,13,8420,11229,2843,29.4,13.5,20.5,0,0,0,100,29.3,20.5,0,3006,10.0,42.0,29.4,0:00:07.194664
2023-01-03 02:52:10.172506,28.8,0.0,1.236,44.8,48.0,20.5,0,0,1702,2787,0,13,8420,11229,2843,29.4,13.5,20.5,0,0,0,100,29.4,20.5,0,3006,10.0,42.0,29.4,0:00:07.210451
2023-01-03 02:52:40.486692,28.8,0.0,1.236,44.8,48.0,20.5,0,0,1702,2787,0,13,8420,11229,2843,29.6,13.5,20.5,0,0,0,100,29.6,20.5,0,3006,10.0,42.0,29.7,0:00:07.290119
2023-01-03 02:53:10.736854,28.7,0.0,1.237,44.8,48.0,20.5,0,0,1702,2787,0,13,8420,11229,2843,29.6,13.5,20.5,0,0,0,100,29.7,20.5,0,3006,10.0,42.0,29.7,0:00:07.225962
2023-01-03 02:53:40.938929,28.8,0.0,1.237,44.8,48.0,20.5,0,0,1702,2787,0,13,8420,11229,2843,29.5,13.5,20.5,0,0,0,100,29.6,20.5,0,3006,10.0,42.0,29.7,0:00:07.177267
2023-01-03 02:54:11.221013,28.8,0.0,1.237,44.8,48.0,20.5,0,0,1702,2787,0,13,8420,11229,2843,30.0,13.5,20.5,0,0,0,100,29.9,20.5,0,3006,10.0,42.0,29.9,0:00:07.258220
2023-01-03 02:54:41.502996,28.8,0.0,1.237,44.8,48.0,20.5,0,0,1702,2787,0,13,8420,11229,2843,29.4,13.5,20.5,0,0,0,100,29.4,20.5,0,3006,10.0,42.0,29.3,0:00:07.256984
2023-01-03 02:55:11.865022,28.7,0.0,1.239,44.8,48.0,20.5,0,0,1702,2787,0,13,8420,11229,2843,29.5,13.5,20.5,0,0,0,100,29.5,20.5,0,3006,9.9,42.0,29.5,0:00:07.336983
2023-01-03 02:55:42.179183,28.8,0.0,1.236,44.8,48.0,20.5,0,0,1702,2787,0,13,8420,11229,2843,29.8,13.5,20.5,0,0,0,100,29.9,20.5,0,3006,9.9,42.0,29.9,0:00:07.293981
2023-01-03 02:56:12.205301,28.8,0.0,1.236,44.8,48.0,20.5,0,0,1702,2787,0,13,8420,11229,2843,30.0,13.5,20.5,0,0,0,100,30.2,20.5,0,3006,9.9,42.0,30.1,0:00:07.001127
2023-01-03 02:56:42.487268,28.8,0.0,1.236,44.8,48.0,20.5,0,0,1702,2787,0,13,8420,11229,2843,29.6,13.5,20.5,0,0,0,100,29.6,20.5,0,3006,9.9,42.0,29.6,0:00:07.257194
2023-01-03 02:57:12.721526,28.8,0.0,1.237,44.8,48.0,20.5,0,0,1702,2787,0,13,8420,11229,2843,29.4,13.5,20.5,0,0,0,100,29.4,20.5,0,3006,9.9,42.0,29.4,0:00:07.209255
2023-01-03 02:57:43.003207,28.7,0.0,1.237,44.8,48.0,20.5,0,0,1702,2787,0,13,8420,11229,2843,29.5,13.5,20.5,0,0,0,100,29.5,20.5,0,3006,9.9,42.0,29.5,0:00:07.256846
2023-01-03 02:58:13.189282,28.7,0.0,1.238,44.8,48.0,20.5,0,0,1702,2787,0,13,8420,11229,2843,29.8,13.5,20.5,0,0,0,100,29.8,20.5,0,3006,9.9,42.0,29.7,0:00:07.161173
2023-01-03 02:58:43.519137,28.7,0.0,1.234,44.8,48.0,20.5,0,0,1702,2787,0,13,8420,11229,2843,30.0,13.5,20.5,0,0,0,100,29.9,20.5,0,3006,9.9,42.0,29.9,0:00:07.304856
2023-01-03 02:59:13.736436,28.7,0.0,1.236,44.8,48.0,20.5,0,0,1702,2787,0,13,8420,11229,2843,29.5,13.5,20.5,0,0,0,100,29.5,20.5,0,3006,9.9,42.0,29.5,0:00:07.192956
2023-01-03 02:59:43.954308,28.7,0.0,1.237,44.8,48.0,20.5,0,0,1702,2787,0,13,8420,11229,2843,29.6,13.5,20.5,0,0,0,100,29.7,20.5,0,3006,9.9,42.0,29.8,0:00:07.193425
2023-01-03 03:00:14.172376,28.7,0.0,1.236,44.8,48.0,20.5,0,0,1702,2787,0,13,8420,11229,2843,29.6,13.5,20.5,0,0,0,100,29.6,20.5,0,3006,9.9,42.0,29.6,0:00:07.193519
2023-01-03 03:00:44.486388,28.7,0.0,1.237,44.8,48.0,20.5,0,0,1702,2787,0,13,8420,11229,2843,29.5,13.5,20.5,0,0,0,100,29.5,20.5,0,3006,9.9,42.0,29.5,0:00:07.289043
2023-01-03 03:01:14.736267,28.7,0.0,1.237,44.8,48.0,20.5,0,0,1702,2787,0,13,8420,11229,2843,29.7,13.5,20.5,0,0,0,100,29.7,20.5,0,3006,9.9,42.0,29.9,0:00:07.224812
2023-01-03 03:01:44.938249,28.7,0.0,1.24,44.8,48.0,20.5,0,0,1702,2787,0,13,8420,11229,2843,29.4,13.5,20.5,0,0,0,100,29.3,20.5,0,3006,9.9,42.0,29.3,0:00:07.177103
2023-01-03 03:02:15.172214,28.7,0.0,1.236,44.8,48.0,20.5,0,0,1702,2787,0,13,8420,11229,2843,29.3,13.5,20.5,0,0,0,100,29.4,20.5,0,3006,9.9,42.0,29.3,0:00:07.209919
2023-01-03 03:02:45.486085,28.7,0.0,1.237,44.8,48.0,20.5,0,0,1702,2787,0,13,8420,11229,2843,29.2,13.5,20.5,0,0,0,100,29.2,20.5,0,3006,9.9,42.0,29.3,0:00:07.288860
2023-01-03 03:03:15.703727,28.7,0.0,1.237,44.8,48.0,20.5,0,0,1702,2787,0,13,8420,11229,2843,29.2,13.5,20.5,0,0,0,100,29.2,20.5,0,3006,9.9,42.0,29.3,0:00:07.192659
2023-01-03 03:03:45.985812,28.7,0.0,1.236,44.8,48.0,20.5,0,0,1702,2787,0,13,8420,11229,2843,29.4,13.5,20.5,0,0,0,100,29.4,20.5,0,3006,9.9,42.0,29.3,0:00:07.257575